id,url_id,user_id,event_type,timestamp,details
1,1,1,created,2025-06-21 20:20:35,"{""short_code"":""TIjekh"",""original_url"":""https://relay.cloud/quiet/orbit/1""}"
2,2,106,created,2025-01-22 08:44:58,"{""short_code"":""2Aou6Q"",""original_url"":""https://relay.cloud/cobalt/zenith/2""}"
3,3,330,created,2026-01-04 05:20:08,"{""short_code"":""WRvTlO"",""original_url"":""https://example.com/navy/window/3""}"
4,4,194,created,2025-09-19 10:24:58,"{""short_code"":""noW3mf"",""original_url"":""https://acme.dev/amber/lagoon/4""}"
5,5,98,created,2026-01-15 04:02:08,"{""short_code"":""nCH19h"",""original_url"":""https://acme.dev/urban/valley/5""}"
6,6,165,created,2025-08-12 16:32:53,"{""short_code"":""TjY9YA"",""original_url"":""https://acme.dev/jade/orbit/6""}"
7,7,288,created,2025-12-11 02:31:35,"{""short_code"":""hP4WQX"",""original_url"":""https://acme.dev/rapid/river/7""}"
8,8,397,created,2025-03-30 12:50:58,"{""short_code"":""5EkCSx"",""original_url"":""https://relay.cloud/tidy/anchor/8""}"
9,9,329,created,2025-09-16 05:34:41,"{""short_code"":""Z7VWMk"",""original_url"":""https://relay.cloud/young/window/9""}"
10,10,249,created,2025-12-19 00:46:28,"{""short_code"":""IlkcCV"",""original_url"":""https://acme.dev/ember/window/10""}"
11,11,193,created,2025-03-31 07:47:55,"{""short_code"":""7nAyG5"",""original_url"":""https://relay.cloud/lively/delta/11""}"
12,12,70,created,2025-05-23 00:55:37,"{""short_code"":""PNlub9"",""original_url"":""https://hackstack.io/proud/delta/12""}"
13,13,233,created,2025-06-18 16:59:18,"{""short_code"":""CfYUPx"",""original_url"":""https://example.com/cobalt/meadow/13""}"
14,14,170,created,2025-07-05 07:53:58,"{""short_code"":""uhHUVY"",""original_url"":""https://example.com/clear/signal/14""}"
15,15,347,created,2025-10-14 09:08:47,"{""short_code"":""jKeGes"",""original_url"":""https://hackstack.io/harbor/window/15""}"
16,16,354,created,2025-03-30 11:40:13,"{""short_code"":""ID13lz"",""original_url"":""https://seeded.app/navy/island/16""}"
17,17,40,created,2025-08-19 20:11:42,"{""short_code"":""gVoj0E"",""original_url"":""https://acme.dev/forest/journey/17""}"
18,18,65,created,2025-07-18 02:57:12,"{""short_code"":""NYX5uz"",""original_url"":""https://relay.cloud/amber/harvest/18""}"
19,19,386,created,2025-03-11 19:21:25,"{""short_code"":""mRGIXO"",""original_url"":""https://acme.dev/young/kernel/19""}"
20,20,116,created,2025-12-22 09:35:50,"{""short_code"":""Etfc01"",""original_url"":""https://hackstack.io/rapid/engine/20""}"
21,21,310,created,2025-07-12 08:52:40,"{""short_code"":""Qiq5eJ"",""original_url"":""https://relay.cloud/urban/engine/21""}"
22,22,231,created,2025-12-27 14:23:46,"{""short_code"":""pMm6M8"",""original_url"":""https://relay.cloud/forest/pioneer/22""}"
23,23,111,created,2025-06-29 11:04:44,"{""short_code"":""R0wS2f"",""original_url"":""https://hackstack.io/vivid/yard/23""}"
24,24,110,created,2026-01-22 07:12:55,"{""short_code"":""CmhoHy"",""original_url"":""https://acme.dev/mellow/orbit/24""}"
25,25,184,created,2025-07-16 18:22:03,"{""short_code"":""C9lHbG"",""original_url"":""https://acme.dev/calm/garden/25""}"
26,26,243,created,2025-08-25 22:19:31,"{""short_code"":""gCj2dq"",""original_url"":""https://example.com/mellow/lagoon/26""}"
27,27,326,created,2025-06-08 05:14:34,"{""short_code"":""Fx3v8F"",""original_url"":""https://hackstack.io/cobalt/beacon/27""}"
28,28,191,created,2025-05-15 17:10:06,"{""short_code"":""y6JQZR"",""original_url"":""https://example.com/young/delta/28""}"
29,29,181,created,2025-09-23 23:34:44,"{""short_code"":""TaqXCm"",""original_url"":""https://example.com/rapid/garden/29""}"
30,30,293,created,2025-01-16 18:48:23,"{""short_code"":""W1WzMk"",""original_url"":""https://relay.cloud/mellow/yard/30""}"
31,31,208,created,2025-10-14 14:06:03,"{""short_code"":""Jr6Dtf"",""original_url"":""https://relay.cloud/warm/orbit/31""}"
32,32,179,created,2025-02-13 17:04:56,"{""short_code"":""bFSgAE"",""original_url"":""https://example.com/amber/orbit/32""}"
33,33,170,created,2025-02-18 17:15:20,"{""short_code"":""nw53HU"",""original_url"":""https://relay.cloud/silver/anchor/33""}"
34,34,247,created,2025-05-09 18:15:48,"{""short_code"":""nEp1fb"",""original_url"":""https://seeded.app/clear/meadow/34""}"
35,35,189,created,2025-07-14 22:32:03,"{""short_code"":""FihugI"",""original_url"":""https://acme.dev/brisk/journey/35""}"
36,36,167,created,2025-09-02 07:07:42,"{""short_code"":""5qaE8r"",""original_url"":""https://hackstack.io/clear/anchor/36""}"
37,37,236,created,2025-12-26 23:14:57,"{""short_code"":""c6jFpS"",""original_url"":""https://example.com/forest/garden/37""}"
38,38,390,created,2025-07-07 15:49:17,"{""short_code"":""XppBd4"",""original_url"":""https://acme.dev/silver/window/38""}"
39,39,172,created,2025-08-09 03:05:55,"{""short_code"":""lPvdPF"",""original_url"":""https://seeded.app/amber/island/39""}"
40,40,12,created,2025-06-15 07:45:18,"{""short_code"":""hDZYLh"",""original_url"":""https://example.com/jade/anchor/40""}"
41,41,161,created,2025-11-18 16:32:06,"{""short_code"":""Ld1Bd3"",""original_url"":""https://seeded.app/clear/trail/41""}"
42,42,241,created,2026-02-05 02:01:06,"{""short_code"":""DiE141"",""original_url"":""https://hackstack.io/silver/anchor/42""}"
43,43,352,created,2025-11-09 06:48:52,"{""short_code"":""9UhAwr"",""original_url"":""https://acme.dev/quiet/canyon/43""}"
44,44,14,created,2025-12-19 00:01:30,"{""short_code"":""KeWBfx"",""original_url"":""https://acme.dev/tidy/quartz/44""}"
45,45,87,created,2026-01-24 17:23:24,"{""short_code"":""x3eGYC"",""original_url"":""https://relay.cloud/warm/valley/45""}"
46,46,296,created,2025-06-04 15:29:42,"{""short_code"":""MEI15H"",""original_url"":""https://relay.cloud/lively/river/46""}"
47,47,346,created,2025-12-16 08:55:42,"{""short_code"":""O2ipFz"",""original_url"":""https://example.com/mellow/river/47""}"
48,48,101,created,2025-12-23 15:05:33,"{""short_code"":""GCZlcr"",""original_url"":""https://seeded.app/silver/uplink/48""}"
49,49,347,created,2025-12-24 16:18:31,"{""short_code"":""t1FjKv"",""original_url"":""https://acme.dev/forest/trail/49""}"
50,50,108,created,2025-06-21 12:15:56,"{""short_code"":""LcC0Yz"",""original_url"":""https://example.com/dawn/engine/50""}"
51,51,164,created,2025-07-28 15:45:11,"{""short_code"":""EAlMHL"",""original_url"":""https://example.com/rapid/uplink/51""}"
52,52,249,created,2025-01-24 06:54:18,"{""short_code"":""GH7iB1"",""original_url"":""https://example.com/urban/signal/52""}"
53,53,231,created,2025-02-12 15:43:56,"{""short_code"":""LA88VB"",""original_url"":""https://seeded.app/gold/pioneer/53""}"
54,54,99,created,2025-10-17 01:31:51,"{""short_code"":""azapwY"",""original_url"":""https://relay.cloud/keen/valley/54""}"
55,55,337,created,2025-06-15 15:19:56,"{""short_code"":""Svq0Yo"",""original_url"":""https://example.com/brisk/engine/55""}"
56,56,222,created,2025-01-26 04:07:26,"{""short_code"":""IYKwse"",""original_url"":""https://acme.dev/cobalt/zenith/56""}"
57,57,108,created,2025-02-14 18:16:56,"{""short_code"":""UsjFCo"",""original_url"":""https://seeded.app/ember/quartz/57""}"
58,58,126,created,2025-01-03 00:55:17,"{""short_code"":""EYPd0O"",""original_url"":""https://example.com/clear/kernel/58""}"
59,59,55,created,2025-05-05 16:32:15,"{""short_code"":""J8WFju"",""original_url"":""https://example.com/lively/engine/59""}"
60,60,23,created,2025-08-14 15:53:19,"{""short_code"":""Hlzy4a"",""original_url"":""https://seeded.app/young/journey/60""}"
61,61,249,created,2026-01-30 11:27:04,"{""short_code"":""BR6WCU"",""original_url"":""https://seeded.app/tidy/garden/61""}"
62,62,213,created,2025-03-10 02:58:25,"{""short_code"":""S7UlYU"",""original_url"":""https://hackstack.io/ember/window/62""}"
63,63,343,created,2025-05-15 14:29:05,"{""short_code"":""0tsSfi"",""original_url"":""https://seeded.app/cobalt/river/63""}"
64,64,40,created,2025-07-12 09:15:46,"{""short_code"":""LvVOHZ"",""original_url"":""https://example.com/amber/uplink/64""}"
65,65,202,created,2025-07-16 21:21:13,"{""short_code"":""PoRLEN"",""original_url"":""https://example.com/silver/orbit/65""}"
66,66,60,created,2025-09-22 17:30:30,"{""short_code"":""5m1srL"",""original_url"":""https://acme.dev/opal/pioneer/66""}"
67,67,372,created,2025-09-30 05:28:38,"{""short_code"":""eyMUts"",""original_url"":""https://seeded.app/ember/signal/67""}"
68,68,219,created,2025-10-01 21:34:02,"{""short_code"":""0ogqJY"",""original_url"":""https://opswise.net/lively/engine/68""}"
69,69,238,created,2026-02-17 12:06:49,"{""short_code"":""gKkNfG"",""original_url"":""https://acme.dev/opal/harvest/69""}"
70,70,16,created,2025-07-26 02:50:49,"{""short_code"":""j27N5C"",""original_url"":""https://relay.cloud/jade/delta/70""}"
71,71,123,created,2025-04-18 05:24:58,"{""short_code"":""1QwuDf"",""original_url"":""https://opswise.net/silver/harvest/71""}"
72,72,350,created,2025-03-30 10:14:35,"{""short_code"":""nVu5KM"",""original_url"":""https://relay.cloud/young/lagoon/72""}"
73,73,90,created,2025-05-24 23:39:09,"{""short_code"":""k4trrl"",""original_url"":""https://example.com/cobalt/uplink/73""}"
74,74,263,created,2025-07-13 22:21:02,"{""short_code"":""VP89JA"",""original_url"":""https://opswise.net/brisk/anchor/74""}"
75,75,283,created,2025-05-01 16:54:16,"{""short_code"":""xNa25M"",""original_url"":""https://acme.dev/tidy/harvest/75""}"
76,76,31,created,2025-05-10 23:07:19,"{""short_code"":""5rkYMK"",""original_url"":""https://seeded.app/vivid/delta/76""}"
77,77,361,created,2025-04-05 07:23:40,"{""short_code"":""1QH9aR"",""original_url"":""https://relay.cloud/dawn/window/77""}"
78,78,67,created,2025-11-01 01:52:34,"{""short_code"":""Q3Lutt"",""original_url"":""https://acme.dev/clear/engine/78""}"
79,79,296,created,2025-10-27 20:50:07,"{""short_code"":""bB23ov"",""original_url"":""https://seeded.app/young/delta/79""}"
80,80,269,created,2025-06-07 03:33:01,"{""short_code"":""vyPBCV"",""original_url"":""https://relay.cloud/young/engine/80""}"
81,81,324,created,2025-06-03 12:21:49,"{""short_code"":""AUbZ1I"",""original_url"":""https://opswise.net/calm/anchor/81""}"
82,82,117,created,2025-11-23 17:25:02,"{""short_code"":""FZIXuU"",""original_url"":""https://opswise.net/brisk/trail/82""}"
83,83,196,created,2025-02-17 11:17:59,"{""short_code"":""ghcjhC"",""original_url"":""https://relay.cloud/cobalt/river/83""}"
84,84,23,created,2026-02-10 23:30:40,"{""short_code"":""ojykBm"",""original_url"":""https://example.com/urban/uplink/84""}"
85,85,363,created,2026-01-10 14:21:40,"{""short_code"":""6J3RLM"",""original_url"":""https://hackstack.io/ember/anchor/85""}"
86,86,126,created,2026-02-11 07:34:56,"{""short_code"":""Xbv2FG"",""original_url"":""https://relay.cloud/dawn/pioneer/86""}"
87,87,294,created,2025-06-04 04:02:05,"{""short_code"":""cAgPsf"",""original_url"":""https://example.com/proud/canyon/87""}"
88,88,146,created,2025-08-05 02:59:08,"{""short_code"":""QJFaE5"",""original_url"":""https://hackstack.io/ivory/pioneer/88""}"
89,89,229,created,2025-06-02 06:27:15,"{""short_code"":""bWA8b6"",""original_url"":""https://seeded.app/brisk/lagoon/89""}"
90,90,207,created,2025-11-19 11:03:38,"{""short_code"":""kKNcQv"",""original_url"":""https://opswise.net/keen/orbit/90""}"
91,91,15,created,2025-10-23 20:22:18,"{""short_code"":""xXX546"",""original_url"":""https://relay.cloud/calm/window/91""}"
92,92,65,created,2025-12-18 22:03:02,"{""short_code"":""lH0GOw"",""original_url"":""https://relay.cloud/proud/orbit/92""}"
93,93,152,created,2025-11-18 01:54:17,"{""short_code"":""GQjSqA"",""original_url"":""https://opswise.net/young/zenith/93""}"
94,94,285,created,2025-04-08 06:18:08,"{""short_code"":""JOZpbJ"",""original_url"":""https://hackstack.io/vivid/signal/94""}"
95,95,59,created,2025-09-30 05:54:11,"{""short_code"":""vt8NFZ"",""original_url"":""https://seeded.app/brisk/delta/95""}"
96,96,4,created,2025-08-12 10:27:58,"{""short_code"":""4wTlZb"",""original_url"":""https://relay.cloud/tidy/canyon/96""}"
97,97,309,created,2025-06-14 20:15:14,"{""short_code"":""uRruBd"",""original_url"":""https://opswise.net/cobalt/meadow/97""}"
98,98,282,created,2025-07-04 11:43:52,"{""short_code"":""YrRZLA"",""original_url"":""https://seeded.app/keen/beacon/98""}"
99,99,54,created,2025-02-27 12:53:38,"{""short_code"":""as77So"",""original_url"":""https://relay.cloud/rapid/meadow/99""}"
100,100,211,created,2025-04-20 16:14:41,"{""short_code"":""M2URdq"",""original_url"":""https://hackstack.io/cobalt/window/100""}"
101,101,279,created,2025-03-05 07:42:47,"{""short_code"":""3Z1K78"",""original_url"":""https://seeded.app/jade/orbit/101""}"
102,102,376,created,2025-12-22 23:18:17,"{""short_code"":""8tCM37"",""original_url"":""https://hackstack.io/lively/kernel/102""}"
103,103,247,created,2025-01-30 23:59:09,"{""short_code"":""2S6EIt"",""original_url"":""https://hackstack.io/calm/trail/103""}"
104,104,51,created,2026-01-20 16:57:56,"{""short_code"":""TeyF33"",""original_url"":""https://example.com/ivory/uplink/104""}"
105,105,182,created,2025-10-15 10:43:53,"{""short_code"":""VvMUYp"",""original_url"":""https://hackstack.io/lively/garden/105""}"
106,106,262,created,2025-07-27 09:08:37,"{""short_code"":""qefxPl"",""original_url"":""https://relay.cloud/tidy/meadow/106""}"
107,107,62,created,2026-01-15 20:28:27,"{""short_code"":""Es9Pmy"",""original_url"":""https://example.com/rapid/river/107""}"
108,108,310,created,2026-01-08 14:11:54,"{""short_code"":""GzR4Xf"",""original_url"":""https://relay.cloud/proud/journey/108""}"
109,109,373,created,2025-03-05 18:50:28,"{""short_code"":""3Zmndk"",""original_url"":""https://relay.cloud/silver/field/109""}"
110,110,339,created,2025-02-07 05:55:42,"{""short_code"":""6R4dM8"",""original_url"":""https://example.com/quiet/delta/110""}"
111,111,248,created,2025-10-25 00:16:09,"{""short_code"":""QG0tTL"",""original_url"":""https://acme.dev/dawn/delta/111""}"
112,112,389,created,2025-11-08 00:46:12,"{""short_code"":""nQk9CB"",""original_url"":""https://seeded.app/calm/garden/112""}"
113,113,77,created,2025-07-18 19:05:43,"{""short_code"":""jMWayQ"",""original_url"":""https://hackstack.io/opal/yard/113""}"
114,114,37,created,2025-11-11 11:19:47,"{""short_code"":""Rbb6ex"",""original_url"":""https://seeded.app/dawn/beacon/114""}"
115,115,218,created,2025-05-30 10:38:18,"{""short_code"":""PvEmld"",""original_url"":""https://acme.dev/jade/engine/115""}"
116,116,171,created,2025-06-09 17:27:33,"{""short_code"":""kdXihG"",""original_url"":""https://opswise.net/lively/window/116""}"
117,117,3,created,2025-06-14 12:08:04,"{""short_code"":""SR12de"",""original_url"":""https://example.com/proud/island/117""}"
118,118,27,created,2025-11-21 20:27:06,"{""short_code"":""hYExxC"",""original_url"":""https://example.com/vivid/zenith/118""}"
119,119,191,created,2025-03-22 05:49:10,"{""short_code"":""DZrZ53"",""original_url"":""https://relay.cloud/urban/river/119""}"
120,120,111,created,2025-03-06 14:34:36,"{""short_code"":""eQcstJ"",""original_url"":""https://seeded.app/ivory/uplink/120""}"
121,121,65,created,2025-04-21 18:20:24,"{""short_code"":""Eb1Gjm"",""original_url"":""https://example.com/silver/river/121""}"
122,122,19,created,2026-01-01 02:47:33,"{""short_code"":""7tKKmM"",""original_url"":""https://example.com/opal/valley/122""}"
123,123,169,created,2025-05-03 12:35:01,"{""short_code"":""ZEWqt5"",""original_url"":""https://example.com/quiet/orbit/123""}"
124,124,315,created,2025-11-09 01:53:03,"{""short_code"":""a3ZhnA"",""original_url"":""https://relay.cloud/warm/quartz/124""}"
125,125,280,created,2025-10-12 03:46:17,"{""short_code"":""20qhaK"",""original_url"":""https://relay.cloud/silver/zenith/125""}"
126,126,28,created,2025-11-11 07:20:09,"{""short_code"":""eZb9Ve"",""original_url"":""https://seeded.app/lively/beacon/126""}"
127,127,133,created,2025-12-09 01:36:59,"{""short_code"":""G9ubo4"",""original_url"":""https://seeded.app/cobalt/zenith/127""}"
128,128,18,created,2025-01-06 15:35:37,"{""short_code"":""5SM8lD"",""original_url"":""https://acme.dev/calm/river/128""}"
129,129,294,created,2025-08-24 05:32:10,"{""short_code"":""4hwInB"",""original_url"":""https://acme.dev/urban/delta/129""}"
130,130,247,created,2025-11-19 16:46:20,"{""short_code"":""u3SR28"",""original_url"":""https://opswise.net/dawn/delta/130""}"
131,131,61,created,2026-01-14 13:44:33,"{""short_code"":""w5woz4"",""original_url"":""https://hackstack.io/quiet/valley/131""}"
132,132,254,created,2026-02-19 06:57:17,"{""short_code"":""xbmYap"",""original_url"":""https://hackstack.io/warm/journey/132""}"
133,133,188,created,2025-05-23 14:23:23,"{""short_code"":""ul29nH"",""original_url"":""https://seeded.app/harbor/harvest/133""}"
134,134,116,created,2025-03-08 22:13:44,"{""short_code"":""IBctEw"",""original_url"":""https://seeded.app/jade/harvest/134""}"
135,135,80,created,2025-07-28 13:07:09,"{""short_code"":""XndgAx"",""original_url"":""https://opswise.net/cobalt/quartz/135""}"
136,136,82,created,2026-01-08 06:46:11,"{""short_code"":""KmEUmB"",""original_url"":""https://opswise.net/cobalt/engine/136""}"
137,137,28,created,2025-03-25 04:12:28,"{""short_code"":""3lfPFb"",""original_url"":""https://opswise.net/young/engine/137""}"
138,138,247,created,2025-05-21 23:51:43,"{""short_code"":""8MAlHG"",""original_url"":""https://example.com/tidy/kernel/138""}"
139,139,293,created,2026-01-25 13:12:23,"{""short_code"":""gEaZwg"",""original_url"":""https://example.com/lively/delta/139""}"
140,140,272,created,2025-06-23 01:33:10,"{""short_code"":""BkaMCQ"",""original_url"":""https://relay.cloud/keen/field/140""}"
141,141,302,created,2026-01-16 05:00:23,"{""short_code"":""JVhmrQ"",""original_url"":""https://seeded.app/jade/island/141""}"
142,142,52,created,2025-12-19 18:27:11,"{""short_code"":""wJ9ysM"",""original_url"":""https://example.com/clear/signal/142""}"
143,143,217,created,2025-02-01 21:15:27,"{""short_code"":""O03iQ5"",""original_url"":""https://seeded.app/harbor/trail/143""}"
144,144,166,created,2025-11-19 03:27:51,"{""short_code"":""GiBqxd"",""original_url"":""https://relay.cloud/calm/river/144""}"
145,145,32,created,2025-03-07 02:27:16,"{""short_code"":""PwaNtT"",""original_url"":""https://opswise.net/quiet/network/145""}"
146,146,98,created,2025-02-16 02:40:30,"{""short_code"":""OfK61Q"",""original_url"":""https://relay.cloud/proud/canyon/146""}"
147,147,129,created,2025-07-10 20:12:04,"{""short_code"":""qwcC1u"",""original_url"":""https://example.com/gold/trail/147""}"
148,148,309,created,2025-08-29 09:30:27,"{""short_code"":""aYT03q"",""original_url"":""https://example.com/ember/zenith/148""}"
149,149,130,created,2025-01-03 05:17:11,"{""short_code"":""GqYEZ4"",""original_url"":""https://example.com/young/meadow/149""}"
150,150,92,created,2025-04-30 01:06:14,"{""short_code"":""okIgUX"",""original_url"":""https://hackstack.io/silver/quartz/150""}"
151,151,123,created,2025-07-15 19:37:53,"{""short_code"":""lPc1YT"",""original_url"":""https://seeded.app/forest/signal/151""}"
152,152,57,created,2025-11-05 04:05:14,"{""short_code"":""y6wNMU"",""original_url"":""https://example.com/harbor/network/152""}"
153,153,7,created,2026-01-03 06:28:49,"{""short_code"":""tLkGFj"",""original_url"":""https://acme.dev/quiet/quartz/153""}"
154,154,95,created,2025-08-12 01:58:14,"{""short_code"":""ubzWtE"",""original_url"":""https://example.com/keen/network/154""}"
155,155,119,created,2025-12-13 18:22:12,"{""short_code"":""XMbWI7"",""original_url"":""https://opswise.net/ivory/zenith/155""}"
156,156,146,created,2025-04-14 11:38:43,"{""short_code"":""ooXoRy"",""original_url"":""https://hackstack.io/ember/island/156""}"
157,157,50,created,2025-12-06 03:33:34,"{""short_code"":""dKzbHC"",""original_url"":""https://example.com/navy/lagoon/157""}"
158,158,219,created,2025-07-29 20:55:28,"{""short_code"":""wmBsc1"",""original_url"":""https://seeded.app/mellow/zenith/158""}"
159,159,175,created,2025-09-14 00:32:31,"{""short_code"":""yLQsQv"",""original_url"":""https://acme.dev/amber/network/159""}"
160,160,375,created,2025-10-12 07:19:18,"{""short_code"":""AgTWIP"",""original_url"":""https://hackstack.io/navy/valley/160""}"
161,161,199,created,2025-12-24 22:53:12,"{""short_code"":""8vraFS"",""original_url"":""https://relay.cloud/ember/lagoon/161""}"
162,162,222,created,2025-06-07 11:06:12,"{""short_code"":""9CtvM8"",""original_url"":""https://hackstack.io/silver/network/162""}"
163,163,8,created,2025-02-17 15:47:47,"{""short_code"":""oHFvTE"",""original_url"":""https://hackstack.io/dawn/harvest/163""}"
164,164,128,created,2025-09-25 08:26:18,"{""short_code"":""5dKXj5"",""original_url"":""https://opswise.net/mellow/zenith/164""}"
165,165,54,created,2025-11-05 19:00:41,"{""short_code"":""ijUsMG"",""original_url"":""https://example.com/calm/zenith/165""}"
166,166,22,created,2025-09-03 02:08:13,"{""short_code"":""vsX88R"",""original_url"":""https://relay.cloud/young/kernel/166""}"
167,167,200,created,2025-01-07 15:09:11,"{""short_code"":""FTQjdx"",""original_url"":""https://seeded.app/rapid/pioneer/167""}"
168,168,151,created,2025-10-23 01:49:26,"{""short_code"":""kYkH5T"",""original_url"":""https://relay.cloud/navy/window/168""}"
169,169,253,created,2026-01-27 16:19:25,"{""short_code"":""tsEyUP"",""original_url"":""https://hackstack.io/amber/uplink/169""}"
170,170,95,created,2025-11-28 00:49:22,"{""short_code"":""weFRQn"",""original_url"":""https://relay.cloud/quiet/signal/170""}"
171,171,287,created,2025-06-03 11:32:05,"{""short_code"":""JIBLg9"",""original_url"":""https://seeded.app/navy/yard/171""}"
172,172,207,created,2025-03-07 15:21:02,"{""short_code"":""rwJTzI"",""original_url"":""https://seeded.app/vivid/engine/172""}"
173,173,269,created,2025-07-17 20:26:19,"{""short_code"":""Qr1qQD"",""original_url"":""https://acme.dev/gold/pioneer/173""}"
174,174,241,created,2025-02-05 17:14:52,"{""short_code"":""bBIkNS"",""original_url"":""https://acme.dev/opal/window/174""}"
175,175,198,created,2025-02-17 00:57:02,"{""short_code"":""PjxuPV"",""original_url"":""https://example.com/urban/window/175""}"
176,176,93,created,2025-04-17 13:57:07,"{""short_code"":""VWbJgT"",""original_url"":""https://hackstack.io/proud/signal/176""}"
177,177,171,created,2025-02-27 05:28:51,"{""short_code"":""Cm7i8L"",""original_url"":""https://acme.dev/clear/island/177""}"
178,178,24,created,2025-09-10 06:54:50,"{""short_code"":""xbFIQ4"",""original_url"":""https://relay.cloud/rapid/quartz/178""}"
179,179,174,created,2025-08-13 19:24:53,"{""short_code"":""z5XdBu"",""original_url"":""https://seeded.app/jade/trail/179""}"
180,180,144,created,2025-09-30 22:09:20,"{""short_code"":""xHchrc"",""original_url"":""https://seeded.app/ember/journey/180""}"
181,181,233,created,2025-07-30 01:25:43,"{""short_code"":""7uIQI1"",""original_url"":""https://hackstack.io/vivid/uplink/181""}"
182,182,257,created,2025-03-20 03:42:02,"{""short_code"":""NdaJ1W"",""original_url"":""https://opswise.net/lively/signal/182""}"
183,183,98,created,2025-01-18 15:32:20,"{""short_code"":""XEKrgA"",""original_url"":""https://opswise.net/quiet/network/183""}"
184,184,398,created,2025-04-11 20:21:27,"{""short_code"":""T9fHb0"",""original_url"":""https://example.com/young/lagoon/184""}"
185,185,371,created,2025-12-27 09:00:00,"{""short_code"":""l4zwp8"",""original_url"":""https://acme.dev/ember/engine/185""}"
186,186,65,created,2025-02-28 04:47:43,"{""short_code"":""hCGoWF"",""original_url"":""https://hackstack.io/cobalt/harvest/186""}"
187,187,164,created,2025-08-29 16:11:58,"{""short_code"":""BUaLrf"",""original_url"":""https://opswise.net/dawn/beacon/187""}"
188,188,1,created,2025-10-13 00:57:57,"{""short_code"":""1AOZo0"",""original_url"":""https://hackstack.io/cobalt/engine/188""}"
189,189,121,created,2025-02-12 16:44:45,"{""short_code"":""BWI2a9"",""original_url"":""https://relay.cloud/brisk/meadow/189""}"
190,190,127,created,2026-01-26 22:17:17,"{""short_code"":""5yt0Cr"",""original_url"":""https://acme.dev/rapid/orbit/190""}"
191,191,336,created,2025-09-01 03:20:30,"{""short_code"":""u2Pl0U"",""original_url"":""https://opswise.net/calm/zenith/191""}"
192,192,388,created,2025-06-21 12:15:27,"{""short_code"":""8iz27y"",""original_url"":""https://acme.dev/clear/quartz/192""}"
193,193,378,created,2025-06-13 20:11:56,"{""short_code"":""P9ZIdM"",""original_url"":""https://example.com/forest/island/193""}"
194,194,89,created,2026-02-08 13:55:01,"{""short_code"":""CuB2BP"",""original_url"":""https://acme.dev/young/meadow/194""}"
195,195,349,created,2025-07-06 18:59:00,"{""short_code"":""iA0Nok"",""original_url"":""https://opswise.net/dawn/zenith/195""}"
196,196,296,created,2025-10-18 16:17:47,"{""short_code"":""7neaAl"",""original_url"":""https://acme.dev/mellow/network/196""}"
197,197,311,created,2025-05-13 09:43:23,"{""short_code"":""iFHAS5"",""original_url"":""https://example.com/clear/engine/197""}"
198,198,31,created,2025-07-14 02:39:55,"{""short_code"":""Xpl6Lv"",""original_url"":""https://acme.dev/opal/yard/198""}"
199,199,140,created,2025-04-27 17:15:19,"{""short_code"":""d8Ld5H"",""original_url"":""https://example.com/dawn/kernel/199""}"
200,200,357,created,2026-01-25 22:42:04,"{""short_code"":""Zqoa6O"",""original_url"":""https://example.com/harbor/garden/200""}"
201,201,301,created,2026-01-27 06:31:27,"{""short_code"":""BW3W2o"",""original_url"":""https://example.com/navy/engine/201""}"
202,202,65,created,2025-07-03 13:34:19,"{""short_code"":""SDbQZl"",""original_url"":""https://acme.dev/forest/canyon/202""}"
203,203,59,created,2026-01-04 00:43:42,"{""short_code"":""Et9YYW"",""original_url"":""https://example.com/navy/network/203""}"
204,204,144,created,2025-05-16 14:35:57,"{""short_code"":""9wqD6t"",""original_url"":""https://seeded.app/navy/lagoon/204""}"
205,205,140,created,2025-07-12 19:16:48,"{""short_code"":""8j4cMP"",""original_url"":""https://relay.cloud/dawn/meadow/205""}"
206,206,246,created,2025-09-01 02:05:02,"{""short_code"":""Wjtlbf"",""original_url"":""https://example.com/navy/valley/206""}"
207,207,2,created,2025-10-20 10:20:17,"{""short_code"":""UC0obS"",""original_url"":""https://opswise.net/rapid/signal/207""}"
208,208,304,created,2025-05-06 06:34:01,"{""short_code"":""Yo7Cbr"",""original_url"":""https://opswise.net/dawn/valley/208""}"
209,209,70,created,2025-07-05 06:19:33,"{""short_code"":""bWVqgV"",""original_url"":""https://seeded.app/forest/anchor/209""}"
210,210,208,created,2025-02-10 11:41:06,"{""short_code"":""rEmErf"",""original_url"":""https://opswise.net/amber/signal/210""}"
211,211,213,created,2025-07-18 15:54:25,"{""short_code"":""GuBKD7"",""original_url"":""https://seeded.app/lively/field/211""}"
212,212,198,created,2025-07-26 23:11:17,"{""short_code"":""lMRgxh"",""original_url"":""https://acme.dev/ember/harvest/212""}"
213,213,56,created,2025-02-02 11:26:11,"{""short_code"":""NnFKWN"",""original_url"":""https://opswise.net/tidy/pioneer/213""}"
214,214,126,created,2025-03-15 01:58:06,"{""short_code"":""y3ZA5z"",""original_url"":""https://hackstack.io/proud/delta/214""}"
215,215,322,created,2025-08-24 02:06:28,"{""short_code"":""ftv3Tk"",""original_url"":""https://seeded.app/silver/network/215""}"
216,216,156,created,2025-06-27 19:23:45,"{""short_code"":""6BwJMW"",""original_url"":""https://opswise.net/keen/garden/216""}"
217,217,142,created,2025-07-31 08:25:27,"{""short_code"":""JnB7J2"",""original_url"":""https://example.com/forest/kernel/217""}"
218,218,290,created,2025-09-11 16:15:24,"{""short_code"":""0COllX"",""original_url"":""https://seeded.app/navy/island/218""}"
219,219,173,created,2025-06-03 18:25:32,"{""short_code"":""pJ78Kn"",""original_url"":""https://relay.cloud/jade/garden/219""}"
220,220,345,created,2025-04-23 23:22:23,"{""short_code"":""9gT09o"",""original_url"":""https://relay.cloud/brisk/zenith/220""}"
221,221,285,created,2025-03-02 16:04:31,"{""short_code"":""cSKeWG"",""original_url"":""https://acme.dev/jade/anchor/221""}"
222,222,315,created,2025-03-11 11:09:07,"{""short_code"":""E6xFa7"",""original_url"":""https://seeded.app/warm/meadow/222""}"
223,223,305,created,2025-03-27 11:43:45,"{""short_code"":""1QTEJc"",""original_url"":""https://seeded.app/jade/signal/223""}"
224,224,373,created,2025-02-08 21:34:20,"{""short_code"":""Pt29Ws"",""original_url"":""https://hackstack.io/navy/signal/224""}"
225,225,152,created,2026-01-14 03:14:50,"{""short_code"":""pocOOU"",""original_url"":""https://acme.dev/mellow/orbit/225""}"
226,226,335,created,2025-12-19 19:37:10,"{""short_code"":""xzMvag"",""original_url"":""https://example.com/gold/network/226""}"
227,227,255,created,2026-01-22 08:15:48,"{""short_code"":""0NEiI6"",""original_url"":""https://acme.dev/proud/meadow/227""}"
228,228,292,created,2026-01-05 12:47:32,"{""short_code"":""L11f5c"",""original_url"":""https://acme.dev/lively/network/228""}"
229,229,182,created,2025-12-31 15:55:53,"{""short_code"":""BEuC9G"",""original_url"":""https://hackstack.io/lively/network/229""}"
230,230,93,created,2025-09-11 00:38:25,"{""short_code"":""SB4ujj"",""original_url"":""https://example.com/brisk/kernel/230""}"
231,231,78,created,2025-04-28 16:53:57,"{""short_code"":""x3KVTn"",""original_url"":""https://acme.dev/silver/window/231""}"
232,232,236,created,2025-05-19 07:39:17,"{""short_code"":""7MdTE8"",""original_url"":""https://example.com/tidy/quartz/232""}"
233,233,233,created,2025-07-04 04:47:16,"{""short_code"":""rNvg6K"",""original_url"":""https://example.com/clear/quartz/233""}"
234,234,164,created,2025-03-26 05:50:23,"{""short_code"":""FzuloY"",""original_url"":""https://hackstack.io/dawn/island/234""}"
235,235,195,created,2025-07-09 08:18:51,"{""short_code"":""axujjX"",""original_url"":""https://acme.dev/young/delta/235""}"
236,236,92,created,2025-10-27 02:11:18,"{""short_code"":""N4lTRB"",""original_url"":""https://relay.cloud/ember/beacon/236""}"
237,237,351,created,2025-03-28 17:33:52,"{""short_code"":""PxcPyx"",""original_url"":""https://hackstack.io/rapid/zenith/237""}"
238,238,11,created,2026-01-22 14:01:31,"{""short_code"":""ZqIdwr"",""original_url"":""https://opswise.net/warm/delta/238""}"
239,239,203,created,2025-05-14 18:32:25,"{""short_code"":""QATfke"",""original_url"":""https://seeded.app/ivory/zenith/239""}"
240,240,197,created,2025-12-17 04:23:17,"{""short_code"":""04xzjK"",""original_url"":""https://example.com/silver/uplink/240""}"
241,241,371,created,2025-02-17 05:06:25,"{""short_code"":""PchdO8"",""original_url"":""https://seeded.app/proud/lagoon/241""}"
242,242,342,created,2025-03-10 15:07:25,"{""short_code"":""9pFlLa"",""original_url"":""https://seeded.app/tidy/network/242""}"
243,243,45,created,2025-02-08 03:08:16,"{""short_code"":""SMDa1p"",""original_url"":""https://seeded.app/opal/kernel/243""}"
244,244,329,created,2025-08-18 21:40:48,"{""short_code"":""eA9qFt"",""original_url"":""https://example.com/mellow/beacon/244""}"
245,245,354,created,2025-01-25 08:01:30,"{""short_code"":""yX2VpO"",""original_url"":""https://opswise.net/forest/island/245""}"
246,246,294,created,2025-11-22 05:35:28,"{""short_code"":""IwP64y"",""original_url"":""https://hackstack.io/warm/network/246""}"
247,247,223,created,2025-06-13 04:26:29,"{""short_code"":""rprEqn"",""original_url"":""https://opswise.net/ember/zenith/247""}"
248,248,304,created,2025-09-14 00:43:21,"{""short_code"":""eDBd6Y"",""original_url"":""https://seeded.app/tidy/kernel/248""}"
249,249,325,created,2026-02-04 21:18:53,"{""short_code"":""y6T0s0"",""original_url"":""https://acme.dev/tidy/quartz/249""}"
250,250,331,created,2025-12-16 13:35:26,"{""short_code"":""JIqibU"",""original_url"":""https://opswise.net/dawn/journey/250""}"
251,251,296,created,2025-05-01 10:05:21,"{""short_code"":""pUaUl4"",""original_url"":""https://relay.cloud/ember/pioneer/251""}"
252,252,110,created,2025-11-04 12:55:19,"{""short_code"":""ruTVga"",""original_url"":""https://hackstack.io/ivory/orbit/252""}"
253,253,315,created,2025-12-30 04:23:50,"{""short_code"":""QkYCqR"",""original_url"":""https://seeded.app/cobalt/valley/253""}"
254,254,198,created,2025-09-14 19:17:18,"{""short_code"":""7Vlj14"",""original_url"":""https://seeded.app/harbor/journey/254""}"
255,255,218,created,2026-02-07 15:18:54,"{""short_code"":""RiF5Sc"",""original_url"":""https://opswise.net/cobalt/river/255""}"
256,256,351,created,2025-05-21 18:39:12,"{""short_code"":""zwO3vE"",""original_url"":""https://relay.cloud/harbor/field/256""}"
257,257,253,created,2025-03-22 21:37:07,"{""short_code"":""kb8A2n"",""original_url"":""https://example.com/opal/signal/257""}"
258,258,16,created,2025-04-17 00:17:45,"{""short_code"":""5vJ76N"",""original_url"":""https://hackstack.io/urban/beacon/258""}"
259,259,171,created,2025-12-07 04:17:20,"{""short_code"":""CSggaN"",""original_url"":""https://acme.dev/keen/delta/259""}"
260,260,332,created,2025-11-21 20:57:25,"{""short_code"":""TZNGce"",""original_url"":""https://example.com/tidy/delta/260""}"
261,261,114,created,2026-01-26 23:05:15,"{""short_code"":""xRuYS0"",""original_url"":""https://hackstack.io/jade/field/261""}"
262,262,185,created,2025-12-08 18:42:37,"{""short_code"":""4RpVGq"",""original_url"":""https://hackstack.io/keen/window/262""}"
263,263,368,created,2025-08-18 07:07:32,"{""short_code"":""RsS2Mu"",""original_url"":""https://hackstack.io/opal/window/263""}"
264,264,287,created,2025-07-10 12:53:27,"{""short_code"":""ifiSvL"",""original_url"":""https://example.com/warm/delta/264""}"
265,265,354,created,2025-08-18 07:10:08,"{""short_code"":""BdnTLo"",""original_url"":""https://seeded.app/cobalt/window/265""}"
266,266,128,created,2025-07-30 21:41:11,"{""short_code"":""VT8Yx7"",""original_url"":""https://example.com/keen/yard/266""}"
267,267,127,created,2025-04-30 17:55:14,"{""short_code"":""AtALaA"",""original_url"":""https://relay.cloud/amber/canyon/267""}"
268,268,7,created,2025-01-09 02:23:50,"{""short_code"":""21N2js"",""original_url"":""https://opswise.net/amber/pioneer/268""}"
269,269,24,created,2025-07-10 22:15:50,"{""short_code"":""EsWRtV"",""original_url"":""https://example.com/lively/valley/269""}"
270,270,233,created,2025-09-09 10:54:45,"{""short_code"":""XsJouQ"",""original_url"":""https://example.com/rapid/yard/270""}"
271,271,124,created,2025-07-08 16:41:37,"{""short_code"":""HNHqnC"",""original_url"":""https://acme.dev/harbor/delta/271""}"
272,272,125,created,2025-05-20 12:43:14,"{""short_code"":""xSXzQp"",""original_url"":""https://acme.dev/clear/window/272""}"
273,273,277,created,2025-02-26 23:02:38,"{""short_code"":""Pef9Pg"",""original_url"":""https://relay.cloud/ember/network/273""}"
274,274,188,created,2025-06-22 10:42:01,"{""short_code"":""8sh2ch"",""original_url"":""https://relay.cloud/forest/signal/274""}"
275,275,118,created,2025-06-08 08:58:07,"{""short_code"":""QSciOX"",""original_url"":""https://relay.cloud/tidy/quartz/275""}"
276,276,204,created,2025-01-06 22:09:56,"{""short_code"":""PbsWjM"",""original_url"":""https://example.com/mellow/river/276""}"
277,277,265,created,2025-06-05 17:36:51,"{""short_code"":""0kQxkb"",""original_url"":""https://acme.dev/keen/harvest/277""}"
278,278,169,created,2025-05-24 14:12:12,"{""short_code"":""0uZOnc"",""original_url"":""https://seeded.app/warm/window/278""}"
279,279,3,created,2025-03-23 16:16:47,"{""short_code"":""voARrz"",""original_url"":""https://example.com/navy/garden/279""}"
280,280,394,created,2025-02-18 09:01:15,"{""short_code"":""SJCoEa"",""original_url"":""https://seeded.app/ivory/delta/280""}"
281,281,279,created,2025-07-25 17:26:56,"{""short_code"":""Hs35AP"",""original_url"":""https://example.com/forest/island/281""}"
282,282,235,created,2025-10-05 04:56:46,"{""short_code"":""HL5Vlc"",""original_url"":""https://seeded.app/proud/pioneer/282""}"
283,283,211,created,2025-07-20 06:35:45,"{""short_code"":""BOojOk"",""original_url"":""https://hackstack.io/vivid/journey/283""}"
284,284,318,created,2025-07-02 01:25:24,"{""short_code"":""wNCB4G"",""original_url"":""https://seeded.app/keen/engine/284""}"
285,285,188,created,2025-11-25 22:49:13,"{""short_code"":""Aos9KS"",""original_url"":""https://seeded.app/jade/kernel/285""}"
286,286,115,created,2025-12-26 05:06:57,"{""short_code"":""fteg6u"",""original_url"":""https://relay.cloud/amber/engine/286""}"
287,287,189,created,2025-05-29 14:41:10,"{""short_code"":""rdYvRO"",""original_url"":""https://opswise.net/dawn/window/287""}"
288,288,137,created,2025-04-01 11:25:41,"{""short_code"":""oaIfMw"",""original_url"":""https://opswise.net/amber/journey/288""}"
289,289,102,created,2025-02-24 14:01:14,"{""short_code"":""4x9tr2"",""original_url"":""https://example.com/amber/field/289""}"
290,290,105,created,2025-04-17 09:40:56,"{""short_code"":""p7dXVm"",""original_url"":""https://example.com/jade/pioneer/290""}"
291,291,139,created,2025-08-21 15:46:23,"{""short_code"":""b4JFZ5"",""original_url"":""https://opswise.net/brisk/canyon/291""}"
292,292,52,created,2025-08-28 05:57:53,"{""short_code"":""cw7Tnh"",""original_url"":""https://example.com/clear/garden/292""}"
293,293,99,created,2026-01-05 05:35:34,"{""short_code"":""kNUD73"",""original_url"":""https://relay.cloud/ember/meadow/293""}"
294,294,239,created,2025-08-02 17:02:53,"{""short_code"":""IOeGNR"",""original_url"":""https://seeded.app/dawn/lagoon/294""}"
295,295,107,created,2025-05-15 19:20:28,"{""short_code"":""5VFw1W"",""original_url"":""https://example.com/forest/meadow/295""}"
296,296,360,created,2025-01-26 21:23:00,"{""short_code"":""PT6Vmw"",""original_url"":""https://seeded.app/clear/garden/296""}"
297,297,378,created,2025-12-02 12:25:31,"{""short_code"":""kJ9UVx"",""original_url"":""https://seeded.app/lively/beacon/297""}"
298,298,256,created,2025-06-19 02:48:35,"{""short_code"":""E88cZG"",""original_url"":""https://example.com/ember/meadow/298""}"
299,299,327,created,2025-01-08 09:42:55,"{""short_code"":""LQPJgG"",""original_url"":""https://relay.cloud/ember/zenith/299""}"
300,300,147,created,2025-09-09 20:30:51,"{""short_code"":""QU0EEu"",""original_url"":""https://example.com/forest/engine/300""}"
301,301,183,created,2025-07-01 21:43:24,"{""short_code"":""v3uIf3"",""original_url"":""https://example.com/forest/river/301""}"
302,302,134,created,2025-01-07 07:40:30,"{""short_code"":""61osWu"",""original_url"":""https://relay.cloud/keen/delta/302""}"
303,303,7,created,2025-09-16 09:07:46,"{""short_code"":""cIyBC4"",""original_url"":""https://seeded.app/lively/river/303""}"
304,304,308,created,2025-03-25 16:49:38,"{""short_code"":""ygXazC"",""original_url"":""https://seeded.app/young/uplink/304""}"
305,305,134,created,2025-07-07 15:33:54,"{""short_code"":""nDwwrW"",""original_url"":""https://example.com/gold/yard/305""}"
306,306,179,created,2025-11-30 13:32:46,"{""short_code"":""7hWuhu"",""original_url"":""https://relay.cloud/keen/river/306""}"
307,307,81,created,2025-01-08 16:12:18,"{""short_code"":""NkSNIx"",""original_url"":""https://relay.cloud/young/field/307""}"
308,308,235,created,2025-09-23 17:32:52,"{""short_code"":""ck21oM"",""original_url"":""https://opswise.net/cobalt/delta/308""}"
309,309,158,created,2025-08-05 13:33:28,"{""short_code"":""qOXcUs"",""original_url"":""https://example.com/vivid/field/309""}"
310,310,220,created,2025-09-02 02:53:35,"{""short_code"":""003fpR"",""original_url"":""https://hackstack.io/warm/garden/310""}"
311,311,106,created,2026-01-05 23:43:30,"{""short_code"":""gBbQnr"",""original_url"":""https://hackstack.io/opal/zenith/311""}"
312,312,45,created,2025-08-18 23:44:44,"{""short_code"":""UtACub"",""original_url"":""https://hackstack.io/tidy/engine/312""}"
313,313,246,created,2025-01-02 14:57:21,"{""short_code"":""Eoaezq"",""original_url"":""https://example.com/opal/canyon/313""}"
314,314,249,created,2026-02-15 15:18:33,"{""short_code"":""NZs3Qa"",""original_url"":""https://hackstack.io/ember/delta/314""}"
315,315,219,created,2025-10-23 20:04:43,"{""short_code"":""Gh6iZN"",""original_url"":""https://seeded.app/clear/field/315""}"
316,316,286,created,2026-01-13 16:35:52,"{""short_code"":""uZdFrg"",""original_url"":""https://relay.cloud/brisk/delta/316""}"
317,317,309,created,2025-11-20 14:32:41,"{""short_code"":""1WVRec"",""original_url"":""https://hackstack.io/proud/journey/317""}"
318,318,125,created,2025-10-26 17:42:18,"{""short_code"":""vVLzYu"",""original_url"":""https://example.com/forest/island/318""}"
319,319,58,created,2025-05-08 00:39:12,"{""short_code"":""0KcQi4"",""original_url"":""https://seeded.app/harbor/quartz/319""}"
320,320,6,created,2025-09-07 02:16:28,"{""short_code"":""c6vife"",""original_url"":""https://example.com/rapid/beacon/320""}"
321,321,299,created,2025-07-08 16:31:56,"{""short_code"":""eOZlYK"",""original_url"":""https://relay.cloud/forest/canyon/321""}"
322,322,87,created,2026-01-31 01:38:18,"{""short_code"":""8Q5qR0"",""original_url"":""https://example.com/keen/orbit/322""}"
323,323,285,created,2025-04-11 06:19:36,"{""short_code"":""i8IZs9"",""original_url"":""https://example.com/vivid/meadow/323""}"
324,324,198,created,2025-01-20 15:19:04,"{""short_code"":""IFK8wb"",""original_url"":""https://acme.dev/vivid/yard/324""}"
325,325,377,created,2025-10-04 02:15:19,"{""short_code"":""XfVB8X"",""original_url"":""https://opswise.net/calm/pioneer/325""}"
326,326,55,created,2025-05-09 23:01:05,"{""short_code"":""CPMV1H"",""original_url"":""https://hackstack.io/mellow/pioneer/326""}"
327,327,294,created,2025-11-13 10:41:58,"{""short_code"":""mKBP3A"",""original_url"":""https://example.com/ember/journey/327""}"
328,328,325,created,2025-03-10 02:47:45,"{""short_code"":""FABMTf"",""original_url"":""https://acme.dev/mellow/anchor/328""}"
329,329,244,created,2025-04-13 02:34:49,"{""short_code"":""uuXgP3"",""original_url"":""https://relay.cloud/harbor/kernel/329""}"
330,330,180,created,2025-05-02 12:43:02,"{""short_code"":""mPYtSj"",""original_url"":""https://seeded.app/rapid/engine/330""}"
331,331,258,created,2025-02-28 09:06:36,"{""short_code"":""iEMvc4"",""original_url"":""https://example.com/vivid/journey/331""}"
332,332,188,created,2025-11-25 14:01:58,"{""short_code"":""Ac4MT9"",""original_url"":""https://relay.cloud/vivid/zenith/332""}"
333,333,329,created,2025-09-15 21:41:26,"{""short_code"":""EhWucz"",""original_url"":""https://hackstack.io/warm/uplink/333""}"
334,334,210,created,2025-04-09 04:24:31,"{""short_code"":""uOvOU5"",""original_url"":""https://seeded.app/clear/quartz/334""}"
335,335,24,created,2025-12-12 21:03:27,"{""short_code"":""Ek2Tze"",""original_url"":""https://example.com/calm/harvest/335""}"
336,336,2,created,2025-04-07 16:38:21,"{""short_code"":""yiTyIr"",""original_url"":""https://example.com/silver/beacon/336""}"
337,337,302,created,2025-09-25 06:22:07,"{""short_code"":""rKdN7m"",""original_url"":""https://opswise.net/mellow/meadow/337""}"
338,338,213,created,2025-11-03 20:50:02,"{""short_code"":""5ayz4m"",""original_url"":""https://example.com/vivid/engine/338""}"
339,339,385,created,2025-01-03 16:01:59,"{""short_code"":""of9fcs"",""original_url"":""https://relay.cloud/amber/kernel/339""}"
340,340,136,created,2025-11-07 19:20:55,"{""short_code"":""CuW2RX"",""original_url"":""https://relay.cloud/gold/journey/340""}"
341,341,101,created,2025-05-15 03:21:50,"{""short_code"":""OpH0FX"",""original_url"":""https://relay.cloud/gold/river/341""}"
342,342,217,created,2025-04-24 16:15:18,"{""short_code"":""MIsGuG"",""original_url"":""https://acme.dev/urban/network/342""}"
343,343,369,created,2025-02-24 20:31:09,"{""short_code"":""gDyrlB"",""original_url"":""https://opswise.net/vivid/harvest/343""}"
344,344,164,created,2025-03-12 02:21:19,"{""short_code"":""FDcy5o"",""original_url"":""https://opswise.net/tidy/trail/344""}"
345,345,39,created,2025-10-07 00:57:30,"{""short_code"":""kIUJD5"",""original_url"":""https://opswise.net/opal/orbit/345""}"
346,346,330,created,2025-07-03 06:27:25,"{""short_code"":""mHCMlP"",""original_url"":""https://opswise.net/keen/orbit/346""}"
347,347,297,created,2026-02-05 02:06:41,"{""short_code"":""e67EIr"",""original_url"":""https://seeded.app/dawn/journey/347""}"
348,348,239,created,2025-09-11 14:07:03,"{""short_code"":""HwVzKn"",""original_url"":""https://relay.cloud/cobalt/anchor/348""}"
349,349,120,created,2025-06-14 06:46:20,"{""short_code"":""o0rkvs"",""original_url"":""https://opswise.net/young/valley/349""}"
350,350,54,created,2025-03-05 16:09:47,"{""short_code"":""XRJd5M"",""original_url"":""https://relay.cloud/proud/harvest/350""}"
351,351,383,created,2026-01-02 08:43:55,"{""short_code"":""ZjUsNV"",""original_url"":""https://seeded.app/tidy/yard/351""}"
352,352,329,created,2025-08-12 02:19:38,"{""short_code"":""amYHu1"",""original_url"":""https://hackstack.io/urban/valley/352""}"
353,353,196,created,2025-05-10 06:33:40,"{""short_code"":""PJgSaX"",""original_url"":""https://opswise.net/quiet/network/353""}"
354,354,228,created,2025-06-27 05:26:03,"{""short_code"":""IMsHvk"",""original_url"":""https://seeded.app/opal/uplink/354""}"
355,355,257,created,2025-06-07 20:57:31,"{""short_code"":""HA4UpJ"",""original_url"":""https://hackstack.io/young/garden/355""}"
356,356,1,created,2025-03-05 04:20:20,"{""short_code"":""Er5nbO"",""original_url"":""https://seeded.app/opal/river/356""}"
357,357,31,created,2025-03-28 18:07:36,"{""short_code"":""GXfX1T"",""original_url"":""https://opswise.net/calm/harvest/357""}"
358,358,144,created,2025-03-26 05:09:52,"{""short_code"":""EqYDWZ"",""original_url"":""https://opswise.net/amber/trail/358""}"
359,359,304,created,2025-08-14 20:12:26,"{""short_code"":""p5NL1m"",""original_url"":""https://relay.cloud/opal/trail/359""}"
360,360,301,created,2025-03-08 09:17:46,"{""short_code"":""jHKvs6"",""original_url"":""https://seeded.app/silver/beacon/360""}"
361,361,23,created,2025-10-16 00:30:59,"{""short_code"":""TDat4k"",""original_url"":""https://seeded.app/cobalt/field/361""}"
362,362,395,created,2026-02-12 09:49:23,"{""short_code"":""qriMmn"",""original_url"":""https://hackstack.io/young/signal/362""}"
363,363,228,created,2025-03-09 17:39:00,"{""short_code"":""2DLqHR"",""original_url"":""https://example.com/warm/valley/363""}"
364,364,108,created,2025-01-03 00:18:46,"{""short_code"":""7bpnGN"",""original_url"":""https://opswise.net/harbor/window/364""}"
365,365,358,created,2025-03-26 01:39:24,"{""short_code"":""Bctm2E"",""original_url"":""https://relay.cloud/tidy/valley/365""}"
366,366,370,created,2025-05-11 13:24:58,"{""short_code"":""L7jb8W"",""original_url"":""https://relay.cloud/proud/uplink/366""}"
367,367,363,created,2025-10-04 04:26:14,"{""short_code"":""AQQMva"",""original_url"":""https://example.com/vivid/window/367""}"
368,368,126,created,2025-08-26 08:16:06,"{""short_code"":""E158iS"",""original_url"":""https://seeded.app/amber/orbit/368""}"
369,369,228,created,2025-05-22 00:32:00,"{""short_code"":""l1AZgH"",""original_url"":""https://seeded.app/cobalt/engine/369""}"
370,370,77,created,2025-01-16 08:39:27,"{""short_code"":""rOMdoc"",""original_url"":""https://seeded.app/young/valley/370""}"
371,371,267,created,2025-04-11 12:45:38,"{""short_code"":""hO6RwR"",""original_url"":""https://relay.cloud/opal/yard/371""}"
372,372,226,created,2025-11-14 18:37:00,"{""short_code"":""hMf9i3"",""original_url"":""https://seeded.app/harbor/island/372""}"
373,373,379,created,2025-09-02 17:51:54,"{""short_code"":""4rB5rX"",""original_url"":""https://seeded.app/opal/island/373""}"
374,374,39,created,2025-09-09 11:20:18,"{""short_code"":""m5PkLH"",""original_url"":""https://seeded.app/urban/beacon/374""}"
375,375,78,created,2025-10-24 23:35:12,"{""short_code"":""PWzZh5"",""original_url"":""https://seeded.app/clear/kernel/375""}"
376,376,143,created,2025-11-23 16:14:43,"{""short_code"":""RHBybM"",""original_url"":""https://hackstack.io/jade/engine/376""}"
377,377,90,created,2025-11-14 19:34:57,"{""short_code"":""beZQzw"",""original_url"":""https://example.com/harbor/canyon/377""}"
378,378,142,created,2025-10-23 21:06:45,"{""short_code"":""FQAICH"",""original_url"":""https://seeded.app/cobalt/orbit/378""}"
379,379,149,created,2025-01-09 22:16:29,"{""short_code"":""a06Nut"",""original_url"":""https://relay.cloud/warm/valley/379""}"
380,380,2,created,2025-02-15 04:50:47,"{""short_code"":""o8owSv"",""original_url"":""https://hackstack.io/brisk/yard/380""}"
381,381,30,created,2025-03-20 02:41:53,"{""short_code"":""r0v7yu"",""original_url"":""https://opswise.net/urban/yard/381""}"
382,382,193,created,2025-11-04 16:39:53,"{""short_code"":""FG3zf2"",""original_url"":""https://opswise.net/calm/trail/382""}"
383,383,295,created,2025-06-13 11:26:16,"{""short_code"":""AjNbgT"",""original_url"":""https://opswise.net/cobalt/engine/383""}"
384,384,339,created,2025-06-30 06:58:32,"{""short_code"":""w4MpAK"",""original_url"":""https://acme.dev/silver/anchor/384""}"
385,385,293,created,2025-11-10 14:45:42,"{""short_code"":""j2LGDr"",""original_url"":""https://example.com/dawn/trail/385""}"
386,386,186,created,2025-02-09 05:40:37,"{""short_code"":""gqLwiq"",""original_url"":""https://example.com/opal/engine/386""}"
387,387,216,created,2025-07-10 07:34:38,"{""short_code"":""3z7xJL"",""original_url"":""https://hackstack.io/opal/quartz/387""}"
388,388,319,created,2025-09-16 01:11:44,"{""short_code"":""qw4YOj"",""original_url"":""https://relay.cloud/clear/orbit/388""}"
389,389,141,created,2025-02-24 14:36:42,"{""short_code"":""ttbI78"",""original_url"":""https://seeded.app/ivory/yard/389""}"
390,390,247,created,2025-04-19 04:57:18,"{""short_code"":""VvCDAM"",""original_url"":""https://hackstack.io/calm/engine/390""}"
391,391,304,created,2025-12-14 00:36:44,"{""short_code"":""XIFgsj"",""original_url"":""https://acme.dev/brisk/anchor/391""}"
392,392,267,created,2025-08-01 04:44:13,"{""short_code"":""IqmImk"",""original_url"":""https://acme.dev/proud/engine/392""}"
393,393,237,created,2025-12-23 07:11:21,"{""short_code"":""Bc8kK1"",""original_url"":""https://relay.cloud/brisk/lagoon/393""}"
394,394,159,created,2025-07-14 21:24:42,"{""short_code"":""AYMxpj"",""original_url"":""https://seeded.app/proud/signal/394""}"
395,395,335,created,2025-01-08 15:04:26,"{""short_code"":""b3QFiF"",""original_url"":""https://hackstack.io/silver/orbit/395""}"
396,396,321,created,2026-01-28 06:43:28,"{""short_code"":""2v5qK6"",""original_url"":""https://acme.dev/dawn/window/396""}"
397,397,200,created,2025-08-20 18:41:05,"{""short_code"":""uDNo5j"",""original_url"":""https://opswise.net/jade/river/397""}"
398,398,289,created,2025-06-20 04:09:44,"{""short_code"":""SXTZhK"",""original_url"":""https://seeded.app/young/uplink/398""}"
399,399,235,created,2025-09-02 13:54:25,"{""short_code"":""68UNU8"",""original_url"":""https://acme.dev/lively/valley/399""}"
400,400,103,created,2025-03-19 07:58:26,"{""short_code"":""WsEIdc"",""original_url"":""https://seeded.app/forest/garden/400""}"
401,401,132,created,2025-06-22 04:51:42,"{""short_code"":""CQx8if"",""original_url"":""https://relay.cloud/tidy/journey/401""}"
402,402,187,created,2025-03-08 06:51:28,"{""short_code"":""zzbfRz"",""original_url"":""https://opswise.net/clear/quartz/402""}"
403,403,338,created,2025-03-06 19:24:43,"{""short_code"":""RJoLaa"",""original_url"":""https://acme.dev/young/beacon/403""}"
404,404,329,created,2025-02-10 12:50:29,"{""short_code"":""FL1Iqf"",""original_url"":""https://hackstack.io/vivid/engine/404""}"
405,405,63,created,2025-08-26 20:34:20,"{""short_code"":""ePBCfT"",""original_url"":""https://relay.cloud/keen/anchor/405""}"
406,406,182,created,2025-07-14 15:08:44,"{""short_code"":""KUgHIx"",""original_url"":""https://acme.dev/vivid/kernel/406""}"
407,407,174,created,2025-11-08 13:11:56,"{""short_code"":""dJeaCV"",""original_url"":""https://seeded.app/harbor/lagoon/407""}"
408,408,285,created,2025-07-13 15:09:29,"{""short_code"":""YVydVf"",""original_url"":""https://seeded.app/calm/pioneer/408""}"
409,409,279,created,2026-01-18 21:02:20,"{""short_code"":""5WYCb3"",""original_url"":""https://acme.dev/navy/meadow/409""}"
410,410,139,created,2025-02-28 22:50:23,"{""short_code"":""Ub5c22"",""original_url"":""https://opswise.net/jade/island/410""}"
411,411,130,created,2025-06-23 01:57:19,"{""short_code"":""iUjsg3"",""original_url"":""https://hackstack.io/harbor/river/411""}"
412,412,37,created,2026-02-08 21:47:15,"{""short_code"":""FuiVOL"",""original_url"":""https://opswise.net/amber/harvest/412""}"
413,413,7,created,2025-08-26 06:05:21,"{""short_code"":""VNLsNp"",""original_url"":""https://acme.dev/clear/trail/413""}"
414,414,73,created,2025-03-08 17:06:57,"{""short_code"":""ncYZhT"",""original_url"":""https://acme.dev/cobalt/quartz/414""}"
415,415,107,created,2025-12-10 18:11:18,"{""short_code"":""8Sy59G"",""original_url"":""https://acme.dev/warm/lagoon/415""}"
416,416,389,created,2025-05-30 04:49:16,"{""short_code"":""CQ1H04"",""original_url"":""https://hackstack.io/tidy/delta/416""}"
417,417,165,created,2025-05-07 17:41:16,"{""short_code"":""asOZjP"",""original_url"":""https://hackstack.io/forest/zenith/417""}"
418,418,95,created,2025-11-13 18:34:38,"{""short_code"":""2EBiyR"",""original_url"":""https://seeded.app/rapid/canyon/418""}"
419,419,200,created,2025-02-01 19:04:57,"{""short_code"":""kP9ZLC"",""original_url"":""https://seeded.app/calm/river/419""}"
420,420,36,created,2025-12-20 03:31:22,"{""short_code"":""mUdREF"",""original_url"":""https://relay.cloud/clear/pioneer/420""}"
421,421,172,created,2025-08-14 17:06:41,"{""short_code"":""TBSLiV"",""original_url"":""https://relay.cloud/quiet/pioneer/421""}"
422,422,350,created,2025-07-22 23:19:34,"{""short_code"":""0oll9Q"",""original_url"":""https://relay.cloud/cobalt/orbit/422""}"
423,423,341,created,2025-01-01 11:07:18,"{""short_code"":""ZpVwto"",""original_url"":""https://acme.dev/cobalt/beacon/423""}"
424,424,329,created,2025-01-22 17:46:14,"{""short_code"":""NWN8PE"",""original_url"":""https://acme.dev/keen/lagoon/424""}"
425,425,301,created,2025-07-01 16:51:33,"{""short_code"":""BB427g"",""original_url"":""https://seeded.app/brisk/zenith/425""}"
426,426,156,created,2025-10-25 15:25:15,"{""short_code"":""dx3LGq"",""original_url"":""https://acme.dev/vivid/trail/426""}"
427,427,353,created,2025-11-06 05:00:48,"{""short_code"":""TnEJtX"",""original_url"":""https://hackstack.io/young/orbit/427""}"
428,428,400,created,2025-11-16 11:45:20,"{""short_code"":""3w7Q29"",""original_url"":""https://relay.cloud/ivory/quartz/428""}"
429,429,132,created,2025-01-31 07:58:52,"{""short_code"":""YGiZBi"",""original_url"":""https://opswise.net/young/trail/429""}"
430,430,338,created,2025-06-02 03:45:51,"{""short_code"":""OeL6BC"",""original_url"":""https://acme.dev/cobalt/trail/430""}"
431,431,360,created,2025-02-21 17:39:10,"{""short_code"":""rCOWZt"",""original_url"":""https://hackstack.io/amber/signal/431""}"
432,432,317,created,2025-09-07 06:29:25,"{""short_code"":""r6fQ84"",""original_url"":""https://relay.cloud/ember/beacon/432""}"
433,433,322,created,2025-12-03 20:16:19,"{""short_code"":""kQWdmq"",""original_url"":""https://hackstack.io/navy/kernel/433""}"
434,434,278,created,2025-09-11 11:17:44,"{""short_code"":""uJDhBF"",""original_url"":""https://hackstack.io/ivory/kernel/434""}"
435,435,212,created,2025-09-01 02:52:56,"{""short_code"":""JrfdqB"",""original_url"":""https://acme.dev/jade/orbit/435""}"
436,436,32,created,2025-05-05 00:59:31,"{""short_code"":""HIe6d0"",""original_url"":""https://relay.cloud/vivid/uplink/436""}"
437,437,207,created,2025-09-25 19:44:57,"{""short_code"":""nOJxd1"",""original_url"":""https://hackstack.io/urban/garden/437""}"
438,438,205,created,2025-02-19 20:43:14,"{""short_code"":""N1VFId"",""original_url"":""https://relay.cloud/lively/engine/438""}"
439,439,180,created,2025-09-12 00:31:53,"{""short_code"":""qh3h7a"",""original_url"":""https://seeded.app/dawn/canyon/439""}"
440,440,163,created,2025-06-26 05:50:27,"{""short_code"":""q83bCv"",""original_url"":""https://example.com/warm/garden/440""}"
441,441,348,created,2025-08-15 10:21:25,"{""short_code"":""PeFEfO"",""original_url"":""https://seeded.app/calm/harvest/441""}"
442,442,11,created,2025-10-31 17:36:41,"{""short_code"":""YKk0ht"",""original_url"":""https://acme.dev/calm/lagoon/442""}"
443,443,293,created,2025-04-03 12:01:14,"{""short_code"":""w6TPdC"",""original_url"":""https://example.com/calm/beacon/443""}"
444,444,366,created,2026-01-07 01:36:22,"{""short_code"":""3kxIyb"",""original_url"":""https://example.com/urban/lagoon/444""}"
445,445,327,created,2025-11-01 00:27:20,"{""short_code"":""UiV2HY"",""original_url"":""https://relay.cloud/young/beacon/445""}"
446,446,398,created,2025-06-05 21:05:52,"{""short_code"":""WNb4dG"",""original_url"":""https://opswise.net/dawn/anchor/446""}"
447,447,240,created,2025-06-25 17:37:26,"{""short_code"":""qISj8S"",""original_url"":""https://seeded.app/gold/river/447""}"
448,448,279,created,2025-09-14 07:58:42,"{""short_code"":""GDD2zq"",""original_url"":""https://hackstack.io/tidy/delta/448""}"
449,449,124,created,2025-07-15 15:49:19,"{""short_code"":""urKgjV"",""original_url"":""https://example.com/silver/island/449""}"
450,450,213,created,2025-12-29 08:50:58,"{""short_code"":""8CfFP4"",""original_url"":""https://hackstack.io/tidy/lagoon/450""}"
451,451,149,created,2026-01-30 12:49:02,"{""short_code"":""ut85m0"",""original_url"":""https://seeded.app/ember/valley/451""}"
452,452,265,created,2025-10-14 16:48:40,"{""short_code"":""X2Q3Me"",""original_url"":""https://hackstack.io/urban/uplink/452""}"
453,453,314,created,2025-06-12 18:40:51,"{""short_code"":""HFnqAk"",""original_url"":""https://seeded.app/amber/engine/453""}"
454,454,318,created,2025-11-17 00:17:08,"{""short_code"":""kR1zoT"",""original_url"":""https://hackstack.io/gold/meadow/454""}"
455,455,339,created,2026-02-13 08:34:32,"{""short_code"":""tsMEfM"",""original_url"":""https://acme.dev/rapid/beacon/455""}"
456,456,129,created,2025-10-09 00:17:33,"{""short_code"":""Kh0ktF"",""original_url"":""https://example.com/navy/signal/456""}"
457,457,164,created,2026-01-14 06:30:26,"{""short_code"":""5qVCxV"",""original_url"":""https://example.com/young/uplink/457""}"
458,458,400,created,2026-02-19 16:10:47,"{""short_code"":""tChmka"",""original_url"":""https://relay.cloud/lively/journey/458""}"
459,459,27,created,2025-10-10 13:15:38,"{""short_code"":""cXr0ls"",""original_url"":""https://opswise.net/brisk/delta/459""}"
460,460,328,created,2025-05-21 03:50:04,"{""short_code"":""7cj4B4"",""original_url"":""https://relay.cloud/clear/garden/460""}"
461,461,303,created,2025-04-23 15:48:04,"{""short_code"":""rLLga9"",""original_url"":""https://example.com/silver/trail/461""}"
462,462,363,created,2025-08-10 15:38:19,"{""short_code"":""Qmi8Ae"",""original_url"":""https://seeded.app/keen/kernel/462""}"
463,463,363,created,2025-03-07 04:16:40,"{""short_code"":""Rfgvic"",""original_url"":""https://example.com/young/yard/463""}"
464,464,118,created,2025-06-29 20:00:58,"{""short_code"":""BBKIl4"",""original_url"":""https://hackstack.io/silver/field/464""}"
465,465,27,created,2025-08-09 21:42:42,"{""short_code"":""q44luS"",""original_url"":""https://acme.dev/opal/valley/465""}"
466,466,162,created,2025-05-08 00:24:32,"{""short_code"":""mzG1aj"",""original_url"":""https://acme.dev/vivid/kernel/466""}"
467,467,301,created,2025-02-20 02:17:03,"{""short_code"":""pGtDeN"",""original_url"":""https://example.com/navy/valley/467""}"
468,468,200,created,2025-11-26 06:20:43,"{""short_code"":""NisPy3"",""original_url"":""https://relay.cloud/gold/quartz/468""}"
469,469,26,created,2025-01-25 07:22:49,"{""short_code"":""HQN5NW"",""original_url"":""https://example.com/tidy/trail/469""}"
470,470,101,created,2026-02-01 12:10:00,"{""short_code"":""R4Vt7o"",""original_url"":""https://hackstack.io/brisk/river/470""}"
471,471,176,created,2025-07-28 16:56:07,"{""short_code"":""s08iNK"",""original_url"":""https://opswise.net/opal/quartz/471""}"
472,472,7,created,2025-08-24 17:20:24,"{""short_code"":""eWcmNs"",""original_url"":""https://hackstack.io/vivid/canyon/472""}"
473,473,87,created,2026-02-15 22:21:15,"{""short_code"":""qReRKi"",""original_url"":""https://opswise.net/cobalt/pioneer/473""}"
474,474,18,created,2025-08-04 04:54:41,"{""short_code"":""56FZFW"",""original_url"":""https://example.com/harbor/garden/474""}"
475,475,337,created,2025-03-12 02:39:34,"{""short_code"":""ZRYFSs"",""original_url"":""https://relay.cloud/cobalt/meadow/475""}"
476,476,51,created,2025-01-10 13:54:13,"{""short_code"":""fiIAUN"",""original_url"":""https://acme.dev/jade/valley/476""}"
477,477,26,created,2025-06-19 23:36:19,"{""short_code"":""UJDscT"",""original_url"":""https://opswise.net/gold/signal/477""}"
478,478,173,created,2025-12-28 10:36:28,"{""short_code"":""122ukc"",""original_url"":""https://seeded.app/urban/valley/478""}"
479,479,74,created,2025-06-20 03:02:12,"{""short_code"":""A1txgZ"",""original_url"":""https://acme.dev/clear/engine/479""}"
480,480,397,created,2025-04-23 07:59:22,"{""short_code"":""LbFQaQ"",""original_url"":""https://seeded.app/vivid/garden/480""}"
481,481,210,created,2025-03-22 03:37:17,"{""short_code"":""4ozoDG"",""original_url"":""https://example.com/young/delta/481""}"
482,482,16,created,2025-04-22 15:35:47,"{""short_code"":""ICFANx"",""original_url"":""https://example.com/amber/zenith/482""}"
483,483,156,created,2025-11-28 16:47:21,"{""short_code"":""BoF77i"",""original_url"":""https://relay.cloud/mellow/uplink/483""}"
484,484,357,created,2025-01-30 22:13:16,"{""short_code"":""vuMp6D"",""original_url"":""https://example.com/vivid/beacon/484""}"
485,485,313,created,2026-01-22 13:17:29,"{""short_code"":""WKZXEH"",""original_url"":""https://relay.cloud/urban/island/485""}"
486,486,390,created,2025-09-11 20:30:34,"{""short_code"":""XyF8sK"",""original_url"":""https://example.com/keen/valley/486""}"
487,487,79,created,2025-01-28 12:41:00,"{""short_code"":""Cy12iv"",""original_url"":""https://opswise.net/jade/window/487""}"
488,488,258,created,2025-01-28 20:29:06,"{""short_code"":""0YMtGk"",""original_url"":""https://opswise.net/proud/quartz/488""}"
489,489,84,created,2025-07-27 07:41:25,"{""short_code"":""SPxPmL"",""original_url"":""https://hackstack.io/tidy/network/489""}"
490,490,48,created,2025-09-05 01:09:03,"{""short_code"":""drjQUW"",""original_url"":""https://hackstack.io/amber/river/490""}"
491,491,248,created,2025-02-16 04:36:30,"{""short_code"":""I6DnDU"",""original_url"":""https://acme.dev/harbor/beacon/491""}"
492,492,130,created,2026-01-03 09:32:52,"{""short_code"":""mrbTSz"",""original_url"":""https://seeded.app/vivid/kernel/492""}"
493,493,5,created,2025-05-06 05:35:16,"{""short_code"":""S0vfzU"",""original_url"":""https://acme.dev/clear/quartz/493""}"
494,494,177,created,2025-12-21 22:26:46,"{""short_code"":""HJYTSP"",""original_url"":""https://example.com/dawn/valley/494""}"
495,495,388,created,2025-07-20 02:47:30,"{""short_code"":""j9n0po"",""original_url"":""https://opswise.net/ivory/window/495""}"
496,496,304,created,2025-07-07 23:16:38,"{""short_code"":""P1LYHp"",""original_url"":""https://example.com/brisk/window/496""}"
497,497,392,created,2025-04-14 23:26:50,"{""short_code"":""luiuSO"",""original_url"":""https://relay.cloud/harbor/zenith/497""}"
498,498,382,created,2025-12-13 09:12:37,"{""short_code"":""fxQ8Jo"",""original_url"":""https://example.com/proud/pioneer/498""}"
499,499,287,created,2025-03-13 02:29:25,"{""short_code"":""EkOEfG"",""original_url"":""https://relay.cloud/rapid/canyon/499""}"
500,500,123,created,2025-03-18 02:10:56,"{""short_code"":""584hFk"",""original_url"":""https://seeded.app/clear/quartz/500""}"
501,501,281,created,2025-05-12 19:59:59,"{""short_code"":""aOEmCu"",""original_url"":""https://seeded.app/quiet/engine/501""}"
502,502,383,created,2025-10-14 21:30:53,"{""short_code"":""RvOtwZ"",""original_url"":""https://relay.cloud/proud/zenith/502""}"
503,503,365,created,2025-02-10 06:02:28,"{""short_code"":""26QPAQ"",""original_url"":""https://opswise.net/opal/garden/503""}"
504,504,98,created,2025-10-16 07:51:24,"{""short_code"":""5vO1mV"",""original_url"":""https://seeded.app/proud/pioneer/504""}"
505,505,141,created,2025-01-22 04:03:52,"{""short_code"":""5mnuPk"",""original_url"":""https://example.com/young/beacon/505""}"
506,506,110,created,2025-08-06 07:15:21,"{""short_code"":""f03vqs"",""original_url"":""https://hackstack.io/clear/yard/506""}"
507,507,298,created,2025-11-08 01:45:17,"{""short_code"":""U6mz2n"",""original_url"":""https://hackstack.io/jade/zenith/507""}"
508,508,278,created,2025-02-14 21:51:09,"{""short_code"":""Zg3Qav"",""original_url"":""https://opswise.net/warm/harvest/508""}"
509,509,392,created,2025-06-26 06:43:41,"{""short_code"":""bp1zfL"",""original_url"":""https://seeded.app/calm/field/509""}"
510,510,101,created,2025-03-22 12:45:40,"{""short_code"":""fc2QtQ"",""original_url"":""https://opswise.net/amber/garden/510""}"
511,511,162,created,2025-10-24 05:51:09,"{""short_code"":""FowqgA"",""original_url"":""https://example.com/ember/quartz/511""}"
512,512,267,created,2025-05-02 23:29:07,"{""short_code"":""Ig3oYn"",""original_url"":""https://example.com/urban/window/512""}"
513,513,288,created,2025-03-14 10:55:54,"{""short_code"":""ziLUDc"",""original_url"":""https://relay.cloud/harbor/orbit/513""}"
514,514,169,created,2025-01-10 01:24:41,"{""short_code"":""KXnRXE"",""original_url"":""https://example.com/vivid/quartz/514""}"
515,515,166,created,2025-02-24 14:03:47,"{""short_code"":""qkhSYI"",""original_url"":""https://acme.dev/forest/valley/515""}"
516,516,130,created,2025-05-15 16:08:14,"{""short_code"":""I3f5e1"",""original_url"":""https://acme.dev/tidy/pioneer/516""}"
517,517,209,created,2025-06-10 19:38:32,"{""short_code"":""ukm3Pb"",""original_url"":""https://seeded.app/silver/uplink/517""}"
518,518,221,created,2025-01-22 06:52:51,"{""short_code"":""MwcCKA"",""original_url"":""https://example.com/clear/island/518""}"
519,519,123,created,2025-02-10 06:58:23,"{""short_code"":""PgEUu2"",""original_url"":""https://hackstack.io/forest/orbit/519""}"
520,520,224,created,2025-10-26 12:31:31,"{""short_code"":""JsIRnM"",""original_url"":""https://opswise.net/harbor/engine/520""}"
521,521,253,created,2025-01-23 09:05:35,"{""short_code"":""bC7jTS"",""original_url"":""https://seeded.app/gold/anchor/521""}"
522,522,286,created,2025-07-30 01:39:53,"{""short_code"":""5pZl6M"",""original_url"":""https://example.com/ember/harvest/522""}"
523,523,244,created,2025-11-27 13:45:53,"{""short_code"":""eU4oWM"",""original_url"":""https://opswise.net/gold/beacon/523""}"
524,524,221,created,2025-09-17 13:08:14,"{""short_code"":""jUKHyq"",""original_url"":""https://seeded.app/harbor/uplink/524""}"
525,525,86,created,2025-09-17 22:29:24,"{""short_code"":""ugpAyc"",""original_url"":""https://example.com/calm/journey/525""}"
526,526,342,created,2025-07-22 12:12:38,"{""short_code"":""b1iCCz"",""original_url"":""https://acme.dev/young/valley/526""}"
527,527,155,created,2026-01-23 06:33:33,"{""short_code"":""bghuY7"",""original_url"":""https://hackstack.io/dawn/network/527""}"
528,528,283,created,2025-10-07 21:55:45,"{""short_code"":""m46ql5"",""original_url"":""https://opswise.net/silver/yard/528""}"
529,529,383,created,2025-03-05 06:09:22,"{""short_code"":""1YLLpU"",""original_url"":""https://relay.cloud/quiet/engine/529""}"
530,530,17,created,2025-08-30 09:36:30,"{""short_code"":""A9YzMd"",""original_url"":""https://relay.cloud/lively/meadow/530""}"
531,531,220,created,2025-07-30 01:37:59,"{""short_code"":""ikKDUH"",""original_url"":""https://opswise.net/ivory/valley/531""}"
532,532,138,created,2025-01-16 15:00:25,"{""short_code"":""CDh5zb"",""original_url"":""https://relay.cloud/dawn/window/532""}"
533,533,172,created,2025-06-29 18:41:06,"{""short_code"":""fbc1Uz"",""original_url"":""https://example.com/silver/anchor/533""}"
534,534,188,created,2025-10-24 13:03:17,"{""short_code"":""bcvnqF"",""original_url"":""https://hackstack.io/navy/zenith/534""}"
535,535,249,created,2025-02-25 10:30:53,"{""short_code"":""NLJrB1"",""original_url"":""https://hackstack.io/urban/field/535""}"
536,536,398,created,2025-12-24 10:08:32,"{""short_code"":""mdcltL"",""original_url"":""https://example.com/rapid/canyon/536""}"
537,537,307,created,2025-09-04 20:44:05,"{""short_code"":""wCDixE"",""original_url"":""https://relay.cloud/mellow/uplink/537""}"
538,538,169,created,2025-07-04 11:36:47,"{""short_code"":""oQJCd6"",""original_url"":""https://opswise.net/forest/harvest/538""}"
539,539,170,created,2025-06-03 11:25:13,"{""short_code"":""6wylNF"",""original_url"":""https://acme.dev/vivid/uplink/539""}"
540,540,329,created,2026-02-17 03:53:55,"{""short_code"":""PTjHPX"",""original_url"":""https://hackstack.io/quiet/garden/540""}"
541,541,367,created,2025-04-19 11:55:18,"{""short_code"":""MWV7GQ"",""original_url"":""https://relay.cloud/proud/river/541""}"
542,542,78,created,2025-10-20 18:43:20,"{""short_code"":""fbsjHe"",""original_url"":""https://acme.dev/forest/delta/542""}"
543,543,319,created,2025-06-26 12:57:37,"{""short_code"":""Xs36Mz"",""original_url"":""https://relay.cloud/navy/window/543""}"
544,544,23,created,2025-12-30 01:13:37,"{""short_code"":""iYHJ36"",""original_url"":""https://hackstack.io/cobalt/orbit/544""}"
545,545,321,created,2025-09-05 16:53:44,"{""short_code"":""9DBEkf"",""original_url"":""https://seeded.app/forest/delta/545""}"
546,546,219,created,2025-11-18 08:54:50,"{""short_code"":""MzQERT"",""original_url"":""https://acme.dev/vivid/beacon/546""}"
547,547,82,created,2025-09-29 08:54:08,"{""short_code"":""MMSbiW"",""original_url"":""https://relay.cloud/silver/zenith/547""}"
548,548,368,created,2025-10-11 06:13:49,"{""short_code"":""bRpYYC"",""original_url"":""https://relay.cloud/proud/trail/548""}"
549,549,1,created,2025-05-19 09:13:32,"{""short_code"":""eR8wuv"",""original_url"":""https://acme.dev/harbor/engine/549""}"
550,550,79,created,2025-07-28 07:15:02,"{""short_code"":""q8026Y"",""original_url"":""https://seeded.app/lively/trail/550""}"
551,551,114,created,2025-07-10 22:32:47,"{""short_code"":""ZwILl6"",""original_url"":""https://seeded.app/keen/trail/551""}"
552,552,41,created,2025-03-21 16:19:43,"{""short_code"":""FJgWPs"",""original_url"":""https://seeded.app/keen/beacon/552""}"
553,553,294,created,2025-05-15 15:55:51,"{""short_code"":""BcBdzZ"",""original_url"":""https://acme.dev/quiet/beacon/553""}"
554,554,198,created,2025-05-26 23:17:30,"{""short_code"":""luQu0G"",""original_url"":""https://example.com/silver/trail/554""}"
555,555,106,created,2025-01-22 17:26:28,"{""short_code"":""XUTImf"",""original_url"":""https://relay.cloud/vivid/anchor/555""}"
556,556,331,created,2025-12-16 22:42:21,"{""short_code"":""rWywo7"",""original_url"":""https://seeded.app/dawn/quartz/556""}"
557,557,96,created,2025-11-02 09:50:09,"{""short_code"":""e6RAMQ"",""original_url"":""https://hackstack.io/quiet/anchor/557""}"
558,558,344,created,2025-03-08 09:42:12,"{""short_code"":""bn2RN6"",""original_url"":""https://opswise.net/warm/lagoon/558""}"
559,559,196,created,2025-06-16 04:43:52,"{""short_code"":""ZsoW1I"",""original_url"":""https://acme.dev/ember/network/559""}"
560,560,53,created,2025-11-23 19:59:30,"{""short_code"":""qNe1Tg"",""original_url"":""https://example.com/young/pioneer/560""}"
561,561,364,created,2025-09-13 07:53:23,"{""short_code"":""gElE0e"",""original_url"":""https://relay.cloud/keen/river/561""}"
562,562,223,created,2025-11-08 14:35:07,"{""short_code"":""l15nqL"",""original_url"":""https://hackstack.io/lively/garden/562""}"
563,563,174,created,2026-02-08 19:22:56,"{""short_code"":""YkN3lU"",""original_url"":""https://example.com/quiet/garden/563""}"
564,564,104,created,2025-08-19 16:56:26,"{""short_code"":""IqFaYL"",""original_url"":""https://hackstack.io/brisk/meadow/564""}"
565,565,106,created,2025-08-29 11:05:52,"{""short_code"":""CbAzmh"",""original_url"":""https://relay.cloud/harbor/meadow/565""}"
566,566,261,created,2025-04-20 16:38:36,"{""short_code"":""3T13oN"",""original_url"":""https://hackstack.io/ivory/beacon/566""}"
567,567,399,created,2025-10-31 20:07:43,"{""short_code"":""NuweGT"",""original_url"":""https://acme.dev/calm/yard/567""}"
568,568,225,created,2025-10-26 11:26:30,"{""short_code"":""nLfw9l"",""original_url"":""https://opswise.net/tidy/orbit/568""}"
569,569,64,created,2025-07-12 10:25:33,"{""short_code"":""f6UKLN"",""original_url"":""https://opswise.net/ivory/journey/569""}"
570,570,129,created,2026-02-16 03:16:42,"{""short_code"":""RYEnl3"",""original_url"":""https://hackstack.io/harbor/uplink/570""}"
571,571,308,created,2025-01-03 14:39:28,"{""short_code"":""2XTjDc"",""original_url"":""https://seeded.app/quiet/quartz/571""}"
572,572,262,created,2025-02-15 08:16:02,"{""short_code"":""aHBs7E"",""original_url"":""https://opswise.net/calm/beacon/572""}"
573,573,199,created,2025-06-21 19:55:49,"{""short_code"":""JLQALg"",""original_url"":""https://hackstack.io/navy/quartz/573""}"
574,574,67,created,2025-08-22 20:02:41,"{""short_code"":""qzl0yF"",""original_url"":""https://relay.cloud/ember/engine/574""}"
575,575,261,created,2025-08-03 08:16:02,"{""short_code"":""RT1Q8J"",""original_url"":""https://hackstack.io/young/trail/575""}"
576,576,241,created,2025-12-09 11:13:49,"{""short_code"":""FBGEbx"",""original_url"":""https://relay.cloud/cobalt/window/576""}"
577,577,132,created,2025-12-13 18:39:56,"{""short_code"":""bRi6uR"",""original_url"":""https://relay.cloud/forest/engine/577""}"
578,578,75,created,2025-05-30 12:06:56,"{""short_code"":""KNnkpM"",""original_url"":""https://hackstack.io/proud/garden/578""}"
579,579,60,created,2025-03-16 18:14:52,"{""short_code"":""1vDfj3"",""original_url"":""https://seeded.app/ivory/orbit/579""}"
580,580,288,created,2025-12-11 19:22:01,"{""short_code"":""VMgIiJ"",""original_url"":""https://opswise.net/young/garden/580""}"
581,581,30,created,2025-06-15 18:39:06,"{""short_code"":""lSC0Uu"",""original_url"":""https://acme.dev/forest/island/581""}"
582,582,61,created,2026-02-17 13:58:39,"{""short_code"":""l2Sbbt"",""original_url"":""https://relay.cloud/jade/yard/582""}"
583,583,58,created,2025-08-16 00:39:32,"{""short_code"":""895RaF"",""original_url"":""https://hackstack.io/lively/signal/583""}"
584,584,81,created,2025-12-15 14:13:54,"{""short_code"":""mz07mY"",""original_url"":""https://hackstack.io/opal/window/584""}"
585,585,151,created,2025-08-05 11:07:16,"{""short_code"":""jl5V2q"",""original_url"":""https://relay.cloud/lively/signal/585""}"
586,586,218,created,2025-09-03 21:30:49,"{""short_code"":""zGi8Do"",""original_url"":""https://example.com/harbor/journey/586""}"
587,587,306,created,2025-09-30 07:00:20,"{""short_code"":""htLChm"",""original_url"":""https://opswise.net/vivid/network/587""}"
588,588,62,created,2026-02-07 14:15:43,"{""short_code"":""ThlEmh"",""original_url"":""https://relay.cloud/tidy/pioneer/588""}"
589,589,65,created,2025-11-08 01:38:09,"{""short_code"":""dKN1xs"",""original_url"":""https://example.com/calm/field/589""}"
590,590,37,created,2025-12-02 15:54:30,"{""short_code"":""fIaCBZ"",""original_url"":""https://seeded.app/dawn/beacon/590""}"
591,591,388,created,2025-06-12 11:44:16,"{""short_code"":""2a7ucR"",""original_url"":""https://acme.dev/tidy/orbit/591""}"
592,592,160,created,2025-06-10 09:34:33,"{""short_code"":""YWMvL5"",""original_url"":""https://relay.cloud/quiet/window/592""}"
593,593,258,created,2025-07-16 09:00:22,"{""short_code"":""qooFao"",""original_url"":""https://opswise.net/rapid/uplink/593""}"
594,594,118,created,2025-01-01 04:06:45,"{""short_code"":""6s6RiG"",""original_url"":""https://acme.dev/harbor/orbit/594""}"
595,595,167,created,2025-06-07 03:03:28,"{""short_code"":""7kJ4B0"",""original_url"":""https://example.com/brisk/signal/595""}"
596,596,41,created,2025-02-18 19:27:11,"{""short_code"":""O3oEfw"",""original_url"":""https://seeded.app/warm/zenith/596""}"
597,597,204,created,2025-06-28 12:26:20,"{""short_code"":""I8PAR5"",""original_url"":""https://seeded.app/silver/zenith/597""}"
598,598,342,created,2025-12-10 21:49:22,"{""short_code"":""BJKTeA"",""original_url"":""https://acme.dev/forest/trail/598""}"
599,599,376,created,2025-07-21 20:51:06,"{""short_code"":""3uCB5E"",""original_url"":""https://relay.cloud/cobalt/pioneer/599""}"
600,600,192,created,2025-06-02 12:05:53,"{""short_code"":""bgfUox"",""original_url"":""https://opswise.net/calm/network/600""}"
601,601,295,created,2025-12-27 09:29:52,"{""short_code"":""n6dFOD"",""original_url"":""https://hackstack.io/proud/garden/601""}"
602,602,317,created,2025-11-29 23:18:40,"{""short_code"":""ZVzKj3"",""original_url"":""https://hackstack.io/forest/engine/602""}"
603,603,232,created,2025-06-25 19:27:29,"{""short_code"":""bPxdiK"",""original_url"":""https://hackstack.io/brisk/lagoon/603""}"
604,604,9,created,2025-10-06 13:34:48,"{""short_code"":""kx9ySE"",""original_url"":""https://seeded.app/ivory/field/604""}"
605,605,213,created,2026-02-04 13:14:41,"{""short_code"":""HyDqqi"",""original_url"":""https://opswise.net/lively/delta/605""}"
606,606,390,created,2025-02-03 16:21:11,"{""short_code"":""Z9OfW9"",""original_url"":""https://acme.dev/keen/garden/606""}"
607,607,133,created,2025-04-03 11:36:07,"{""short_code"":""RT9uhd"",""original_url"":""https://hackstack.io/proud/delta/607""}"
608,608,157,created,2025-07-01 01:08:19,"{""short_code"":""Kwwxug"",""original_url"":""https://seeded.app/young/journey/608""}"
609,609,348,created,2025-05-21 22:28:46,"{""short_code"":""V1z3gw"",""original_url"":""https://opswise.net/clear/canyon/609""}"
610,610,79,created,2025-12-16 22:52:12,"{""short_code"":""lDJ3mS"",""original_url"":""https://seeded.app/forest/anchor/610""}"
611,611,173,created,2025-03-06 04:44:36,"{""short_code"":""SjlunU"",""original_url"":""https://hackstack.io/ivory/quartz/611""}"
612,612,177,created,2025-03-26 15:27:05,"{""short_code"":""SxCTMH"",""original_url"":""https://seeded.app/quiet/signal/612""}"
613,613,202,created,2025-07-23 08:42:54,"{""short_code"":""EK1CZu"",""original_url"":""https://relay.cloud/ivory/trail/613""}"
614,614,382,created,2026-01-19 03:06:31,"{""short_code"":""IO19VH"",""original_url"":""https://example.com/lively/valley/614""}"
615,615,125,created,2025-04-22 07:19:52,"{""short_code"":""iD1YKf"",""original_url"":""https://opswise.net/navy/engine/615""}"
616,616,228,created,2025-01-31 08:07:03,"{""short_code"":""xLsPA1"",""original_url"":""https://acme.dev/amber/network/616""}"
617,617,357,created,2025-06-14 16:38:13,"{""short_code"":""17aeUH"",""original_url"":""https://acme.dev/silver/river/617""}"
618,618,226,created,2025-06-08 00:49:17,"{""short_code"":""6OLu2L"",""original_url"":""https://opswise.net/proud/journey/618""}"
619,619,46,created,2025-10-15 03:24:07,"{""short_code"":""Kt39XE"",""original_url"":""https://seeded.app/brisk/zenith/619""}"
620,620,205,created,2025-09-10 11:38:38,"{""short_code"":""CvPKE2"",""original_url"":""https://seeded.app/jade/orbit/620""}"
621,621,64,created,2025-07-13 15:52:30,"{""short_code"":""HudItS"",""original_url"":""https://seeded.app/harbor/lagoon/621""}"
622,622,309,created,2025-06-07 17:34:45,"{""short_code"":""m5OkPe"",""original_url"":""https://opswise.net/ivory/harvest/622""}"
623,623,42,created,2025-11-10 20:51:24,"{""short_code"":""gNuobb"",""original_url"":""https://hackstack.io/forest/valley/623""}"
624,624,327,created,2025-08-30 16:16:46,"{""short_code"":""vI4Ov0"",""original_url"":""https://acme.dev/dawn/kernel/624""}"
625,625,323,created,2025-03-23 15:40:32,"{""short_code"":""pCMc4X"",""original_url"":""https://seeded.app/clear/network/625""}"
626,626,315,created,2025-12-07 04:32:08,"{""short_code"":""F5fOlt"",""original_url"":""https://opswise.net/gold/yard/626""}"
627,627,375,created,2026-02-09 05:27:07,"{""short_code"":""ZclmYA"",""original_url"":""https://hackstack.io/cobalt/orbit/627""}"
628,628,5,created,2025-02-17 00:35:12,"{""short_code"":""PuKBtu"",""original_url"":""https://hackstack.io/rapid/beacon/628""}"
629,629,331,created,2025-09-17 17:40:10,"{""short_code"":""Zq5JpX"",""original_url"":""https://opswise.net/ember/uplink/629""}"
630,630,106,created,2025-02-10 03:33:45,"{""short_code"":""GzPmGh"",""original_url"":""https://example.com/opal/quartz/630""}"
631,631,27,created,2025-03-08 00:09:45,"{""short_code"":""LF0Zfw"",""original_url"":""https://acme.dev/quiet/zenith/631""}"
632,632,30,created,2025-04-15 17:25:32,"{""short_code"":""PxAVtY"",""original_url"":""https://acme.dev/mellow/field/632""}"
633,633,272,created,2025-07-14 10:49:55,"{""short_code"":""MFP8th"",""original_url"":""https://seeded.app/calm/canyon/633""}"
634,634,115,created,2026-01-31 16:37:01,"{""short_code"":""emw7Ln"",""original_url"":""https://relay.cloud/quiet/journey/634""}"
635,635,306,created,2026-02-05 08:59:32,"{""short_code"":""2FH1t2"",""original_url"":""https://opswise.net/cobalt/canyon/635""}"
636,636,24,created,2025-04-30 00:24:49,"{""short_code"":""drcdlW"",""original_url"":""https://opswise.net/opal/trail/636""}"
637,637,243,created,2025-04-12 12:34:28,"{""short_code"":""8OnZeW"",""original_url"":""https://opswise.net/gold/delta/637""}"
638,638,137,created,2025-07-27 21:21:05,"{""short_code"":""WZzOox"",""original_url"":""https://hackstack.io/harbor/harvest/638""}"
639,639,133,created,2025-01-29 16:26:35,"{""short_code"":""CIXjCp"",""original_url"":""https://relay.cloud/forest/anchor/639""}"
640,640,390,created,2025-11-30 11:19:08,"{""short_code"":""3kzBDc"",""original_url"":""https://example.com/amber/valley/640""}"
641,641,256,created,2025-07-06 08:53:18,"{""short_code"":""cU4Lxb"",""original_url"":""https://hackstack.io/proud/meadow/641""}"
642,642,132,created,2025-06-10 11:38:31,"{""short_code"":""sgbqHi"",""original_url"":""https://seeded.app/lively/kernel/642""}"
643,643,95,created,2025-10-14 07:42:36,"{""short_code"":""3yZjN1"",""original_url"":""https://acme.dev/amber/pioneer/643""}"
644,644,352,created,2025-09-04 16:21:41,"{""short_code"":""MTGgtc"",""original_url"":""https://example.com/urban/quartz/644""}"
645,645,345,created,2025-07-18 16:27:07,"{""short_code"":""qVbYL2"",""original_url"":""https://hackstack.io/tidy/zenith/645""}"
646,646,91,created,2025-11-10 01:28:06,"{""short_code"":""3MZmz1"",""original_url"":""https://acme.dev/gold/orbit/646""}"
647,647,327,created,2025-02-18 00:13:41,"{""short_code"":""p19rXQ"",""original_url"":""https://example.com/quiet/zenith/647""}"
648,648,7,created,2025-01-18 17:42:12,"{""short_code"":""Ov4iUc"",""original_url"":""https://relay.cloud/ivory/beacon/648""}"
649,649,185,created,2025-09-09 08:24:39,"{""short_code"":""SVcsJU"",""original_url"":""https://seeded.app/jade/signal/649""}"
650,650,197,created,2025-08-17 07:52:10,"{""short_code"":""m4Y5mw"",""original_url"":""https://relay.cloud/cobalt/trail/650""}"
651,651,339,created,2025-10-23 21:21:51,"{""short_code"":""JCKW5A"",""original_url"":""https://opswise.net/amber/delta/651""}"
652,652,264,created,2025-03-08 22:24:05,"{""short_code"":""PZchmV"",""original_url"":""https://relay.cloud/urban/meadow/652""}"
653,653,182,created,2025-10-06 16:03:42,"{""short_code"":""RI1dEF"",""original_url"":""https://relay.cloud/amber/delta/653""}"
654,654,295,created,2025-02-05 16:22:49,"{""short_code"":""F60Lzy"",""original_url"":""https://acme.dev/lively/journey/654""}"
655,655,186,created,2025-11-11 15:26:43,"{""short_code"":""DZkNpg"",""original_url"":""https://hackstack.io/rapid/anchor/655""}"
656,656,222,created,2025-05-03 21:59:03,"{""short_code"":""SVcpEK"",""original_url"":""https://acme.dev/silver/river/656""}"
657,657,237,created,2025-03-19 18:45:02,"{""short_code"":""6PTUqI"",""original_url"":""https://acme.dev/opal/network/657""}"
658,658,15,created,2026-01-13 08:13:07,"{""short_code"":""F4E2Xf"",""original_url"":""https://example.com/keen/lagoon/658""}"
659,659,236,created,2025-05-03 12:35:26,"{""short_code"":""Z9XmaQ"",""original_url"":""https://acme.dev/young/uplink/659""}"
660,660,175,created,2025-04-23 19:31:25,"{""short_code"":""0UeeF5"",""original_url"":""https://opswise.net/lively/quartz/660""}"
661,661,130,created,2025-12-24 15:39:59,"{""short_code"":""7gVPWi"",""original_url"":""https://relay.cloud/navy/field/661""}"
662,662,247,created,2025-02-10 00:37:50,"{""short_code"":""dCVRkg"",""original_url"":""https://example.com/opal/delta/662""}"
663,663,165,created,2025-10-07 07:21:31,"{""short_code"":""KZ4jl5"",""original_url"":""https://hackstack.io/calm/kernel/663""}"
664,664,86,created,2025-07-02 10:22:16,"{""short_code"":""JuIoRd"",""original_url"":""https://hackstack.io/navy/anchor/664""}"
665,665,89,created,2025-08-09 09:36:41,"{""short_code"":""dQj9uA"",""original_url"":""https://example.com/forest/meadow/665""}"
666,666,51,created,2026-02-09 18:16:00,"{""short_code"":""Epl5ks"",""original_url"":""https://example.com/clear/uplink/666""}"
667,667,142,created,2025-08-15 03:48:39,"{""short_code"":""Dsa3EV"",""original_url"":""https://opswise.net/tidy/river/667""}"
668,668,3,created,2025-08-03 08:39:59,"{""short_code"":""HUYFHL"",""original_url"":""https://opswise.net/mellow/island/668""}"
669,669,266,created,2025-10-07 01:17:04,"{""short_code"":""XZs6JC"",""original_url"":""https://relay.cloud/ivory/uplink/669""}"
670,670,73,created,2025-08-01 14:04:09,"{""short_code"":""FYZVwM"",""original_url"":""https://acme.dev/amber/delta/670""}"
671,671,333,created,2025-07-30 12:11:43,"{""short_code"":""8vfZLb"",""original_url"":""https://relay.cloud/navy/lagoon/671""}"
672,672,214,created,2026-02-01 08:49:27,"{""short_code"":""6n8ZpC"",""original_url"":""https://example.com/ember/window/672""}"
673,673,316,created,2025-01-26 12:00:48,"{""short_code"":""TTWSbx"",""original_url"":""https://opswise.net/opal/zenith/673""}"
674,674,214,created,2025-11-21 00:54:06,"{""short_code"":""EOxy8a"",""original_url"":""https://hackstack.io/calm/island/674""}"
675,675,160,created,2025-12-28 13:13:43,"{""short_code"":""cVCxlu"",""original_url"":""https://hackstack.io/mellow/orbit/675""}"
676,676,386,created,2025-08-01 13:36:15,"{""short_code"":""CMRIcz"",""original_url"":""https://hackstack.io/opal/river/676""}"
677,677,377,created,2025-07-21 21:38:22,"{""short_code"":""nCFmqB"",""original_url"":""https://seeded.app/lively/river/677""}"
678,678,186,created,2025-06-17 22:41:21,"{""short_code"":""bf2znx"",""original_url"":""https://example.com/young/journey/678""}"
679,679,122,created,2026-02-04 06:35:52,"{""short_code"":""IGUN4V"",""original_url"":""https://hackstack.io/gold/delta/679""}"
680,680,178,created,2025-09-05 20:12:01,"{""short_code"":""8ePOt4"",""original_url"":""https://relay.cloud/keen/signal/680""}"
681,681,126,created,2025-10-31 22:20:23,"{""short_code"":""Xdr5gW"",""original_url"":""https://opswise.net/opal/meadow/681""}"
682,682,173,created,2025-05-21 11:28:29,"{""short_code"":""wBf7a9"",""original_url"":""https://acme.dev/harbor/valley/682""}"
683,683,213,created,2025-04-11 21:24:42,"{""short_code"":""K6DYT8"",""original_url"":""https://example.com/dawn/yard/683""}"
684,684,168,created,2025-06-24 20:32:52,"{""short_code"":""25rT2n"",""original_url"":""https://relay.cloud/cobalt/journey/684""}"
685,685,235,created,2025-11-21 23:14:57,"{""short_code"":""LSSW1i"",""original_url"":""https://acme.dev/calm/garden/685""}"
686,686,116,created,2025-06-10 04:48:28,"{""short_code"":""wK1RPA"",""original_url"":""https://hackstack.io/dawn/anchor/686""}"
687,687,150,created,2025-08-25 23:05:50,"{""short_code"":""FJv3Ux"",""original_url"":""https://acme.dev/brisk/journey/687""}"
688,688,146,created,2025-09-12 14:17:36,"{""short_code"":""WlKqh4"",""original_url"":""https://seeded.app/silver/pioneer/688""}"
689,689,163,created,2025-10-19 03:27:39,"{""short_code"":""JZoQdc"",""original_url"":""https://acme.dev/dawn/anchor/689""}"
690,690,246,created,2025-08-14 14:52:24,"{""short_code"":""gzHkhP"",""original_url"":""https://acme.dev/opal/kernel/690""}"
691,691,374,created,2025-02-16 09:11:07,"{""short_code"":""8GvoMI"",""original_url"":""https://opswise.net/navy/garden/691""}"
692,692,354,created,2025-09-02 03:58:16,"{""short_code"":""gkAlYl"",""original_url"":""https://hackstack.io/quiet/harvest/692""}"
693,693,289,created,2025-04-18 17:12:51,"{""short_code"":""qJpxgb"",""original_url"":""https://relay.cloud/navy/kernel/693""}"
694,694,170,created,2025-04-02 17:41:55,"{""short_code"":""YnCgzM"",""original_url"":""https://acme.dev/keen/lagoon/694""}"
695,695,233,created,2025-03-13 03:31:38,"{""short_code"":""xBtRwq"",""original_url"":""https://opswise.net/cobalt/pioneer/695""}"
696,696,262,created,2026-02-05 05:06:37,"{""short_code"":""OtgYYh"",""original_url"":""https://acme.dev/brisk/field/696""}"
697,697,26,created,2025-02-15 08:16:54,"{""short_code"":""ArIOp2"",""original_url"":""https://hackstack.io/amber/signal/697""}"
698,698,338,created,2025-01-27 16:57:32,"{""short_code"":""pjSRqV"",""original_url"":""https://seeded.app/dawn/quartz/698""}"
699,699,61,created,2025-02-24 00:50:05,"{""short_code"":""tXk3i5"",""original_url"":""https://acme.dev/ember/network/699""}"
700,700,21,created,2025-11-28 00:46:10,"{""short_code"":""BxPUVr"",""original_url"":""https://seeded.app/lively/pioneer/700""}"
701,701,376,created,2025-01-09 09:41:27,"{""short_code"":""FA3oGk"",""original_url"":""https://relay.cloud/cobalt/orbit/701""}"
702,702,100,created,2025-03-14 19:25:15,"{""short_code"":""1fzFAZ"",""original_url"":""https://example.com/jade/orbit/702""}"
703,703,321,created,2025-12-30 07:38:42,"{""short_code"":""jsMlKC"",""original_url"":""https://acme.dev/clear/beacon/703""}"
704,704,73,created,2025-02-25 06:21:23,"{""short_code"":""QnEZuL"",""original_url"":""https://opswise.net/navy/engine/704""}"
705,705,134,created,2025-09-08 11:01:19,"{""short_code"":""CAGJbh"",""original_url"":""https://example.com/clear/quartz/705""}"
706,706,85,created,2025-05-23 00:36:32,"{""short_code"":""Ea8WW6"",""original_url"":""https://example.com/urban/field/706""}"
707,707,248,created,2025-05-06 05:04:12,"{""short_code"":""i6aJPo"",""original_url"":""https://opswise.net/harbor/valley/707""}"
708,708,254,created,2025-12-29 06:33:19,"{""short_code"":""ZxhoU5"",""original_url"":""https://hackstack.io/ivory/journey/708""}"
709,709,368,created,2025-10-15 01:59:45,"{""short_code"":""u6rvuU"",""original_url"":""https://acme.dev/amber/orbit/709""}"
710,710,58,created,2025-10-29 11:05:40,"{""short_code"":""Tnt04M"",""original_url"":""https://opswise.net/ivory/uplink/710""}"
711,711,28,created,2025-03-25 13:46:23,"{""short_code"":""PMDMGj"",""original_url"":""https://example.com/young/beacon/711""}"
712,712,246,created,2025-11-17 16:37:01,"{""short_code"":""KUmydF"",""original_url"":""https://example.com/jade/quartz/712""}"
713,713,7,created,2026-01-01 22:49:20,"{""short_code"":""KEiFIj"",""original_url"":""https://acme.dev/tidy/garden/713""}"
714,714,1,created,2025-09-03 01:17:58,"{""short_code"":""iBiGwj"",""original_url"":""https://example.com/gold/river/714""}"
715,715,375,created,2025-05-23 07:07:57,"{""short_code"":""4Ojv7C"",""original_url"":""https://relay.cloud/cobalt/engine/715""}"
716,716,32,created,2025-05-20 19:05:24,"{""short_code"":""1efQFj"",""original_url"":""https://opswise.net/lively/journey/716""}"
717,717,307,created,2026-01-31 11:22:33,"{""short_code"":""MhNq2y"",""original_url"":""https://hackstack.io/lively/quartz/717""}"
718,718,316,created,2025-05-03 14:22:44,"{""short_code"":""FDT33a"",""original_url"":""https://opswise.net/silver/field/718""}"
719,719,345,created,2025-04-09 01:49:19,"{""short_code"":""LMpCNV"",""original_url"":""https://relay.cloud/harbor/anchor/719""}"
720,720,53,created,2025-03-10 04:21:48,"{""short_code"":""kkCSYa"",""original_url"":""https://hackstack.io/clear/signal/720""}"
721,721,309,created,2025-08-30 12:18:58,"{""short_code"":""wkyTP8"",""original_url"":""https://acme.dev/quiet/window/721""}"
722,722,353,created,2025-01-08 19:56:36,"{""short_code"":""6UUhWA"",""original_url"":""https://example.com/ivory/orbit/722""}"
723,723,34,created,2026-02-14 17:15:00,"{""short_code"":""vWfMdF"",""original_url"":""https://opswise.net/vivid/anchor/723""}"
724,724,7,created,2025-02-21 09:02:00,"{""short_code"":""iLWAXG"",""original_url"":""https://relay.cloud/clear/quartz/724""}"
725,725,54,created,2025-04-25 03:04:21,"{""short_code"":""EwCRSx"",""original_url"":""https://opswise.net/navy/pioneer/725""}"
726,726,115,created,2025-11-04 07:45:23,"{""short_code"":""qF78zN"",""original_url"":""https://acme.dev/jade/quartz/726""}"
727,727,384,created,2025-02-12 06:42:02,"{""short_code"":""duokdX"",""original_url"":""https://acme.dev/navy/yard/727""}"
728,728,164,created,2025-04-22 06:11:00,"{""short_code"":""5lNvFW"",""original_url"":""https://hackstack.io/calm/orbit/728""}"
729,729,263,created,2025-08-06 08:14:59,"{""short_code"":""UEHTEs"",""original_url"":""https://hackstack.io/keen/valley/729""}"
730,730,281,created,2026-02-19 23:21:56,"{""short_code"":""0NGW6Z"",""original_url"":""https://relay.cloud/mellow/lagoon/730""}"
731,731,157,created,2025-06-10 10:18:41,"{""short_code"":""i99QI2"",""original_url"":""https://example.com/vivid/garden/731""}"
732,732,283,created,2025-11-10 01:52:55,"{""short_code"":""K6VPzd"",""original_url"":""https://acme.dev/dawn/uplink/732""}"
733,733,133,created,2025-03-18 07:59:42,"{""short_code"":""o92hnv"",""original_url"":""https://seeded.app/mellow/harvest/733""}"
734,734,347,created,2025-07-31 03:06:32,"{""short_code"":""ej0CWv"",""original_url"":""https://opswise.net/dawn/anchor/734""}"
735,735,257,created,2025-06-23 03:16:08,"{""short_code"":""HLqiNM"",""original_url"":""https://opswise.net/quiet/pioneer/735""}"
736,736,117,created,2025-05-13 13:27:23,"{""short_code"":""lpUlnI"",""original_url"":""https://example.com/cobalt/kernel/736""}"
737,737,258,created,2025-12-18 22:17:40,"{""short_code"":""LPGNCn"",""original_url"":""https://example.com/silver/river/737""}"
738,738,36,created,2026-02-10 17:18:46,"{""short_code"":""lEFtGp"",""original_url"":""https://acme.dev/tidy/yard/738""}"
739,739,349,created,2025-03-10 10:22:17,"{""short_code"":""nHCSC1"",""original_url"":""https://seeded.app/cobalt/harvest/739""}"
740,740,385,created,2025-09-07 16:51:44,"{""short_code"":""pvIVcS"",""original_url"":""https://example.com/cobalt/field/740""}"
741,741,315,created,2025-10-31 15:52:34,"{""short_code"":""qd8fm4"",""original_url"":""https://acme.dev/vivid/valley/741""}"
742,742,342,created,2025-12-01 02:50:11,"{""short_code"":""czwNDC"",""original_url"":""https://example.com/cobalt/quartz/742""}"
743,743,302,created,2025-12-12 03:14:38,"{""short_code"":""hlJ72l"",""original_url"":""https://hackstack.io/ember/meadow/743""}"
744,744,120,created,2025-10-28 04:52:24,"{""short_code"":""mSkzNy"",""original_url"":""https://relay.cloud/clear/valley/744""}"
745,745,314,created,2026-02-03 10:06:09,"{""short_code"":""xoMECW"",""original_url"":""https://seeded.app/lively/harvest/745""}"
746,746,27,created,2025-03-27 12:47:45,"{""short_code"":""De5tgU"",""original_url"":""https://relay.cloud/brisk/network/746""}"
747,747,69,created,2025-12-03 01:29:56,"{""short_code"":""Dux2kU"",""original_url"":""https://hackstack.io/urban/pioneer/747""}"
748,748,273,created,2025-06-12 05:53:32,"{""short_code"":""EiaHb9"",""original_url"":""https://acme.dev/keen/delta/748""}"
749,749,212,created,2025-02-14 10:37:17,"{""short_code"":""Hgj4MA"",""original_url"":""https://relay.cloud/amber/uplink/749""}"
750,750,389,created,2025-07-05 15:02:42,"{""short_code"":""trqbfU"",""original_url"":""https://relay.cloud/cobalt/yard/750""}"
751,751,386,created,2025-04-14 20:00:29,"{""short_code"":""rDJ0VC"",""original_url"":""https://acme.dev/navy/trail/751""}"
752,752,231,created,2025-07-31 21:58:34,"{""short_code"":""EqYl2g"",""original_url"":""https://hackstack.io/mellow/anchor/752""}"
753,753,363,created,2025-01-28 23:59:15,"{""short_code"":""aLWKXW"",""original_url"":""https://hackstack.io/proud/zenith/753""}"
754,754,342,created,2025-07-21 15:29:37,"{""short_code"":""FJWwx1"",""original_url"":""https://relay.cloud/harbor/pioneer/754""}"
755,755,376,created,2025-09-03 00:25:24,"{""short_code"":""1ROHcv"",""original_url"":""https://relay.cloud/vivid/kernel/755""}"
756,756,248,created,2025-10-31 05:39:02,"{""short_code"":""m8C4Eh"",""original_url"":""https://relay.cloud/silver/kernel/756""}"
757,757,168,created,2025-02-12 21:23:17,"{""short_code"":""U3FhqI"",""original_url"":""https://example.com/tidy/garden/757""}"
758,758,126,created,2025-12-20 19:32:01,"{""short_code"":""lmIPvk"",""original_url"":""https://example.com/ember/engine/758""}"
759,759,65,created,2026-02-18 19:42:35,"{""short_code"":""5wPui6"",""original_url"":""https://hackstack.io/navy/kernel/759""}"
760,760,265,created,2025-07-30 18:12:11,"{""short_code"":""KSZ0Gb"",""original_url"":""https://opswise.net/opal/engine/760""}"
761,761,317,created,2025-04-16 09:36:26,"{""short_code"":""BMvExk"",""original_url"":""https://opswise.net/calm/valley/761""}"
762,762,114,created,2025-07-02 15:54:34,"{""short_code"":""j6qFSX"",""original_url"":""https://acme.dev/mellow/kernel/762""}"
763,763,47,created,2025-07-25 14:18:50,"{""short_code"":""wCoPQJ"",""original_url"":""https://relay.cloud/clear/island/763""}"
764,764,391,created,2025-03-27 17:55:11,"{""short_code"":""bWJDP7"",""original_url"":""https://example.com/clear/beacon/764""}"
765,765,305,created,2025-11-12 17:00:57,"{""short_code"":""dJYnIY"",""original_url"":""https://hackstack.io/mellow/beacon/765""}"
766,766,199,created,2025-01-14 15:29:10,"{""short_code"":""4louIR"",""original_url"":""https://relay.cloud/brisk/zenith/766""}"
767,767,319,created,2025-02-18 12:19:06,"{""short_code"":""VHUgWy"",""original_url"":""https://opswise.net/vivid/kernel/767""}"
768,768,145,created,2025-06-23 18:38:24,"{""short_code"":""q6ELR9"",""original_url"":""https://acme.dev/ember/uplink/768""}"
769,769,136,created,2025-06-19 16:34:12,"{""short_code"":""IDcRWm"",""original_url"":""https://relay.cloud/clear/kernel/769""}"
770,770,168,created,2025-09-14 11:25:05,"{""short_code"":""ns7t0r"",""original_url"":""https://acme.dev/tidy/river/770""}"
771,771,39,created,2025-06-13 23:59:18,"{""short_code"":""DYjLdb"",""original_url"":""https://example.com/forest/orbit/771""}"
772,772,143,created,2025-04-11 05:54:37,"{""short_code"":""8C7awG"",""original_url"":""https://acme.dev/calm/river/772""}"
773,773,34,created,2025-05-22 03:46:07,"{""short_code"":""PeLGKS"",""original_url"":""https://acme.dev/dawn/anchor/773""}"
774,774,128,created,2025-10-13 01:21:56,"{""short_code"":""GRrdec"",""original_url"":""https://example.com/amber/signal/774""}"
775,775,113,created,2025-10-05 18:15:58,"{""short_code"":""8hjMRB"",""original_url"":""https://acme.dev/lively/signal/775""}"
776,776,58,created,2025-01-27 23:16:16,"{""short_code"":""j1unsa"",""original_url"":""https://acme.dev/jade/beacon/776""}"
777,777,61,created,2025-01-03 10:28:56,"{""short_code"":""qTZpuo"",""original_url"":""https://example.com/rapid/zenith/777""}"
778,778,187,created,2025-10-19 22:39:49,"{""short_code"":""0UsC5f"",""original_url"":""https://acme.dev/ember/pioneer/778""}"
779,779,339,created,2025-07-18 08:25:21,"{""short_code"":""jdTQLL"",""original_url"":""https://acme.dev/mellow/canyon/779""}"
780,780,27,created,2025-12-02 05:50:44,"{""short_code"":""YZjrpA"",""original_url"":""https://seeded.app/young/valley/780""}"
781,781,76,created,2025-07-31 00:15:38,"{""short_code"":""B14Wug"",""original_url"":""https://example.com/forest/uplink/781""}"
782,782,145,created,2025-12-29 06:13:49,"{""short_code"":""ZGASzW"",""original_url"":""https://hackstack.io/silver/beacon/782""}"
783,783,201,created,2025-10-22 22:31:45,"{""short_code"":""VgmiNV"",""original_url"":""https://example.com/brisk/pioneer/783""}"
784,784,22,created,2025-11-16 12:38:36,"{""short_code"":""UVND92"",""original_url"":""https://acme.dev/ember/field/784""}"
785,785,27,created,2025-08-01 09:11:24,"{""short_code"":""hjLD0A"",""original_url"":""https://example.com/harbor/field/785""}"
786,786,149,created,2025-10-23 23:23:32,"{""short_code"":""PiohEu"",""original_url"":""https://seeded.app/silver/field/786""}"
787,787,11,created,2025-11-05 01:10:04,"{""short_code"":""HndmZS"",""original_url"":""https://example.com/calm/orbit/787""}"
788,788,221,created,2025-11-10 00:28:35,"{""short_code"":""DOKnGt"",""original_url"":""https://opswise.net/silver/window/788""}"
789,789,34,created,2025-05-02 06:57:08,"{""short_code"":""e6ECTS"",""original_url"":""https://example.com/ember/valley/789""}"
790,790,92,created,2025-06-20 09:34:40,"{""short_code"":""lwmqI1"",""original_url"":""https://opswise.net/cobalt/trail/790""}"
791,791,99,created,2025-10-14 08:19:39,"{""short_code"":""AzcR0e"",""original_url"":""https://hackstack.io/navy/window/791""}"
792,792,144,created,2025-09-05 07:00:05,"{""short_code"":""vPgVg0"",""original_url"":""https://seeded.app/ivory/meadow/792""}"
793,793,70,created,2025-04-14 21:55:28,"{""short_code"":""DBW7Te"",""original_url"":""https://example.com/quiet/yard/793""}"
794,794,176,created,2025-05-09 10:57:27,"{""short_code"":""SUIzpO"",""original_url"":""https://relay.cloud/dawn/yard/794""}"
795,795,299,created,2025-06-30 21:45:04,"{""short_code"":""k0J4k3"",""original_url"":""https://seeded.app/ivory/lagoon/795""}"
796,796,161,created,2025-11-03 07:01:31,"{""short_code"":""eN53xb"",""original_url"":""https://seeded.app/ember/quartz/796""}"
797,797,12,created,2025-04-09 09:44:49,"{""short_code"":""YqUX9V"",""original_url"":""https://hackstack.io/young/orbit/797""}"
798,798,171,created,2025-06-16 01:34:33,"{""short_code"":""h3PW3D"",""original_url"":""https://example.com/calm/quartz/798""}"
799,799,365,created,2025-05-10 05:29:34,"{""short_code"":""jp3Xmg"",""original_url"":""https://opswise.net/urban/meadow/799""}"
800,800,181,created,2025-07-27 12:43:06,"{""short_code"":""nlUf6I"",""original_url"":""https://hackstack.io/urban/engine/800""}"
801,801,101,created,2025-10-22 10:07:08,"{""short_code"":""Sty0Zs"",""original_url"":""https://opswise.net/mellow/anchor/801""}"
802,802,257,created,2025-06-04 06:02:07,"{""short_code"":""lmFEeD"",""original_url"":""https://seeded.app/opal/field/802""}"
803,803,98,created,2025-09-19 12:08:38,"{""short_code"":""tB7d6D"",""original_url"":""https://relay.cloud/ember/network/803""}"
804,804,341,created,2025-10-31 19:04:13,"{""short_code"":""AXyZLU"",""original_url"":""https://hackstack.io/jade/orbit/804""}"
805,805,170,created,2025-12-23 11:21:37,"{""short_code"":""S7tdLe"",""original_url"":""https://acme.dev/harbor/river/805""}"
806,806,279,created,2025-06-13 19:11:10,"{""short_code"":""g0FzG3"",""original_url"":""https://relay.cloud/mellow/yard/806""}"
807,807,58,created,2025-01-29 11:41:51,"{""short_code"":""AB2DiT"",""original_url"":""https://relay.cloud/rapid/meadow/807""}"
808,808,88,created,2025-03-05 14:36:14,"{""short_code"":""2bt79C"",""original_url"":""https://opswise.net/calm/lagoon/808""}"
809,809,224,created,2025-09-19 21:08:01,"{""short_code"":""Yw5m63"",""original_url"":""https://example.com/calm/engine/809""}"
810,810,125,created,2025-07-01 17:18:01,"{""short_code"":""a8ccQq"",""original_url"":""https://relay.cloud/vivid/field/810""}"
811,811,37,created,2025-03-10 06:38:36,"{""short_code"":""GyznIN"",""original_url"":""https://opswise.net/gold/zenith/811""}"
812,812,46,created,2025-07-30 16:19:56,"{""short_code"":""3lt454"",""original_url"":""https://seeded.app/brisk/island/812""}"
813,813,287,created,2025-12-29 12:19:04,"{""short_code"":""Fefogj"",""original_url"":""https://example.com/rapid/harvest/813""}"
814,814,184,created,2025-05-15 17:23:48,"{""short_code"":""jaugG0"",""original_url"":""https://acme.dev/calm/signal/814""}"
815,815,246,created,2025-05-04 09:10:55,"{""short_code"":""FUHiK7"",""original_url"":""https://relay.cloud/jade/zenith/815""}"
816,816,25,created,2026-01-11 03:00:38,"{""short_code"":""nkWxw0"",""original_url"":""https://relay.cloud/mellow/harvest/816""}"
817,817,140,created,2025-03-18 18:20:30,"{""short_code"":""JrKjtZ"",""original_url"":""https://example.com/vivid/orbit/817""}"
818,818,390,created,2025-09-23 15:03:19,"{""short_code"":""g4qi8D"",""original_url"":""https://relay.cloud/calm/network/818""}"
819,819,94,created,2025-10-05 02:48:36,"{""short_code"":""2a5O52"",""original_url"":""https://relay.cloud/gold/meadow/819""}"
820,820,387,created,2025-08-22 15:08:47,"{""short_code"":""tbcZTM"",""original_url"":""https://opswise.net/mellow/meadow/820""}"
821,821,19,created,2025-07-28 06:34:14,"{""short_code"":""LPYdcl"",""original_url"":""https://seeded.app/jade/meadow/821""}"
822,822,178,created,2026-01-24 03:19:55,"{""short_code"":""EI77gf"",""original_url"":""https://example.com/mellow/signal/822""}"
823,823,32,created,2025-12-15 01:38:49,"{""short_code"":""m0yYGS"",""original_url"":""https://hackstack.io/navy/canyon/823""}"
824,824,396,created,2025-04-30 06:14:33,"{""short_code"":""vLAJ2D"",""original_url"":""https://example.com/urban/network/824""}"
825,825,200,created,2025-08-19 02:07:33,"{""short_code"":""eVMhQY"",""original_url"":""https://seeded.app/vivid/meadow/825""}"
826,826,4,created,2025-09-04 07:47:10,"{""short_code"":""mtZPhK"",""original_url"":""https://example.com/brisk/journey/826""}"
827,827,108,created,2025-09-01 14:07:59,"{""short_code"":""9OrKyw"",""original_url"":""https://acme.dev/forest/pioneer/827""}"
828,828,33,created,2025-03-09 05:21:25,"{""short_code"":""BncUUC"",""original_url"":""https://hackstack.io/young/garden/828""}"
829,829,316,created,2025-09-19 08:34:48,"{""short_code"":""cpdaf6"",""original_url"":""https://relay.cloud/silver/valley/829""}"
830,830,271,created,2025-10-09 10:36:54,"{""short_code"":""UPXraS"",""original_url"":""https://acme.dev/opal/engine/830""}"
831,831,163,created,2025-12-03 18:42:38,"{""short_code"":""BvGZmm"",""original_url"":""https://relay.cloud/young/signal/831""}"
832,832,289,created,2025-03-04 03:42:26,"{""short_code"":""9h93SO"",""original_url"":""https://opswise.net/clear/window/832""}"
833,833,266,created,2025-04-01 13:04:16,"{""short_code"":""8K8QoW"",""original_url"":""https://opswise.net/quiet/signal/833""}"
834,834,4,created,2025-11-18 05:03:03,"{""short_code"":""GLVexI"",""original_url"":""https://opswise.net/dawn/delta/834""}"
835,835,365,created,2025-11-18 00:30:49,"{""short_code"":""3hEN4e"",""original_url"":""https://hackstack.io/ember/uplink/835""}"
836,836,379,created,2025-05-22 10:07:43,"{""short_code"":""zKuoi0"",""original_url"":""https://hackstack.io/clear/anchor/836""}"
837,837,275,created,2025-05-28 17:34:34,"{""short_code"":""3GU9tr"",""original_url"":""https://relay.cloud/harbor/meadow/837""}"
838,838,53,created,2025-10-26 16:11:47,"{""short_code"":""cNEqGc"",""original_url"":""https://relay.cloud/tidy/kernel/838""}"
839,839,373,created,2025-08-12 13:01:25,"{""short_code"":""l9U1an"",""original_url"":""https://hackstack.io/navy/signal/839""}"
840,840,90,created,2025-03-07 00:30:44,"{""short_code"":""fn9QnU"",""original_url"":""https://example.com/clear/orbit/840""}"
841,841,101,created,2025-08-09 23:26:56,"{""short_code"":""vHgZTo"",""original_url"":""https://hackstack.io/vivid/anchor/841""}"
842,842,234,created,2025-09-11 02:54:18,"{""short_code"":""sHj6V9"",""original_url"":""https://hackstack.io/warm/harvest/842""}"
843,843,258,created,2025-08-28 13:16:18,"{""short_code"":""JUTaw2"",""original_url"":""https://acme.dev/ivory/journey/843""}"
844,844,112,created,2025-02-16 16:59:54,"{""short_code"":""Wots3P"",""original_url"":""https://opswise.net/young/garden/844""}"
845,845,294,created,2025-09-19 18:23:44,"{""short_code"":""roY271"",""original_url"":""https://acme.dev/mellow/signal/845""}"
846,846,326,created,2025-10-14 20:07:43,"{""short_code"":""ZllSys"",""original_url"":""https://opswise.net/forest/beacon/846""}"
847,847,304,created,2025-05-11 08:05:40,"{""short_code"":""uvJQ0t"",""original_url"":""https://seeded.app/cobalt/kernel/847""}"
848,848,400,created,2025-03-30 03:11:20,"{""short_code"":""sHGI8X"",""original_url"":""https://seeded.app/opal/island/848""}"
849,849,376,created,2025-05-21 15:49:01,"{""short_code"":""ZKfwT6"",""original_url"":""https://opswise.net/dawn/journey/849""}"
850,850,272,created,2025-03-19 09:36:11,"{""short_code"":""ApDLax"",""original_url"":""https://relay.cloud/silver/anchor/850""}"
851,851,189,created,2026-02-15 09:47:31,"{""short_code"":""tH7XMh"",""original_url"":""https://hackstack.io/rapid/quartz/851""}"
852,852,93,created,2025-12-04 02:25:25,"{""short_code"":""t57VQW"",""original_url"":""https://example.com/urban/meadow/852""}"
853,853,244,created,2025-04-07 18:11:17,"{""short_code"":""YdrxsJ"",""original_url"":""https://seeded.app/amber/valley/853""}"
854,854,86,created,2025-04-19 09:02:03,"{""short_code"":""V8QJdf"",""original_url"":""https://seeded.app/proud/trail/854""}"
855,855,37,created,2025-08-20 16:45:20,"{""short_code"":""K2HgnG"",""original_url"":""https://hackstack.io/opal/window/855""}"
856,856,277,created,2025-12-27 04:47:44,"{""short_code"":""gGuW2B"",""original_url"":""https://relay.cloud/mellow/beacon/856""}"
857,857,234,created,2025-10-28 18:05:33,"{""short_code"":""iUuaxt"",""original_url"":""https://hackstack.io/calm/field/857""}"
858,858,394,created,2025-06-15 11:02:31,"{""short_code"":""fa3ECl"",""original_url"":""https://seeded.app/mellow/meadow/858""}"
859,859,102,created,2025-09-03 01:16:37,"{""short_code"":""lMhsgt"",""original_url"":""https://seeded.app/gold/zenith/859""}"
860,860,387,created,2025-10-13 01:14:22,"{""short_code"":""q9SrZ2"",""original_url"":""https://hackstack.io/opal/garden/860""}"
861,861,158,created,2025-12-13 16:27:24,"{""short_code"":""WoKNpm"",""original_url"":""https://hackstack.io/ember/river/861""}"
862,862,229,created,2025-09-16 17:01:16,"{""short_code"":""NWEibC"",""original_url"":""https://hackstack.io/keen/orbit/862""}"
863,863,234,created,2025-09-24 17:13:14,"{""short_code"":""eGYL6P"",""original_url"":""https://example.com/warm/orbit/863""}"
864,864,389,created,2025-08-23 14:37:44,"{""short_code"":""awJREG"",""original_url"":""https://hackstack.io/amber/uplink/864""}"
865,865,209,created,2025-09-18 03:59:21,"{""short_code"":""8ve0to"",""original_url"":""https://opswise.net/ivory/quartz/865""}"
866,866,166,created,2025-11-25 01:38:20,"{""short_code"":""FxF7Ce"",""original_url"":""https://relay.cloud/ember/uplink/866""}"
867,867,286,created,2026-02-20 03:20:06,"{""short_code"":""8pvO0d"",""original_url"":""https://seeded.app/brisk/meadow/867""}"
868,868,184,created,2026-02-06 04:14:47,"{""short_code"":""3TbG2y"",""original_url"":""https://acme.dev/mellow/pioneer/868""}"
869,869,286,created,2025-11-11 04:33:15,"{""short_code"":""WOgjix"",""original_url"":""https://relay.cloud/dawn/kernel/869""}"
870,870,375,created,2025-09-21 15:40:56,"{""short_code"":""Yrvo3E"",""original_url"":""https://hackstack.io/cobalt/window/870""}"
871,871,74,created,2025-10-05 17:19:29,"{""short_code"":""3VlNpM"",""original_url"":""https://relay.cloud/navy/beacon/871""}"
872,872,252,created,2025-04-26 19:06:15,"{""short_code"":""22zXt1"",""original_url"":""https://acme.dev/navy/network/872""}"
873,873,62,created,2025-09-23 05:32:26,"{""short_code"":""B8dL7r"",""original_url"":""https://acme.dev/ember/valley/873""}"
874,874,60,created,2025-10-19 01:36:03,"{""short_code"":""krL7jK"",""original_url"":""https://opswise.net/dawn/pioneer/874""}"
875,875,357,created,2025-11-07 08:50:08,"{""short_code"":""SwugcZ"",""original_url"":""https://example.com/quiet/trail/875""}"
876,876,234,created,2025-09-03 17:13:49,"{""short_code"":""ReNnBl"",""original_url"":""https://seeded.app/rapid/yard/876""}"
877,877,56,created,2025-07-07 21:55:21,"{""short_code"":""IL19rl"",""original_url"":""https://relay.cloud/amber/orbit/877""}"
878,878,252,created,2025-07-23 01:20:14,"{""short_code"":""WkR0un"",""original_url"":""https://example.com/warm/orbit/878""}"
879,879,205,created,2025-11-16 23:33:03,"{""short_code"":""Y4iKNL"",""original_url"":""https://relay.cloud/young/quartz/879""}"
880,880,76,created,2025-05-31 18:53:18,"{""short_code"":""QXo9PU"",""original_url"":""https://relay.cloud/tidy/river/880""}"
881,881,319,created,2025-08-24 22:05:32,"{""short_code"":""c6r5Wl"",""original_url"":""https://relay.cloud/young/quartz/881""}"
882,882,175,created,2026-02-01 06:59:12,"{""short_code"":""JoDidr"",""original_url"":""https://example.com/forest/pioneer/882""}"
883,883,35,created,2025-05-11 07:18:26,"{""short_code"":""wPJnBa"",""original_url"":""https://seeded.app/keen/network/883""}"
884,884,98,created,2025-02-10 08:53:33,"{""short_code"":""wde3F7"",""original_url"":""https://seeded.app/silver/island/884""}"
885,885,239,created,2025-08-28 01:26:10,"{""short_code"":""rQ441B"",""original_url"":""https://relay.cloud/silver/field/885""}"
886,886,244,created,2025-01-26 14:21:56,"{""short_code"":""0iazTd"",""original_url"":""https://example.com/ivory/river/886""}"
887,887,14,created,2025-06-13 00:56:22,"{""short_code"":""7pjltA"",""original_url"":""https://example.com/tidy/lagoon/887""}"
888,888,288,created,2025-04-26 13:30:10,"{""short_code"":""YuTr2Z"",""original_url"":""https://acme.dev/jade/valley/888""}"
889,889,113,created,2025-01-09 09:28:01,"{""short_code"":""vK08Nz"",""original_url"":""https://opswise.net/jade/quartz/889""}"
890,890,14,created,2025-01-05 19:16:58,"{""short_code"":""tTb16v"",""original_url"":""https://example.com/gold/trail/890""}"
891,891,180,created,2025-11-24 17:07:16,"{""short_code"":""kOMW1x"",""original_url"":""https://relay.cloud/rapid/pioneer/891""}"
892,892,63,created,2025-09-07 13:48:30,"{""short_code"":""VMdjpf"",""original_url"":""https://relay.cloud/ivory/zenith/892""}"
893,893,45,created,2026-01-17 18:31:01,"{""short_code"":""fowteS"",""original_url"":""https://seeded.app/brisk/beacon/893""}"
894,894,84,created,2025-04-18 22:37:19,"{""short_code"":""KoQoBr"",""original_url"":""https://example.com/quiet/island/894""}"
895,895,134,created,2025-10-04 16:45:07,"{""short_code"":""5UVMc2"",""original_url"":""https://hackstack.io/navy/journey/895""}"
896,896,20,created,2025-01-25 22:23:55,"{""short_code"":""oYwe78"",""original_url"":""https://relay.cloud/harbor/beacon/896""}"
897,897,229,created,2025-12-22 00:31:18,"{""short_code"":""hvIg3X"",""original_url"":""https://acme.dev/cobalt/uplink/897""}"
898,898,268,created,2025-12-02 13:28:14,"{""short_code"":""o2WTBK"",""original_url"":""https://hackstack.io/clear/field/898""}"
899,899,376,created,2025-09-13 13:27:32,"{""short_code"":""qb20tF"",""original_url"":""https://opswise.net/urban/trail/899""}"
900,900,337,created,2025-09-27 20:32:29,"{""short_code"":""MchsMr"",""original_url"":""https://seeded.app/urban/zenith/900""}"
901,901,230,created,2025-11-30 09:56:40,"{""short_code"":""JJe90u"",""original_url"":""https://opswise.net/urban/journey/901""}"
902,902,282,created,2025-07-03 05:29:04,"{""short_code"":""X4qpXq"",""original_url"":""https://hackstack.io/proud/island/902""}"
903,903,45,created,2025-09-12 06:42:04,"{""short_code"":""qMxFYq"",""original_url"":""https://example.com/urban/harvest/903""}"
904,904,151,created,2025-09-28 00:38:08,"{""short_code"":""3WEEDp"",""original_url"":""https://relay.cloud/lively/uplink/904""}"
905,905,286,created,2025-06-12 09:02:23,"{""short_code"":""u4KTpx"",""original_url"":""https://relay.cloud/ember/lagoon/905""}"
906,906,33,created,2025-08-17 19:03:16,"{""short_code"":""jcMcIx"",""original_url"":""https://seeded.app/vivid/kernel/906""}"
907,907,115,created,2026-02-19 13:11:43,"{""short_code"":""6mqMDl"",""original_url"":""https://example.com/ivory/beacon/907""}"
908,908,20,created,2025-12-14 18:28:25,"{""short_code"":""ddB2BF"",""original_url"":""https://acme.dev/jade/delta/908""}"
909,909,22,created,2025-11-19 04:17:55,"{""short_code"":""dJLPdh"",""original_url"":""https://seeded.app/brisk/orbit/909""}"
910,910,198,created,2025-10-03 01:55:17,"{""short_code"":""hJugzy"",""original_url"":""https://seeded.app/lively/garden/910""}"
911,911,55,created,2025-04-29 21:26:42,"{""short_code"":""bexbiq"",""original_url"":""https://opswise.net/vivid/pioneer/911""}"
912,912,177,created,2025-12-27 21:04:14,"{""short_code"":""IlZvCY"",""original_url"":""https://example.com/jade/delta/912""}"
913,913,364,created,2025-07-16 20:30:39,"{""short_code"":""KHLigv"",""original_url"":""https://acme.dev/ember/anchor/913""}"
914,914,62,created,2025-06-10 12:08:36,"{""short_code"":""Hq6ZhB"",""original_url"":""https://acme.dev/vivid/harvest/914""}"
915,915,27,created,2025-10-21 20:55:19,"{""short_code"":""Qa4mxP"",""original_url"":""https://example.com/forest/anchor/915""}"
916,916,321,created,2025-02-24 13:38:18,"{""short_code"":""I7vTt5"",""original_url"":""https://acme.dev/silver/yard/916""}"
917,917,98,created,2025-03-23 07:54:01,"{""short_code"":""bOivZK"",""original_url"":""https://opswise.net/forest/river/917""}"
918,918,219,created,2025-03-19 18:00:19,"{""short_code"":""Hw8rYb"",""original_url"":""https://seeded.app/lively/engine/918""}"
919,919,77,created,2025-12-19 21:25:41,"{""short_code"":""EhRou3"",""original_url"":""https://opswise.net/opal/engine/919""}"
920,920,150,created,2025-03-15 18:09:29,"{""short_code"":""MUbJZl"",""original_url"":""https://relay.cloud/harbor/trail/920""}"
921,921,253,created,2025-07-11 23:19:23,"{""short_code"":""d5SKf4"",""original_url"":""https://acme.dev/keen/anchor/921""}"
922,922,254,created,2025-06-13 07:19:18,"{""short_code"":""E0h0Ko"",""original_url"":""https://acme.dev/forest/network/922""}"
923,923,313,created,2025-12-28 21:34:26,"{""short_code"":""ecUCuh"",""original_url"":""https://relay.cloud/forest/network/923""}"
924,924,88,created,2025-01-11 14:12:20,"{""short_code"":""48gfO7"",""original_url"":""https://example.com/dawn/uplink/924""}"
925,925,325,created,2025-11-29 15:30:28,"{""short_code"":""Ye02pS"",""original_url"":""https://relay.cloud/calm/trail/925""}"
926,926,357,created,2025-02-19 04:21:58,"{""short_code"":""dFa6rx"",""original_url"":""https://seeded.app/opal/meadow/926""}"
927,927,134,created,2025-06-01 18:30:46,"{""short_code"":""TAvxWh"",""original_url"":""https://opswise.net/silver/field/927""}"
928,928,181,created,2025-09-07 04:35:38,"{""short_code"":""qIwkDt"",""original_url"":""https://seeded.app/tidy/river/928""}"
929,929,365,created,2025-06-20 17:36:54,"{""short_code"":""9BspIx"",""original_url"":""https://seeded.app/silver/garden/929""}"
930,930,205,created,2025-10-24 10:43:35,"{""short_code"":""9zVbYA"",""original_url"":""https://example.com/calm/anchor/930""}"
931,931,179,created,2025-06-02 02:44:39,"{""short_code"":""XA1wdh"",""original_url"":""https://seeded.app/quiet/kernel/931""}"
932,932,279,created,2025-10-19 07:17:34,"{""short_code"":""enoAzF"",""original_url"":""https://relay.cloud/ivory/canyon/932""}"
933,933,316,created,2025-07-27 02:44:45,"{""short_code"":""riDMQN"",""original_url"":""https://seeded.app/forest/canyon/933""}"
934,934,67,created,2025-07-10 05:33:14,"{""short_code"":""dWLV4e"",""original_url"":""https://relay.cloud/vivid/beacon/934""}"
935,935,389,created,2025-09-23 08:58:41,"{""short_code"":""3DoPDt"",""original_url"":""https://opswise.net/brisk/signal/935""}"
936,936,226,created,2025-08-10 11:19:03,"{""short_code"":""ZV4D3h"",""original_url"":""https://seeded.app/gold/meadow/936""}"
937,937,225,created,2025-05-30 05:38:47,"{""short_code"":""rn9qjT"",""original_url"":""https://opswise.net/urban/beacon/937""}"
938,938,325,created,2025-11-22 15:30:29,"{""short_code"":""FCGvEf"",""original_url"":""https://opswise.net/ivory/valley/938""}"
939,939,83,created,2026-01-16 05:48:01,"{""short_code"":""6mYjBY"",""original_url"":""https://acme.dev/gold/pioneer/939""}"
940,940,212,created,2025-09-16 05:43:13,"{""short_code"":""4DR01P"",""original_url"":""https://relay.cloud/keen/trail/940""}"
941,941,307,created,2025-07-25 16:57:56,"{""short_code"":""SNIs5L"",""original_url"":""https://opswise.net/opal/journey/941""}"
942,942,239,created,2025-02-02 15:46:59,"{""short_code"":""ShnZmW"",""original_url"":""https://example.com/cobalt/yard/942""}"
943,943,388,created,2025-09-13 15:56:48,"{""short_code"":""S2jsFZ"",""original_url"":""https://seeded.app/gold/island/943""}"
944,944,193,created,2025-06-29 07:01:48,"{""short_code"":""Z2Y3Te"",""original_url"":""https://opswise.net/proud/delta/944""}"
945,945,214,created,2025-02-02 00:59:59,"{""short_code"":""40EkUb"",""original_url"":""https://seeded.app/urban/quartz/945""}"
946,946,53,created,2025-11-06 16:49:52,"{""short_code"":""erB0vG"",""original_url"":""https://acme.dev/ember/canyon/946""}"
947,947,357,created,2025-03-15 20:46:22,"{""short_code"":""IWlGaZ"",""original_url"":""https://seeded.app/tidy/beacon/947""}"
948,948,333,created,2025-10-06 03:36:27,"{""short_code"":""6OwhsH"",""original_url"":""https://example.com/silver/canyon/948""}"
949,949,18,created,2025-01-26 02:36:04,"{""short_code"":""LwshdX"",""original_url"":""https://hackstack.io/ivory/signal/949""}"
950,950,169,created,2025-06-10 04:59:58,"{""short_code"":""AEzCum"",""original_url"":""https://seeded.app/ember/signal/950""}"
951,951,209,created,2025-01-01 01:24:42,"{""short_code"":""UUBxPV"",""original_url"":""https://opswise.net/harbor/field/951""}"
952,952,106,created,2025-01-01 14:58:20,"{""short_code"":""ETwWbY"",""original_url"":""https://opswise.net/warm/signal/952""}"
953,953,248,created,2025-10-05 19:46:08,"{""short_code"":""2YpEEA"",""original_url"":""https://acme.dev/urban/network/953""}"
954,954,71,created,2025-11-27 06:14:55,"{""short_code"":""Wt47HC"",""original_url"":""https://example.com/mellow/beacon/954""}"
955,955,139,created,2025-05-31 04:13:18,"{""short_code"":""yWA0xR"",""original_url"":""https://acme.dev/harbor/harvest/955""}"
956,956,57,created,2025-05-04 18:40:28,"{""short_code"":""OxtLXq"",""original_url"":""https://hackstack.io/calm/quartz/956""}"
957,957,47,created,2025-07-31 05:45:32,"{""short_code"":""2sg1U2"",""original_url"":""https://opswise.net/lively/trail/957""}"
958,958,93,created,2025-02-16 05:45:31,"{""short_code"":""wDJOHD"",""original_url"":""https://acme.dev/amber/beacon/958""}"
959,959,168,created,2025-02-18 17:22:08,"{""short_code"":""ABaVEd"",""original_url"":""https://opswise.net/forest/pioneer/959""}"
960,960,242,created,2025-03-07 17:17:52,"{""short_code"":""g8yG3a"",""original_url"":""https://relay.cloud/quiet/kernel/960""}"
961,961,111,created,2025-06-30 02:37:50,"{""short_code"":""GsD1SS"",""original_url"":""https://relay.cloud/brisk/uplink/961""}"
962,962,392,created,2025-06-12 21:41:39,"{""short_code"":""CpD6BE"",""original_url"":""https://example.com/calm/zenith/962""}"
963,963,365,created,2025-12-11 15:56:51,"{""short_code"":""6jhVO3"",""original_url"":""https://opswise.net/dawn/engine/963""}"
964,964,370,created,2025-11-10 18:21:30,"{""short_code"":""GBk1wz"",""original_url"":""https://acme.dev/amber/kernel/964""}"
965,965,58,created,2026-02-08 07:32:19,"{""short_code"":""OesoU9"",""original_url"":""https://hackstack.io/harbor/signal/965""}"
966,966,329,created,2026-01-04 08:13:43,"{""short_code"":""7SQPFv"",""original_url"":""https://seeded.app/silver/network/966""}"
967,967,283,created,2025-12-10 11:34:30,"{""short_code"":""3jp849"",""original_url"":""https://hackstack.io/proud/yard/967""}"
968,968,256,created,2025-04-26 11:52:43,"{""short_code"":""XSfhg4"",""original_url"":""https://hackstack.io/forest/field/968""}"
969,969,284,created,2025-01-04 04:05:33,"{""short_code"":""RiUcMN"",""original_url"":""https://opswise.net/rapid/orbit/969""}"
970,970,295,created,2025-08-17 06:10:16,"{""short_code"":""BkzeKV"",""original_url"":""https://opswise.net/vivid/uplink/970""}"
971,971,167,created,2025-06-28 07:26:26,"{""short_code"":""Uoc6cc"",""original_url"":""https://seeded.app/navy/signal/971""}"
972,972,354,created,2025-01-19 22:27:51,"{""short_code"":""BM4aZX"",""original_url"":""https://hackstack.io/vivid/island/972""}"
973,973,188,created,2025-02-09 16:33:23,"{""short_code"":""v6nmx9"",""original_url"":""https://seeded.app/young/network/973""}"
974,974,157,created,2025-10-12 14:27:26,"{""short_code"":""bv5a0c"",""original_url"":""https://seeded.app/quiet/meadow/974""}"
975,975,143,created,2025-04-20 12:39:47,"{""short_code"":""a1o7Fw"",""original_url"":""https://acme.dev/clear/valley/975""}"
976,976,235,created,2025-12-22 13:38:05,"{""short_code"":""G98fgI"",""original_url"":""https://relay.cloud/ember/meadow/976""}"
977,977,210,created,2025-08-19 21:03:24,"{""short_code"":""3eGXbQ"",""original_url"":""https://seeded.app/jade/meadow/977""}"
978,978,29,created,2025-08-14 21:40:25,"{""short_code"":""uNTOYb"",""original_url"":""https://acme.dev/ember/beacon/978""}"
979,979,311,created,2025-07-07 23:15:15,"{""short_code"":""l18eFr"",""original_url"":""https://opswise.net/cobalt/trail/979""}"
980,980,170,created,2025-07-19 13:45:48,"{""short_code"":""IhbOEM"",""original_url"":""https://example.com/opal/canyon/980""}"
981,981,358,created,2025-02-12 19:07:59,"{""short_code"":""HIwPfp"",""original_url"":""https://hackstack.io/cobalt/canyon/981""}"
982,982,53,created,2026-01-18 02:48:43,"{""short_code"":""GgRA26"",""original_url"":""https://seeded.app/young/delta/982""}"
983,983,215,created,2025-07-15 14:12:29,"{""short_code"":""FcxM9R"",""original_url"":""https://acme.dev/dawn/journey/983""}"
984,984,161,created,2025-04-07 02:12:38,"{""short_code"":""6F8dy8"",""original_url"":""https://acme.dev/ivory/signal/984""}"
985,985,124,created,2025-03-17 13:01:07,"{""short_code"":""bPHMGd"",""original_url"":""https://opswise.net/mellow/orbit/985""}"
986,986,148,created,2025-03-27 04:50:55,"{""short_code"":""4QbcC1"",""original_url"":""https://acme.dev/rapid/anchor/986""}"
987,987,372,created,2025-01-25 17:58:57,"{""short_code"":""K53pK3"",""original_url"":""https://relay.cloud/mellow/trail/987""}"
988,988,104,created,2025-07-23 06:22:32,"{""short_code"":""DLKbGi"",""original_url"":""https://opswise.net/keen/delta/988""}"
989,989,8,created,2025-08-04 06:00:14,"{""short_code"":""bRr1XH"",""original_url"":""https://example.com/proud/river/989""}"
990,990,240,created,2025-12-28 14:39:16,"{""short_code"":""tGioCg"",""original_url"":""https://acme.dev/calm/delta/990""}"
991,991,372,created,2025-08-03 07:02:39,"{""short_code"":""H90W8O"",""original_url"":""https://seeded.app/quiet/island/991""}"
992,992,314,created,2026-01-25 21:54:40,"{""short_code"":""MuhKjK"",""original_url"":""https://example.com/brisk/anchor/992""}"
993,993,100,created,2025-08-20 18:07:49,"{""short_code"":""G1gr9M"",""original_url"":""https://example.com/rapid/canyon/993""}"
994,994,280,created,2025-04-10 21:39:27,"{""short_code"":""h1XgWr"",""original_url"":""https://opswise.net/jade/canyon/994""}"
995,995,69,created,2025-01-08 16:41:02,"{""short_code"":""OyljaX"",""original_url"":""https://example.com/harbor/river/995""}"
996,996,150,created,2025-06-25 22:07:31,"{""short_code"":""9u71mD"",""original_url"":""https://opswise.net/warm/quartz/996""}"
997,997,98,created,2025-09-20 21:54:00,"{""short_code"":""Iyp6JT"",""original_url"":""https://hackstack.io/amber/engine/997""}"
998,998,214,created,2025-05-05 16:12:28,"{""short_code"":""L9t6kY"",""original_url"":""https://seeded.app/quiet/lagoon/998""}"
999,999,340,created,2025-06-17 04:57:26,"{""short_code"":""5ZJtLn"",""original_url"":""https://example.com/mellow/canyon/999""}"
1000,1000,28,created,2025-01-07 18:34:31,"{""short_code"":""iGrwpd"",""original_url"":""https://hackstack.io/tidy/field/1000""}"
1001,1001,141,created,2025-12-09 07:54:46,"{""short_code"":""Rxkg8Z"",""original_url"":""https://hackstack.io/warm/garden/1001""}"
1002,1002,173,created,2025-11-29 08:05:40,"{""short_code"":""5Oye6E"",""original_url"":""https://seeded.app/young/signal/1002""}"
1003,1003,248,created,2025-10-14 03:54:28,"{""short_code"":""5CvEvq"",""original_url"":""https://opswise.net/clear/lagoon/1003""}"
1004,1004,74,created,2025-03-07 05:05:12,"{""short_code"":""OX1r2z"",""original_url"":""https://opswise.net/young/window/1004""}"
1005,1005,320,created,2025-06-02 03:49:52,"{""short_code"":""m0Kvxj"",""original_url"":""https://opswise.net/brisk/yard/1005""}"
1006,1006,118,created,2025-05-14 03:56:12,"{""short_code"":""jkpJze"",""original_url"":""https://example.com/mellow/network/1006""}"
1007,1007,104,created,2026-01-10 15:27:53,"{""short_code"":""7Wkri7"",""original_url"":""https://opswise.net/silver/island/1007""}"
1008,1008,14,created,2025-01-04 22:40:04,"{""short_code"":""ZLyoPL"",""original_url"":""https://hackstack.io/proud/uplink/1008""}"
1009,1009,269,created,2025-03-09 05:01:29,"{""short_code"":""7IU74w"",""original_url"":""https://acme.dev/navy/valley/1009""}"
1010,1010,97,created,2025-05-03 09:16:03,"{""short_code"":""lpFNoz"",""original_url"":""https://seeded.app/amber/field/1010""}"
1011,1011,31,created,2025-05-06 14:31:11,"{""short_code"":""djVIZS"",""original_url"":""https://hackstack.io/cobalt/garden/1011""}"
1012,1012,40,created,2025-03-01 02:43:12,"{""short_code"":""2seru1"",""original_url"":""https://opswise.net/mellow/yard/1012""}"
1013,1013,185,created,2025-11-02 12:47:28,"{""short_code"":""n0ksQ2"",""original_url"":""https://seeded.app/vivid/field/1013""}"
1014,1014,160,created,2025-11-20 14:34:57,"{""short_code"":""CrGl17"",""original_url"":""https://acme.dev/amber/island/1014""}"
1015,1015,84,created,2025-12-01 00:30:30,"{""short_code"":""erSffU"",""original_url"":""https://relay.cloud/opal/journey/1015""}"
1016,1016,392,created,2025-01-14 08:47:50,"{""short_code"":""UWTQoz"",""original_url"":""https://example.com/cobalt/engine/1016""}"
1017,1017,82,created,2025-03-02 22:52:50,"{""short_code"":""hgfBR1"",""original_url"":""https://example.com/vivid/pioneer/1017""}"
1018,1018,236,created,2025-01-19 07:44:12,"{""short_code"":""K8JLYu"",""original_url"":""https://example.com/jade/garden/1018""}"
1019,1019,249,created,2025-09-08 19:24:40,"{""short_code"":""xQpuuF"",""original_url"":""https://seeded.app/calm/field/1019""}"
1020,1020,26,created,2025-10-25 16:18:56,"{""short_code"":""DdYuzb"",""original_url"":""https://relay.cloud/urban/river/1020""}"
1021,1021,388,created,2025-11-05 02:01:21,"{""short_code"":""1iAVU2"",""original_url"":""https://example.com/gold/uplink/1021""}"
1022,1022,184,created,2026-01-24 16:33:49,"{""short_code"":""vAoGvT"",""original_url"":""https://opswise.net/gold/canyon/1022""}"
1023,1023,95,created,2025-09-10 18:31:02,"{""short_code"":""vxkENe"",""original_url"":""https://seeded.app/proud/delta/1023""}"
1024,1024,44,created,2026-01-18 12:11:36,"{""short_code"":""DiZH2x"",""original_url"":""https://relay.cloud/rapid/engine/1024""}"
1025,1025,371,created,2025-08-08 21:34:04,"{""short_code"":""3mpyDm"",""original_url"":""https://opswise.net/keen/kernel/1025""}"
1026,1026,57,created,2025-03-22 12:01:43,"{""short_code"":""H5P7q1"",""original_url"":""https://relay.cloud/harbor/field/1026""}"
1027,1027,208,created,2026-01-27 09:00:10,"{""short_code"":""xISzve"",""original_url"":""https://opswise.net/harbor/valley/1027""}"
1028,1028,162,created,2025-09-20 00:53:04,"{""short_code"":""lmwSZi"",""original_url"":""https://acme.dev/vivid/window/1028""}"
1029,1029,49,created,2025-11-13 16:45:55,"{""short_code"":""qRPIzq"",""original_url"":""https://relay.cloud/mellow/meadow/1029""}"
1030,1030,188,created,2025-01-07 09:31:38,"{""short_code"":""ksLobe"",""original_url"":""https://hackstack.io/proud/valley/1030""}"
1031,1031,330,created,2026-02-04 05:43:14,"{""short_code"":""eW5fjw"",""original_url"":""https://relay.cloud/proud/delta/1031""}"
1032,1032,71,created,2025-08-27 15:46:09,"{""short_code"":""RwzUlR"",""original_url"":""https://opswise.net/clear/kernel/1032""}"
1033,1033,366,created,2025-02-15 22:13:39,"{""short_code"":""VD52Vh"",""original_url"":""https://opswise.net/amber/trail/1033""}"
1034,1034,99,created,2026-01-26 09:26:03,"{""short_code"":""9ad8cO"",""original_url"":""https://relay.cloud/gold/meadow/1034""}"
1035,1035,103,created,2025-04-15 08:15:55,"{""short_code"":""O0QL5R"",""original_url"":""https://seeded.app/rapid/anchor/1035""}"
1036,1036,48,created,2025-05-20 01:59:23,"{""short_code"":""FUTPIr"",""original_url"":""https://acme.dev/gold/harvest/1036""}"
1037,1037,376,created,2025-07-30 10:57:54,"{""short_code"":""Dt9m1k"",""original_url"":""https://example.com/vivid/window/1037""}"
1038,1038,288,created,2025-10-25 23:00:55,"{""short_code"":""aWgssz"",""original_url"":""https://relay.cloud/vivid/trail/1038""}"
1039,1039,357,created,2026-01-03 18:44:30,"{""short_code"":""sI1Fzd"",""original_url"":""https://seeded.app/dawn/anchor/1039""}"
1040,1040,173,created,2025-09-03 11:49:13,"{""short_code"":""DUOITg"",""original_url"":""https://relay.cloud/lively/yard/1040""}"
1041,1041,388,created,2025-03-01 04:00:34,"{""short_code"":""zaU0kB"",""original_url"":""https://opswise.net/proud/zenith/1041""}"
1042,1042,75,created,2025-01-14 09:20:13,"{""short_code"":""Xve4b8"",""original_url"":""https://acme.dev/warm/journey/1042""}"
1043,1043,328,created,2025-02-12 03:14:19,"{""short_code"":""V4Gl4x"",""original_url"":""https://example.com/brisk/delta/1043""}"
1044,1044,390,created,2025-10-07 04:58:24,"{""short_code"":""HQObfO"",""original_url"":""https://hackstack.io/navy/lagoon/1044""}"
1045,1045,123,created,2025-05-11 08:24:05,"{""short_code"":""T0WASa"",""original_url"":""https://relay.cloud/mellow/harvest/1045""}"
1046,1046,261,created,2025-07-05 03:30:18,"{""short_code"":""sCure6"",""original_url"":""https://relay.cloud/calm/yard/1046""}"
1047,1047,19,created,2025-02-26 01:10:52,"{""short_code"":""fekENX"",""original_url"":""https://relay.cloud/harbor/kernel/1047""}"
1048,1048,94,created,2025-06-16 17:48:29,"{""short_code"":""P45TMb"",""original_url"":""https://acme.dev/rapid/meadow/1048""}"
1049,1049,66,created,2025-12-20 03:15:26,"{""short_code"":""fP0yqV"",""original_url"":""https://relay.cloud/urban/field/1049""}"
1050,1050,279,created,2025-05-04 01:43:48,"{""short_code"":""kBd027"",""original_url"":""https://relay.cloud/rapid/canyon/1050""}"
1051,1051,201,created,2025-07-27 11:45:20,"{""short_code"":""5teirF"",""original_url"":""https://example.com/keen/lagoon/1051""}"
1052,1052,337,created,2025-12-01 23:12:22,"{""short_code"":""goj1TM"",""original_url"":""https://example.com/urban/pioneer/1052""}"
1053,1053,298,created,2025-07-12 23:44:17,"{""short_code"":""QN7oO2"",""original_url"":""https://opswise.net/quiet/uplink/1053""}"
1054,1054,225,created,2025-10-27 11:42:22,"{""short_code"":""2io1zW"",""original_url"":""https://seeded.app/brisk/delta/1054""}"
1055,1055,362,created,2025-04-30 13:44:16,"{""short_code"":""d4IzJH"",""original_url"":""https://hackstack.io/cobalt/river/1055""}"
1056,1056,355,created,2025-02-08 02:19:17,"{""short_code"":""SSvyZS"",""original_url"":""https://hackstack.io/warm/trail/1056""}"
1057,1057,173,created,2025-06-28 18:47:47,"{""short_code"":""60DfJD"",""original_url"":""https://acme.dev/lively/valley/1057""}"
1058,1058,305,created,2025-04-25 15:39:07,"{""short_code"":""gDz965"",""original_url"":""https://seeded.app/silver/lagoon/1058""}"
1059,1059,352,created,2025-12-24 01:31:05,"{""short_code"":""fa3fLf"",""original_url"":""https://acme.dev/warm/delta/1059""}"
1060,1060,166,created,2025-06-04 01:41:33,"{""short_code"":""LQ7GGw"",""original_url"":""https://acme.dev/rapid/journey/1060""}"
1061,1061,140,created,2025-09-16 04:31:57,"{""short_code"":""Eyj3tn"",""original_url"":""https://opswise.net/ember/field/1061""}"
1062,1062,374,created,2025-08-21 23:22:29,"{""short_code"":""n2Kb0C"",""original_url"":""https://hackstack.io/calm/island/1062""}"
1063,1063,201,created,2026-01-09 05:01:28,"{""short_code"":""hK813y"",""original_url"":""https://opswise.net/proud/field/1063""}"
1064,1064,113,created,2025-10-05 02:37:38,"{""short_code"":""wW27RC"",""original_url"":""https://acme.dev/jade/harvest/1064""}"
1065,1065,138,created,2025-03-27 00:48:25,"{""short_code"":""1EZvv5"",""original_url"":""https://example.com/mellow/anchor/1065""}"
1066,1066,181,created,2025-02-10 12:05:15,"{""short_code"":""hN7dn7"",""original_url"":""https://hackstack.io/tidy/anchor/1066""}"
1067,1067,284,created,2026-02-14 21:09:46,"{""short_code"":""vGvaca"",""original_url"":""https://relay.cloud/ivory/field/1067""}"
1068,1068,21,created,2025-08-02 11:51:37,"{""short_code"":""g5r5Q0"",""original_url"":""https://acme.dev/cobalt/window/1068""}"
1069,1069,305,created,2026-01-08 09:16:08,"{""short_code"":""7ZWlG4"",""original_url"":""https://hackstack.io/clear/journey/1069""}"
1070,1070,103,created,2025-10-02 08:58:53,"{""short_code"":""Sk6GNV"",""original_url"":""https://relay.cloud/calm/journey/1070""}"
1071,1071,99,created,2025-09-21 14:11:37,"{""short_code"":""3WVx7Z"",""original_url"":""https://opswise.net/quiet/window/1071""}"
1072,1072,213,created,2025-11-26 16:39:23,"{""short_code"":""iZTim9"",""original_url"":""https://example.com/navy/quartz/1072""}"
1073,1073,6,created,2025-09-17 20:04:12,"{""short_code"":""OLgAJG"",""original_url"":""https://hackstack.io/urban/valley/1073""}"
1074,1074,387,created,2026-01-10 19:11:58,"{""short_code"":""kw2sWl"",""original_url"":""https://hackstack.io/ivory/canyon/1074""}"
1075,1075,322,created,2025-09-15 22:22:50,"{""short_code"":""N9vG6M"",""original_url"":""https://seeded.app/forest/engine/1075""}"
1076,1076,63,created,2025-08-02 06:27:47,"{""short_code"":""IZLg9q"",""original_url"":""https://relay.cloud/dawn/orbit/1076""}"
1077,1077,196,created,2025-07-16 14:05:08,"{""short_code"":""vuSdJY"",""original_url"":""https://hackstack.io/jade/harvest/1077""}"
1078,1078,386,created,2025-07-19 13:53:57,"{""short_code"":""Rthpo1"",""original_url"":""https://example.com/calm/field/1078""}"
1079,1079,45,created,2025-12-10 23:18:49,"{""short_code"":""tKXn1V"",""original_url"":""https://acme.dev/urban/orbit/1079""}"
1080,1080,168,created,2025-10-05 02:07:27,"{""short_code"":""WY3nZ9"",""original_url"":""https://relay.cloud/proud/island/1080""}"
1081,1081,193,created,2025-08-07 23:17:19,"{""short_code"":""AFiurx"",""original_url"":""https://relay.cloud/navy/journey/1081""}"
1082,1082,51,created,2025-07-16 12:00:06,"{""short_code"":""SSUc4j"",""original_url"":""https://acme.dev/lively/network/1082""}"
1083,1083,398,created,2025-01-01 09:34:27,"{""short_code"":""HVJ4ud"",""original_url"":""https://acme.dev/gold/anchor/1083""}"
1084,1084,396,created,2025-09-18 23:43:19,"{""short_code"":""OOuZGy"",""original_url"":""https://seeded.app/tidy/zenith/1084""}"
1085,1085,91,created,2025-10-25 18:36:06,"{""short_code"":""9yHSlS"",""original_url"":""https://hackstack.io/warm/zenith/1085""}"
1086,1086,389,created,2025-11-24 07:51:26,"{""short_code"":""VPSjSa"",""original_url"":""https://acme.dev/clear/orbit/1086""}"
1087,1087,187,created,2025-05-03 10:47:35,"{""short_code"":""rIoEx4"",""original_url"":""https://opswise.net/jade/lagoon/1087""}"
1088,1088,127,created,2025-07-15 01:46:45,"{""short_code"":""2KNGkZ"",""original_url"":""https://opswise.net/calm/river/1088""}"
1089,1089,261,created,2025-03-31 10:50:54,"{""short_code"":""FzfvZ3"",""original_url"":""https://relay.cloud/dawn/valley/1089""}"
1090,1090,389,created,2025-05-23 17:45:14,"{""short_code"":""RNGpCj"",""original_url"":""https://example.com/proud/canyon/1090""}"
1091,1091,100,created,2025-07-27 00:26:09,"{""short_code"":""XxiFJ7"",""original_url"":""https://hackstack.io/young/window/1091""}"
1092,1092,307,created,2025-12-25 22:46:49,"{""short_code"":""T0HaoE"",""original_url"":""https://opswise.net/mellow/orbit/1092""}"
1093,1093,290,created,2026-02-11 12:57:17,"{""short_code"":""0XxyCq"",""original_url"":""https://example.com/rapid/field/1093""}"
1094,1094,181,created,2026-01-11 13:36:46,"{""short_code"":""QQtQjU"",""original_url"":""https://hackstack.io/gold/river/1094""}"
1095,1095,265,created,2025-11-26 04:19:32,"{""short_code"":""oXwdRH"",""original_url"":""https://hackstack.io/dawn/uplink/1095""}"
1096,1096,290,created,2026-02-16 22:26:35,"{""short_code"":""qVpuc7"",""original_url"":""https://hackstack.io/dawn/pioneer/1096""}"
1097,1097,393,created,2025-04-21 09:08:37,"{""short_code"":""7f9EkA"",""original_url"":""https://opswise.net/tidy/window/1097""}"
1098,1098,388,created,2025-11-20 11:21:29,"{""short_code"":""Xt5ZB0"",""original_url"":""https://relay.cloud/vivid/yard/1098""}"
1099,1099,179,created,2025-09-17 01:11:19,"{""short_code"":""DVQ3uC"",""original_url"":""https://example.com/gold/orbit/1099""}"
1100,1100,266,created,2025-07-08 11:22:57,"{""short_code"":""awcgp9"",""original_url"":""https://example.com/brisk/zenith/1100""}"
1101,1101,334,created,2025-02-18 07:54:21,"{""short_code"":""1dxgK7"",""original_url"":""https://acme.dev/quiet/orbit/1101""}"
1102,1102,134,created,2026-01-19 20:25:45,"{""short_code"":""gBubLT"",""original_url"":""https://example.com/tidy/canyon/1102""}"
1103,1103,226,created,2025-03-28 15:31:02,"{""short_code"":""gJzAdx"",""original_url"":""https://relay.cloud/warm/signal/1103""}"
1104,1104,201,created,2025-01-16 13:30:31,"{""short_code"":""ZXe2xT"",""original_url"":""https://acme.dev/mellow/pioneer/1104""}"
1105,1105,6,created,2025-11-23 02:00:47,"{""short_code"":""vqgdCa"",""original_url"":""https://example.com/warm/harvest/1105""}"
1106,1106,155,created,2025-06-27 01:15:54,"{""short_code"":""aqW2hw"",""original_url"":""https://relay.cloud/opal/beacon/1106""}"
1107,1107,355,created,2025-04-05 02:43:52,"{""short_code"":""JBp2ey"",""original_url"":""https://seeded.app/jade/yard/1107""}"
1108,1108,113,created,2025-08-30 02:44:24,"{""short_code"":""gGEajl"",""original_url"":""https://hackstack.io/gold/beacon/1108""}"
1109,1109,161,created,2025-12-21 17:03:44,"{""short_code"":""yf1fS1"",""original_url"":""https://seeded.app/calm/anchor/1109""}"
1110,1110,288,created,2025-07-07 06:21:08,"{""short_code"":""vByT2i"",""original_url"":""https://hackstack.io/dawn/journey/1110""}"
1111,1111,122,created,2025-11-25 20:02:56,"{""short_code"":""Ak5hJr"",""original_url"":""https://example.com/jade/canyon/1111""}"
1112,1112,205,created,2025-05-28 22:55:24,"{""short_code"":""ezGNAe"",""original_url"":""https://relay.cloud/amber/pioneer/1112""}"
1113,1113,298,created,2025-09-06 23:35:01,"{""short_code"":""nVoCKu"",""original_url"":""https://hackstack.io/lively/orbit/1113""}"
1114,1114,171,created,2025-04-13 21:31:22,"{""short_code"":""8xjaZo"",""original_url"":""https://opswise.net/cobalt/uplink/1114""}"
1115,1115,56,created,2026-01-07 18:11:29,"{""short_code"":""AHZ6cu"",""original_url"":""https://hackstack.io/opal/kernel/1115""}"
1116,1116,203,created,2025-11-13 15:42:53,"{""short_code"":""XAid4G"",""original_url"":""https://example.com/dawn/journey/1116""}"
1117,1117,78,created,2025-10-20 09:42:25,"{""short_code"":""RCHmBy"",""original_url"":""https://relay.cloud/forest/zenith/1117""}"
1118,1118,20,created,2025-11-07 05:15:53,"{""short_code"":""xO9dwx"",""original_url"":""https://example.com/keen/lagoon/1118""}"
1119,1119,125,created,2025-12-15 19:19:50,"{""short_code"":""PqcJd9"",""original_url"":""https://example.com/silver/delta/1119""}"
1120,1120,188,created,2025-06-23 16:27:48,"{""short_code"":""ehTjF9"",""original_url"":""https://opswise.net/jade/kernel/1120""}"
1121,1121,275,created,2025-10-03 06:47:46,"{""short_code"":""BthkX8"",""original_url"":""https://hackstack.io/quiet/island/1121""}"
1122,1122,76,created,2025-11-01 21:35:33,"{""short_code"":""IVBEcn"",""original_url"":""https://hackstack.io/ember/meadow/1122""}"
1123,1123,198,created,2026-01-09 14:25:31,"{""short_code"":""6iMo0U"",""original_url"":""https://seeded.app/keen/beacon/1123""}"
1124,1124,125,created,2025-03-29 08:15:29,"{""short_code"":""WHDM8M"",""original_url"":""https://acme.dev/young/field/1124""}"
1125,1125,28,created,2026-01-23 20:17:05,"{""short_code"":""TIt6iI"",""original_url"":""https://relay.cloud/rapid/field/1125""}"
1126,1126,2,created,2025-09-04 10:08:38,"{""short_code"":""iKpxKd"",""original_url"":""https://hackstack.io/jade/network/1126""}"
1127,1127,329,created,2025-08-03 02:13:59,"{""short_code"":""NCM2nr"",""original_url"":""https://hackstack.io/young/yard/1127""}"
1128,1128,16,created,2025-07-20 20:29:20,"{""short_code"":""qHSuof"",""original_url"":""https://acme.dev/keen/river/1128""}"
1129,1129,156,created,2025-03-31 15:19:22,"{""short_code"":""QPo9qK"",""original_url"":""https://acme.dev/vivid/journey/1129""}"
1130,1130,382,created,2025-06-25 07:38:21,"{""short_code"":""D1Db1h"",""original_url"":""https://seeded.app/harbor/trail/1130""}"
1131,1131,332,created,2025-02-15 11:25:02,"{""short_code"":""43LOBt"",""original_url"":""https://acme.dev/young/uplink/1131""}"
1132,1132,379,created,2025-11-01 14:04:01,"{""short_code"":""RKAYfY"",""original_url"":""https://seeded.app/tidy/zenith/1132""}"
1133,1133,291,created,2026-02-09 17:21:44,"{""short_code"":""sOdPj3"",""original_url"":""https://acme.dev/forest/river/1133""}"
1134,1134,37,created,2025-01-14 05:36:40,"{""short_code"":""hRO3OO"",""original_url"":""https://opswise.net/lively/valley/1134""}"
1135,1135,166,created,2025-01-02 12:47:06,"{""short_code"":""hQ8qMx"",""original_url"":""https://example.com/gold/meadow/1135""}"
1136,1136,76,created,2025-06-15 02:35:28,"{""short_code"":""Hd9hVB"",""original_url"":""https://acme.dev/proud/orbit/1136""}"
1137,1137,250,created,2025-10-16 21:24:26,"{""short_code"":""V7UXJH"",""original_url"":""https://relay.cloud/urban/river/1137""}"
1138,1138,358,created,2026-01-07 18:12:50,"{""short_code"":""a5kfSs"",""original_url"":""https://opswise.net/vivid/lagoon/1138""}"
1139,1139,370,created,2025-01-12 13:22:09,"{""short_code"":""ktGYHy"",""original_url"":""https://example.com/ember/yard/1139""}"
1140,1140,162,created,2025-04-04 15:49:28,"{""short_code"":""66sN2b"",""original_url"":""https://seeded.app/brisk/zenith/1140""}"
1141,1141,298,created,2025-05-26 00:46:28,"{""short_code"":""mKFeDv"",""original_url"":""https://seeded.app/opal/lagoon/1141""}"
1142,1142,32,created,2026-01-23 05:31:26,"{""short_code"":""WMyBOH"",""original_url"":""https://relay.cloud/warm/quartz/1142""}"
1143,1143,88,created,2025-08-19 18:16:44,"{""short_code"":""AAbqeB"",""original_url"":""https://example.com/cobalt/window/1143""}"
1144,1144,46,created,2025-09-07 04:54:22,"{""short_code"":""Jz8QBV"",""original_url"":""https://hackstack.io/warm/orbit/1144""}"
1145,1145,231,created,2025-01-07 08:55:17,"{""short_code"":""bWkNOO"",""original_url"":""https://example.com/harbor/kernel/1145""}"
1146,1146,281,created,2025-05-14 23:28:49,"{""short_code"":""yrLrwf"",""original_url"":""https://seeded.app/brisk/network/1146""}"
1147,1147,126,created,2025-03-22 20:52:34,"{""short_code"":""UC79HL"",""original_url"":""https://example.com/navy/meadow/1147""}"
1148,1148,99,created,2025-12-21 14:50:15,"{""short_code"":""CPjLA3"",""original_url"":""https://hackstack.io/warm/valley/1148""}"
1149,1149,123,created,2025-08-25 05:12:19,"{""short_code"":""7EwJGR"",""original_url"":""https://seeded.app/quiet/island/1149""}"
1150,1150,211,created,2025-07-29 12:56:08,"{""short_code"":""GBOsn2"",""original_url"":""https://acme.dev/harbor/signal/1150""}"
1151,1151,40,created,2025-01-02 22:05:36,"{""short_code"":""zF9dZO"",""original_url"":""https://acme.dev/warm/river/1151""}"
1152,1152,224,created,2025-09-18 21:06:45,"{""short_code"":""WnNPOy"",""original_url"":""https://example.com/mellow/anchor/1152""}"
1153,1153,173,created,2025-06-06 19:46:31,"{""short_code"":""CeLhcF"",""original_url"":""https://seeded.app/clear/harvest/1153""}"
1154,1154,363,created,2025-03-02 07:11:37,"{""short_code"":""B5Dt76"",""original_url"":""https://hackstack.io/gold/kernel/1154""}"
1155,1155,194,created,2026-02-11 09:41:17,"{""short_code"":""PwH01d"",""original_url"":""https://seeded.app/gold/meadow/1155""}"
1156,1156,211,created,2025-09-12 10:53:53,"{""short_code"":""kZvJap"",""original_url"":""https://acme.dev/young/meadow/1156""}"
1157,1157,341,created,2025-01-18 13:57:10,"{""short_code"":""Uxagj5"",""original_url"":""https://opswise.net/dawn/lagoon/1157""}"
1158,1158,321,created,2025-01-07 22:27:08,"{""short_code"":""LuuqCq"",""original_url"":""https://acme.dev/navy/orbit/1158""}"
1159,1159,378,created,2025-10-18 11:19:48,"{""short_code"":""yPIoQA"",""original_url"":""https://example.com/jade/valley/1159""}"
1160,1160,34,created,2025-10-26 15:53:07,"{""short_code"":""uW57d5"",""original_url"":""https://hackstack.io/warm/kernel/1160""}"
1161,1161,302,created,2026-02-10 07:02:13,"{""short_code"":""cFrl86"",""original_url"":""https://example.com/amber/yard/1161""}"
1162,1162,170,created,2025-04-10 07:51:09,"{""short_code"":""WB5fAI"",""original_url"":""https://seeded.app/keen/trail/1162""}"
1163,1163,199,created,2025-07-20 18:22:00,"{""short_code"":""QmXYAo"",""original_url"":""https://example.com/vivid/trail/1163""}"
1164,1164,376,created,2025-09-17 02:06:51,"{""short_code"":""zBAwXC"",""original_url"":""https://relay.cloud/tidy/zenith/1164""}"
1165,1165,85,created,2025-05-20 03:05:21,"{""short_code"":""ONEIp2"",""original_url"":""https://seeded.app/lively/orbit/1165""}"
1166,1166,192,created,2025-09-02 09:54:22,"{""short_code"":""B4fmdM"",""original_url"":""https://hackstack.io/young/river/1166""}"
1167,1167,274,created,2025-10-26 13:25:26,"{""short_code"":""r2y3TO"",""original_url"":""https://seeded.app/lively/trail/1167""}"
1168,1168,128,created,2025-11-13 04:46:47,"{""short_code"":""PRuyyp"",""original_url"":""https://example.com/young/window/1168""}"
1169,1169,170,created,2025-09-27 22:22:46,"{""short_code"":""QU7TGl"",""original_url"":""https://seeded.app/quiet/engine/1169""}"
1170,1170,386,created,2026-01-19 16:25:55,"{""short_code"":""n169vp"",""original_url"":""https://example.com/opal/kernel/1170""}"
1171,1171,217,created,2025-05-08 17:34:55,"{""short_code"":""GUMBuV"",""original_url"":""https://seeded.app/rapid/zenith/1171""}"
1172,1172,54,created,2025-02-09 21:58:38,"{""short_code"":""Frc8U8"",""original_url"":""https://seeded.app/clear/delta/1172""}"
1173,1173,37,created,2025-02-14 16:52:29,"{""short_code"":""7TNKK6"",""original_url"":""https://example.com/keen/lagoon/1173""}"
1174,1174,385,created,2025-11-27 09:52:31,"{""short_code"":""i00UVu"",""original_url"":""https://opswise.net/silver/uplink/1174""}"
1175,1175,151,created,2025-01-12 16:14:50,"{""short_code"":""BiC34i"",""original_url"":""https://example.com/vivid/quartz/1175""}"
1176,1176,287,created,2025-06-22 01:33:29,"{""short_code"":""I16oZq"",""original_url"":""https://relay.cloud/clear/beacon/1176""}"
1177,1177,40,created,2025-08-27 20:00:54,"{""short_code"":""L3qrJv"",""original_url"":""https://example.com/forest/lagoon/1177""}"
1178,1178,314,created,2025-08-26 13:13:40,"{""short_code"":""k3kJOP"",""original_url"":""https://hackstack.io/vivid/engine/1178""}"
1179,1179,256,created,2025-12-06 09:09:47,"{""short_code"":""w9aOkX"",""original_url"":""https://relay.cloud/mellow/island/1179""}"
1180,1180,383,created,2025-06-13 16:16:16,"{""short_code"":""cLSm8R"",""original_url"":""https://relay.cloud/silver/zenith/1180""}"
1181,1181,321,created,2025-05-18 19:39:26,"{""short_code"":""MvOQmv"",""original_url"":""https://hackstack.io/vivid/field/1181""}"
1182,1182,283,created,2025-11-30 12:20:56,"{""short_code"":""lpuqoW"",""original_url"":""https://seeded.app/keen/delta/1182""}"
1183,1183,17,created,2026-01-09 16:39:12,"{""short_code"":""lgKrXj"",""original_url"":""https://relay.cloud/brisk/canyon/1183""}"
1184,1184,273,created,2025-09-04 03:47:25,"{""short_code"":""pluQPe"",""original_url"":""https://acme.dev/harbor/zenith/1184""}"
1185,1185,383,created,2025-03-06 03:21:15,"{""short_code"":""hJ1WlD"",""original_url"":""https://seeded.app/ivory/quartz/1185""}"
1186,1186,257,created,2025-04-24 07:17:18,"{""short_code"":""aRh5Ab"",""original_url"":""https://example.com/quiet/island/1186""}"
1187,1187,338,created,2025-05-19 17:46:23,"{""short_code"":""QUA5kn"",""original_url"":""https://acme.dev/quiet/network/1187""}"
1188,1188,317,created,2025-09-07 11:05:34,"{""short_code"":""HtwUPr"",""original_url"":""https://opswise.net/jade/garden/1188""}"
1189,1189,295,created,2025-06-14 02:56:17,"{""short_code"":""PNrXHC"",""original_url"":""https://opswise.net/proud/orbit/1189""}"
1190,1190,203,created,2026-02-11 08:07:35,"{""short_code"":""OAAcwA"",""original_url"":""https://seeded.app/proud/pioneer/1190""}"
1191,1191,253,created,2026-01-01 21:14:50,"{""short_code"":""OQ4QEw"",""original_url"":""https://opswise.net/jade/pioneer/1191""}"
1192,1192,161,created,2025-11-24 06:29:07,"{""short_code"":""Puq8Ef"",""original_url"":""https://seeded.app/quiet/signal/1192""}"
1193,1193,97,created,2025-12-06 06:26:07,"{""short_code"":""59BMcZ"",""original_url"":""https://example.com/amber/beacon/1193""}"
1194,1194,191,created,2025-10-30 06:25:49,"{""short_code"":""6QGWRk"",""original_url"":""https://acme.dev/mellow/quartz/1194""}"
1195,1195,56,created,2025-09-15 05:39:35,"{""short_code"":""O3WPpj"",""original_url"":""https://relay.cloud/vivid/garden/1195""}"
1196,1196,61,created,2025-05-11 14:45:37,"{""short_code"":""1CuO2c"",""original_url"":""https://example.com/gold/kernel/1196""}"
1197,1197,341,created,2026-01-13 04:23:06,"{""short_code"":""WVKnjt"",""original_url"":""https://hackstack.io/proud/delta/1197""}"
1198,1198,194,created,2025-10-25 11:37:55,"{""short_code"":""iRx2no"",""original_url"":""https://example.com/mellow/anchor/1198""}"
1199,1199,237,created,2025-08-03 19:39:20,"{""short_code"":""aBi6Mt"",""original_url"":""https://seeded.app/tidy/uplink/1199""}"
1200,1200,263,created,2025-01-21 18:44:38,"{""short_code"":""GEVhds"",""original_url"":""https://example.com/proud/trail/1200""}"
1201,1201,76,created,2025-11-21 01:58:38,"{""short_code"":""j1VOyX"",""original_url"":""https://relay.cloud/vivid/window/1201""}"
1202,1202,244,created,2025-05-06 05:35:54,"{""short_code"":""QVOa9q"",""original_url"":""https://seeded.app/gold/canyon/1202""}"
1203,1203,95,created,2025-07-25 03:26:16,"{""short_code"":""QohX6u"",""original_url"":""https://opswise.net/warm/canyon/1203""}"
1204,1204,229,created,2026-01-06 16:13:02,"{""short_code"":""brHvVx"",""original_url"":""https://example.com/clear/engine/1204""}"
1205,1205,284,created,2025-02-02 03:33:00,"{""short_code"":""qb6V9h"",""original_url"":""https://opswise.net/opal/pioneer/1205""}"
1206,1206,7,created,2025-09-29 19:59:32,"{""short_code"":""BFhQYV"",""original_url"":""https://acme.dev/dawn/valley/1206""}"
1207,1207,212,created,2025-02-18 17:38:23,"{""short_code"":""qvJzDh"",""original_url"":""https://seeded.app/calm/kernel/1207""}"
1208,1208,379,created,2025-10-02 02:06:17,"{""short_code"":""2xjpr2"",""original_url"":""https://example.com/quiet/field/1208""}"
1209,1209,3,created,2025-07-25 21:51:11,"{""short_code"":""WzA3Ys"",""original_url"":""https://example.com/tidy/lagoon/1209""}"
1210,1210,18,created,2025-09-21 13:01:21,"{""short_code"":""UrVMbL"",""original_url"":""https://opswise.net/silver/engine/1210""}"
1211,1211,90,created,2025-03-02 19:29:49,"{""short_code"":""rAKBEH"",""original_url"":""https://opswise.net/urban/harvest/1211""}"
1212,1212,109,created,2025-09-08 22:02:03,"{""short_code"":""yoQpdB"",""original_url"":""https://acme.dev/proud/orbit/1212""}"
1213,1213,379,created,2026-01-27 01:01:59,"{""short_code"":""cjdGdo"",""original_url"":""https://hackstack.io/keen/garden/1213""}"
1214,1214,126,created,2025-01-25 09:59:54,"{""short_code"":""ZSB9l5"",""original_url"":""https://example.com/quiet/network/1214""}"
1215,1215,299,created,2025-12-25 19:50:43,"{""short_code"":""w5P7Qn"",""original_url"":""https://seeded.app/vivid/orbit/1215""}"
1216,1216,70,created,2025-09-17 02:57:59,"{""short_code"":""3PHUo4"",""original_url"":""https://relay.cloud/vivid/field/1216""}"
1217,1217,329,created,2025-04-28 21:47:34,"{""short_code"":""iZEMXi"",""original_url"":""https://example.com/mellow/engine/1217""}"
1218,1218,259,created,2025-12-30 16:25:38,"{""short_code"":""WTDoP2"",""original_url"":""https://opswise.net/lively/signal/1218""}"
1219,1219,300,created,2025-07-21 14:06:08,"{""short_code"":""S6WH9n"",""original_url"":""https://seeded.app/mellow/trail/1219""}"
1220,1220,100,created,2025-05-28 12:59:59,"{""short_code"":""jUqzId"",""original_url"":""https://relay.cloud/brisk/trail/1220""}"
1221,1221,118,created,2025-12-20 16:47:14,"{""short_code"":""eBXss1"",""original_url"":""https://example.com/brisk/lagoon/1221""}"
1222,1222,311,created,2025-12-22 02:03:19,"{""short_code"":""u158x4"",""original_url"":""https://example.com/warm/anchor/1222""}"
1223,1223,262,created,2025-12-16 07:58:31,"{""short_code"":""7NAKCk"",""original_url"":""https://hackstack.io/harbor/signal/1223""}"
1224,1224,360,created,2025-06-22 18:46:29,"{""short_code"":""FdJt57"",""original_url"":""https://relay.cloud/jade/quartz/1224""}"
1225,1225,269,created,2025-07-17 02:22:26,"{""short_code"":""UFlSFE"",""original_url"":""https://relay.cloud/cobalt/island/1225""}"
1226,1226,167,created,2025-01-29 08:15:01,"{""short_code"":""X5Yq3b"",""original_url"":""https://seeded.app/dawn/window/1226""}"
1227,1227,375,created,2025-09-18 18:36:58,"{""short_code"":""GSneyY"",""original_url"":""https://hackstack.io/forest/river/1227""}"
1228,1228,157,created,2025-07-20 17:15:36,"{""short_code"":""lF1kqf"",""original_url"":""https://opswise.net/amber/pioneer/1228""}"
1229,1229,380,created,2025-01-07 11:33:06,"{""short_code"":""773jkz"",""original_url"":""https://example.com/jade/network/1229""}"
1230,1230,25,created,2025-03-22 17:16:31,"{""short_code"":""snRxnk"",""original_url"":""https://acme.dev/gold/trail/1230""}"
1231,1231,6,created,2025-04-02 23:19:22,"{""short_code"":""rYHUQf"",""original_url"":""https://acme.dev/lively/river/1231""}"
1232,1232,350,created,2026-02-07 09:18:58,"{""short_code"":""9JJP3e"",""original_url"":""https://hackstack.io/opal/canyon/1232""}"
1233,1233,303,created,2025-10-28 05:19:46,"{""short_code"":""vQrSBY"",""original_url"":""https://example.com/urban/meadow/1233""}"
1234,1234,109,created,2025-12-13 03:46:21,"{""short_code"":""0jsEUR"",""original_url"":""https://opswise.net/opal/uplink/1234""}"
1235,1235,116,created,2025-06-21 12:31:45,"{""short_code"":""j8wZxy"",""original_url"":""https://opswise.net/lively/meadow/1235""}"
1236,1236,308,created,2025-11-15 14:56:09,"{""short_code"":""fntXBr"",""original_url"":""https://hackstack.io/dawn/meadow/1236""}"
1237,1237,8,created,2025-01-11 12:35:33,"{""short_code"":""mapjoZ"",""original_url"":""https://relay.cloud/proud/anchor/1237""}"
1238,1238,19,created,2025-02-22 13:10:48,"{""short_code"":""XR6q2V"",""original_url"":""https://opswise.net/lively/pioneer/1238""}"
1239,1239,262,created,2025-02-05 05:21:08,"{""short_code"":""B7gLvD"",""original_url"":""https://opswise.net/lively/quartz/1239""}"
1240,1240,236,created,2025-02-01 22:58:40,"{""short_code"":""msSurY"",""original_url"":""https://relay.cloud/navy/beacon/1240""}"
1241,1241,36,created,2025-08-02 19:53:31,"{""short_code"":""2So090"",""original_url"":""https://example.com/gold/network/1241""}"
1242,1242,133,created,2025-07-18 18:45:00,"{""short_code"":""HxtuCM"",""original_url"":""https://example.com/forest/anchor/1242""}"
1243,1243,302,created,2025-09-27 14:45:04,"{""short_code"":""VU8lEx"",""original_url"":""https://seeded.app/dawn/orbit/1243""}"
1244,1244,62,created,2025-01-18 02:52:02,"{""short_code"":""DnHCU2"",""original_url"":""https://seeded.app/gold/meadow/1244""}"
1245,1245,177,created,2025-09-27 19:52:32,"{""short_code"":""06UHtC"",""original_url"":""https://example.com/clear/zenith/1245""}"
1246,1246,108,created,2025-01-12 07:46:53,"{""short_code"":""RictTF"",""original_url"":""https://relay.cloud/forest/uplink/1246""}"
1247,1247,126,created,2025-01-21 14:59:43,"{""short_code"":""EDMuGd"",""original_url"":""https://seeded.app/calm/beacon/1247""}"
1248,1248,158,created,2025-01-18 19:31:07,"{""short_code"":""rsGZR4"",""original_url"":""https://acme.dev/gold/yard/1248""}"
1249,1249,326,created,2025-02-13 12:23:20,"{""short_code"":""XQa0si"",""original_url"":""https://hackstack.io/harbor/river/1249""}"
1250,1250,58,created,2025-11-14 22:28:00,"{""short_code"":""29HfDO"",""original_url"":""https://seeded.app/mellow/island/1250""}"
1251,1251,43,created,2025-08-05 06:26:36,"{""short_code"":""OUfKde"",""original_url"":""https://acme.dev/calm/pioneer/1251""}"
1252,1252,234,created,2025-02-26 07:17:08,"{""short_code"":""7TfzLm"",""original_url"":""https://relay.cloud/urban/network/1252""}"
1253,1253,94,created,2025-01-29 23:09:49,"{""short_code"":""CN0JhV"",""original_url"":""https://example.com/young/garden/1253""}"
1254,1254,274,created,2025-05-21 16:21:48,"{""short_code"":""jywOf8"",""original_url"":""https://relay.cloud/quiet/island/1254""}"
1255,1255,365,created,2025-09-23 22:50:15,"{""short_code"":""QuCkky"",""original_url"":""https://hackstack.io/dawn/beacon/1255""}"
1256,1256,118,created,2025-04-19 16:12:21,"{""short_code"":""ZJPwLU"",""original_url"":""https://seeded.app/mellow/valley/1256""}"
1257,1257,23,created,2025-09-10 16:11:22,"{""short_code"":""zVQ1kX"",""original_url"":""https://opswise.net/harbor/field/1257""}"
1258,1258,45,created,2025-11-30 05:51:29,"{""short_code"":""qfFd54"",""original_url"":""https://seeded.app/dawn/field/1258""}"
1259,1259,129,created,2025-03-08 09:35:51,"{""short_code"":""ATi643"",""original_url"":""https://opswise.net/gold/delta/1259""}"
1260,1260,116,created,2025-08-20 03:49:19,"{""short_code"":""Vuujev"",""original_url"":""https://seeded.app/dawn/delta/1260""}"
1261,1261,150,created,2025-02-13 14:17:38,"{""short_code"":""amgbom"",""original_url"":""https://opswise.net/clear/anchor/1261""}"
1262,1262,58,created,2025-04-25 23:20:14,"{""short_code"":""LEinVd"",""original_url"":""https://seeded.app/ivory/valley/1262""}"
1263,1263,154,created,2025-01-09 13:02:41,"{""short_code"":""2oZR5Z"",""original_url"":""https://seeded.app/tidy/engine/1263""}"
1264,1264,97,created,2026-01-10 02:00:31,"{""short_code"":""ZkfC8E"",""original_url"":""https://hackstack.io/vivid/trail/1264""}"
1265,1265,201,created,2025-03-18 02:05:11,"{""short_code"":""g8udDj"",""original_url"":""https://hackstack.io/brisk/yard/1265""}"
1266,1266,169,created,2026-01-01 14:29:49,"{""short_code"":""VKNXVB"",""original_url"":""https://seeded.app/quiet/field/1266""}"
1267,1267,284,created,2025-08-09 08:45:51,"{""short_code"":""oOsFQr"",""original_url"":""https://seeded.app/ember/harvest/1267""}"
1268,1268,151,created,2025-07-29 18:46:32,"{""short_code"":""RpYlbH"",""original_url"":""https://opswise.net/urban/signal/1268""}"
1269,1269,12,created,2025-02-26 18:25:53,"{""short_code"":""lQ7jUa"",""original_url"":""https://hackstack.io/rapid/uplink/1269""}"
1270,1270,147,created,2025-05-04 23:15:56,"{""short_code"":""JAd6Y8"",""original_url"":""https://seeded.app/gold/zenith/1270""}"
1271,1271,347,created,2025-01-28 15:57:05,"{""short_code"":""cad28b"",""original_url"":""https://example.com/harbor/network/1271""}"
1272,1272,344,created,2026-01-25 14:46:55,"{""short_code"":""erwOpj"",""original_url"":""https://relay.cloud/tidy/garden/1272""}"
1273,1273,208,created,2025-12-22 17:42:27,"{""short_code"":""Ly0Nmm"",""original_url"":""https://opswise.net/mellow/river/1273""}"
1274,1274,46,created,2025-01-08 11:33:45,"{""short_code"":""pcerjk"",""original_url"":""https://opswise.net/lively/journey/1274""}"
1275,1275,397,created,2025-08-10 06:40:53,"{""short_code"":""yKiiBf"",""original_url"":""https://hackstack.io/rapid/garden/1275""}"
1276,1276,322,created,2025-09-17 19:28:41,"{""short_code"":""SgtqeU"",""original_url"":""https://hackstack.io/opal/field/1276""}"
1277,1277,87,created,2025-06-24 21:55:59,"{""short_code"":""M0JLa8"",""original_url"":""https://opswise.net/rapid/valley/1277""}"
1278,1278,17,created,2025-12-19 18:04:49,"{""short_code"":""ZjirMe"",""original_url"":""https://opswise.net/quiet/garden/1278""}"
1279,1279,308,created,2025-09-29 07:27:23,"{""short_code"":""sPDlQT"",""original_url"":""https://acme.dev/ivory/window/1279""}"
1280,1280,159,created,2026-01-28 03:08:46,"{""short_code"":""6lAVP1"",""original_url"":""https://example.com/vivid/engine/1280""}"
1281,1281,214,created,2025-09-05 16:52:39,"{""short_code"":""rsldib"",""original_url"":""https://relay.cloud/jade/engine/1281""}"
1282,1282,258,created,2025-06-23 00:19:03,"{""short_code"":""a7RMyF"",""original_url"":""https://hackstack.io/keen/island/1282""}"
1283,1283,65,created,2025-12-28 08:36:31,"{""short_code"":""XtTSFI"",""original_url"":""https://acme.dev/rapid/window/1283""}"
1284,1284,124,created,2025-11-16 03:48:43,"{""short_code"":""sXM7s9"",""original_url"":""https://hackstack.io/dawn/island/1284""}"
1285,1285,180,created,2025-05-02 08:08:17,"{""short_code"":""kIOAzj"",""original_url"":""https://acme.dev/quiet/journey/1285""}"
1286,1286,285,created,2025-01-24 11:55:40,"{""short_code"":""P7LrXH"",""original_url"":""https://seeded.app/mellow/network/1286""}"
1287,1287,120,created,2025-04-03 23:41:45,"{""short_code"":""RtNFwq"",""original_url"":""https://seeded.app/tidy/network/1287""}"
1288,1288,190,created,2025-10-23 21:49:53,"{""short_code"":""2IxfY3"",""original_url"":""https://relay.cloud/proud/valley/1288""}"
1289,1289,56,created,2025-07-11 19:34:28,"{""short_code"":""V6tIO2"",""original_url"":""https://opswise.net/jade/engine/1289""}"
1290,1290,8,created,2025-06-10 19:47:07,"{""short_code"":""vqBsOM"",""original_url"":""https://opswise.net/gold/garden/1290""}"
1291,1291,35,created,2025-12-27 03:29:45,"{""short_code"":""5rT9Gv"",""original_url"":""https://opswise.net/silver/trail/1291""}"
1292,1292,183,created,2026-01-14 16:29:24,"{""short_code"":""BAOnbP"",""original_url"":""https://relay.cloud/keen/yard/1292""}"
1293,1293,368,created,2025-05-14 04:25:39,"{""short_code"":""PqdkKy"",""original_url"":""https://hackstack.io/brisk/meadow/1293""}"
1294,1294,250,created,2025-02-01 23:39:42,"{""short_code"":""OHNGPm"",""original_url"":""https://seeded.app/tidy/uplink/1294""}"
1295,1295,15,created,2026-01-31 15:21:05,"{""short_code"":""DR41Ow"",""original_url"":""https://seeded.app/warm/garden/1295""}"
1296,1296,285,created,2026-02-01 20:32:55,"{""short_code"":""zDdQN9"",""original_url"":""https://hackstack.io/ivory/signal/1296""}"
1297,1297,55,created,2025-11-28 22:00:14,"{""short_code"":""rQxULW"",""original_url"":""https://seeded.app/dawn/quartz/1297""}"
1298,1298,200,created,2025-07-17 11:48:00,"{""short_code"":""WOkz2s"",""original_url"":""https://example.com/navy/harvest/1298""}"
1299,1299,226,created,2025-09-01 03:43:56,"{""short_code"":""5KdtCD"",""original_url"":""https://hackstack.io/calm/beacon/1299""}"
1300,1300,335,created,2025-04-08 22:52:25,"{""short_code"":""ffNBVM"",""original_url"":""https://relay.cloud/ivory/engine/1300""}"
1301,1301,39,created,2026-02-17 23:05:44,"{""short_code"":""8GXOEs"",""original_url"":""https://seeded.app/gold/yard/1301""}"
1302,1302,229,created,2025-01-15 21:53:50,"{""short_code"":""dvVcEt"",""original_url"":""https://seeded.app/cobalt/anchor/1302""}"
1303,1303,38,created,2025-02-06 06:50:31,"{""short_code"":""UNIZvK"",""original_url"":""https://example.com/ivory/valley/1303""}"
1304,1304,36,created,2025-03-07 15:20:11,"{""short_code"":""4TROF9"",""original_url"":""https://seeded.app/ivory/engine/1304""}"
1305,1305,247,created,2025-12-08 05:43:33,"{""short_code"":""ZnzSZ8"",""original_url"":""https://acme.dev/tidy/window/1305""}"
1306,1306,346,created,2025-11-16 06:02:23,"{""short_code"":""jQtrhM"",""original_url"":""https://opswise.net/mellow/zenith/1306""}"
1307,1307,397,created,2026-01-05 10:13:46,"{""short_code"":""CW0Y3O"",""original_url"":""https://opswise.net/mellow/zenith/1307""}"
1308,1308,94,created,2025-02-08 05:40:22,"{""short_code"":""A5ejRW"",""original_url"":""https://seeded.app/jade/pioneer/1308""}"
1309,1309,354,created,2025-05-07 07:40:34,"{""short_code"":""RBuIi7"",""original_url"":""https://hackstack.io/clear/network/1309""}"
1310,1310,112,created,2025-06-21 17:17:27,"{""short_code"":""HIO591"",""original_url"":""https://hackstack.io/cobalt/garden/1310""}"
1311,1311,310,created,2025-02-07 07:13:15,"{""short_code"":""jiW0g6"",""original_url"":""https://seeded.app/dawn/quartz/1311""}"
1312,1312,332,created,2025-03-07 08:03:21,"{""short_code"":""AP5EVi"",""original_url"":""https://example.com/rapid/engine/1312""}"
1313,1313,195,created,2025-06-29 17:19:09,"{""short_code"":""nx06Bh"",""original_url"":""https://relay.cloud/rapid/yard/1313""}"
1314,1314,382,created,2025-03-12 19:19:01,"{""short_code"":""I0mDFS"",""original_url"":""https://relay.cloud/tidy/field/1314""}"
1315,1315,326,created,2025-09-08 05:26:40,"{""short_code"":""rMxF7m"",""original_url"":""https://relay.cloud/keen/quartz/1315""}"
1316,1316,198,created,2025-11-11 07:40:19,"{""short_code"":""9Dv8DF"",""original_url"":""https://seeded.app/keen/delta/1316""}"
1317,1317,134,created,2025-06-03 06:10:47,"{""short_code"":""ArXIc1"",""original_url"":""https://relay.cloud/forest/lagoon/1317""}"
1318,1318,107,created,2025-06-02 22:33:12,"{""short_code"":""e83afq"",""original_url"":""https://opswise.net/urban/engine/1318""}"
1319,1319,151,created,2025-11-25 21:39:17,"{""short_code"":""frTfHR"",""original_url"":""https://seeded.app/clear/engine/1319""}"
1320,1320,37,created,2025-04-28 05:44:50,"{""short_code"":""GvZT2B"",""original_url"":""https://example.com/rapid/beacon/1320""}"
1321,1321,23,created,2025-07-24 03:19:08,"{""short_code"":""z9SJVr"",""original_url"":""https://relay.cloud/urban/island/1321""}"
1322,1322,114,created,2026-02-17 18:15:00,"{""short_code"":""uUPELl"",""original_url"":""https://example.com/lively/window/1322""}"
1323,1323,265,created,2025-01-21 22:08:35,"{""short_code"":""eWcmeT"",""original_url"":""https://acme.dev/gold/pioneer/1323""}"
1324,1324,93,created,2025-04-06 20:45:38,"{""short_code"":""bCGC3O"",""original_url"":""https://relay.cloud/lively/quartz/1324""}"
1325,1325,48,created,2025-08-08 15:25:29,"{""short_code"":""OuQwcf"",""original_url"":""https://relay.cloud/proud/network/1325""}"
1326,1326,124,created,2025-10-17 01:51:06,"{""short_code"":""TX5PoS"",""original_url"":""https://example.com/calm/engine/1326""}"
1327,1327,366,created,2025-03-30 15:37:55,"{""short_code"":""W4HIHB"",""original_url"":""https://opswise.net/navy/trail/1327""}"
1328,1328,344,created,2025-05-12 16:04:07,"{""short_code"":""bNz6gS"",""original_url"":""https://hackstack.io/silver/anchor/1328""}"
1329,1329,98,created,2025-01-25 13:32:18,"{""short_code"":""iunkf2"",""original_url"":""https://acme.dev/navy/delta/1329""}"
1330,1330,29,created,2025-06-21 18:43:56,"{""short_code"":""zB2o3b"",""original_url"":""https://seeded.app/calm/window/1330""}"
1331,1331,47,created,2025-03-10 02:50:36,"{""short_code"":""vLr1EV"",""original_url"":""https://example.com/rapid/anchor/1331""}"
1332,1332,235,created,2025-03-06 12:14:25,"{""short_code"":""CuRn3t"",""original_url"":""https://seeded.app/proud/orbit/1332""}"
1333,1333,148,created,2025-10-28 05:35:39,"{""short_code"":""udU8mV"",""original_url"":""https://acme.dev/dawn/river/1333""}"
1334,1334,155,created,2025-02-13 09:25:31,"{""short_code"":""Roaoed"",""original_url"":""https://example.com/warm/trail/1334""}"
1335,1335,85,created,2025-05-10 02:02:00,"{""short_code"":""xhZksw"",""original_url"":""https://acme.dev/gold/zenith/1335""}"
1336,1336,143,created,2026-01-18 21:59:04,"{""short_code"":""OUKlWx"",""original_url"":""https://example.com/keen/uplink/1336""}"
1337,1337,33,created,2025-06-02 05:21:46,"{""short_code"":""UHa6zv"",""original_url"":""https://hackstack.io/lively/delta/1337""}"
1338,1338,357,created,2025-12-24 19:19:04,"{""short_code"":""PkLzNM"",""original_url"":""https://opswise.net/ember/engine/1338""}"
1339,1339,289,created,2025-04-26 15:16:33,"{""short_code"":""37bs4D"",""original_url"":""https://acme.dev/tidy/window/1339""}"
1340,1340,301,created,2025-06-14 17:43:50,"{""short_code"":""BTdJ6u"",""original_url"":""https://seeded.app/tidy/pioneer/1340""}"
1341,1341,338,created,2025-01-19 14:37:39,"{""short_code"":""olYKSd"",""original_url"":""https://seeded.app/harbor/zenith/1341""}"
1342,1342,125,created,2025-10-27 15:20:35,"{""short_code"":""JCsmG2"",""original_url"":""https://example.com/amber/anchor/1342""}"
1343,1343,350,created,2025-04-19 13:13:50,"{""short_code"":""OhdGBB"",""original_url"":""https://opswise.net/quiet/island/1343""}"
1344,1344,186,created,2025-03-25 19:50:27,"{""short_code"":""onYftd"",""original_url"":""https://hackstack.io/vivid/yard/1344""}"
1345,1345,99,created,2025-11-25 14:37:55,"{""short_code"":""t8D0zV"",""original_url"":""https://opswise.net/gold/island/1345""}"
1346,1346,325,created,2025-02-22 08:10:22,"{""short_code"":""AHQRXU"",""original_url"":""https://acme.dev/warm/delta/1346""}"
1347,1347,146,created,2025-10-11 05:04:43,"{""short_code"":""w1Ukmv"",""original_url"":""https://opswise.net/calm/journey/1347""}"
1348,1348,144,created,2025-06-20 01:27:37,"{""short_code"":""joI6j9"",""original_url"":""https://example.com/proud/lagoon/1348""}"
1349,1349,300,created,2025-02-26 02:30:25,"{""short_code"":""MAovrN"",""original_url"":""https://relay.cloud/warm/uplink/1349""}"
1350,1350,395,created,2025-07-15 22:25:07,"{""short_code"":""LFp5hH"",""original_url"":""https://example.com/vivid/garden/1350""}"
1351,1351,42,created,2025-01-01 00:44:44,"{""short_code"":""4Jx2k4"",""original_url"":""https://relay.cloud/calm/window/1351""}"
1352,1352,371,created,2025-09-13 19:22:01,"{""short_code"":""fOR3RN"",""original_url"":""https://relay.cloud/ember/meadow/1352""}"
1353,1353,200,created,2025-06-21 17:21:35,"{""short_code"":""sLky94"",""original_url"":""https://example.com/jade/network/1353""}"
1354,1354,386,created,2025-03-07 13:59:59,"{""short_code"":""6NJikc"",""original_url"":""https://example.com/vivid/signal/1354""}"
1355,1355,344,created,2025-10-26 13:22:35,"{""short_code"":""bgBuEH"",""original_url"":""https://example.com/keen/uplink/1355""}"
1356,1356,278,created,2025-06-21 18:48:43,"{""short_code"":""KQZFY7"",""original_url"":""https://opswise.net/rapid/island/1356""}"
1357,1357,274,created,2025-12-05 06:42:07,"{""short_code"":""nEClGi"",""original_url"":""https://seeded.app/ember/garden/1357""}"
1358,1358,61,created,2026-02-09 12:51:10,"{""short_code"":""JfCj2h"",""original_url"":""https://seeded.app/warm/beacon/1358""}"
1359,1359,400,created,2025-07-17 18:53:57,"{""short_code"":""cyXU8b"",""original_url"":""https://hackstack.io/clear/zenith/1359""}"
1360,1360,168,created,2025-03-28 01:46:36,"{""short_code"":""eSfK1S"",""original_url"":""https://acme.dev/young/field/1360""}"
1361,1361,51,created,2025-12-21 08:31:26,"{""short_code"":""Z5K0Qy"",""original_url"":""https://opswise.net/young/window/1361""}"
1362,1362,208,created,2025-06-29 22:46:32,"{""short_code"":""5i0gZS"",""original_url"":""https://acme.dev/brisk/lagoon/1362""}"
1363,1363,284,created,2025-01-28 06:01:52,"{""short_code"":""WLjF1S"",""original_url"":""https://seeded.app/navy/harvest/1363""}"
1364,1364,9,created,2025-06-30 17:14:58,"{""short_code"":""1LRhpZ"",""original_url"":""https://relay.cloud/young/uplink/1364""}"
1365,1365,249,created,2025-12-03 19:39:05,"{""short_code"":""izYuM1"",""original_url"":""https://acme.dev/opal/pioneer/1365""}"
1366,1366,90,created,2025-07-08 15:07:39,"{""short_code"":""9wtHVj"",""original_url"":""https://acme.dev/calm/zenith/1366""}"
1367,1367,143,created,2025-09-06 15:51:58,"{""short_code"":""cE7FSg"",""original_url"":""https://opswise.net/young/zenith/1367""}"
1368,1368,32,created,2025-02-23 04:03:24,"{""short_code"":""WdNdJL"",""original_url"":""https://hackstack.io/clear/meadow/1368""}"
1369,1369,91,created,2025-09-05 10:18:46,"{""short_code"":""cxqp4I"",""original_url"":""https://hackstack.io/dawn/zenith/1369""}"
1370,1370,133,created,2025-04-26 00:19:00,"{""short_code"":""jpc84F"",""original_url"":""https://example.com/calm/meadow/1370""}"
1371,1371,51,created,2025-02-27 15:40:42,"{""short_code"":""3yA4QO"",""original_url"":""https://acme.dev/quiet/quartz/1371""}"
1372,1372,183,created,2025-09-24 08:45:14,"{""short_code"":""Akbqne"",""original_url"":""https://seeded.app/navy/field/1372""}"
1373,1373,394,created,2025-10-28 21:55:09,"{""short_code"":""MK1w4f"",""original_url"":""https://acme.dev/rapid/uplink/1373""}"
1374,1374,142,created,2025-03-30 08:25:49,"{""short_code"":""ga3fqG"",""original_url"":""https://acme.dev/amber/trail/1374""}"
1375,1375,3,created,2025-03-25 20:19:58,"{""short_code"":""WSJggC"",""original_url"":""https://hackstack.io/quiet/kernel/1375""}"
1376,1376,129,created,2025-09-03 01:11:32,"{""short_code"":""8SQ0xN"",""original_url"":""https://acme.dev/keen/harvest/1376""}"
1377,1377,140,created,2025-11-30 11:31:04,"{""short_code"":""MA5hXI"",""original_url"":""https://seeded.app/opal/engine/1377""}"
1378,1378,256,created,2025-10-05 19:20:02,"{""short_code"":""GqrIVk"",""original_url"":""https://acme.dev/harbor/kernel/1378""}"
1379,1379,101,created,2025-10-11 01:31:50,"{""short_code"":""p0v7Im"",""original_url"":""https://seeded.app/rapid/field/1379""}"
1380,1380,201,created,2025-03-09 00:32:12,"{""short_code"":""QwCtdd"",""original_url"":""https://acme.dev/proud/zenith/1380""}"
1381,1381,90,created,2025-03-07 17:51:56,"{""short_code"":""6ZlRX0"",""original_url"":""https://hackstack.io/cobalt/valley/1381""}"
1382,1382,150,created,2025-04-17 02:46:50,"{""short_code"":""qDuiNd"",""original_url"":""https://hackstack.io/vivid/lagoon/1382""}"
1383,1383,55,created,2025-05-24 14:51:17,"{""short_code"":""jPLVxn"",""original_url"":""https://hackstack.io/quiet/delta/1383""}"
1384,1384,185,created,2025-12-03 23:13:30,"{""short_code"":""nAtJ3L"",""original_url"":""https://seeded.app/clear/valley/1384""}"
1385,1385,101,created,2025-08-09 08:25:14,"{""short_code"":""7nQdIj"",""original_url"":""https://relay.cloud/cobalt/zenith/1385""}"
1386,1386,380,created,2025-07-19 14:26:49,"{""short_code"":""0Otxff"",""original_url"":""https://hackstack.io/keen/lagoon/1386""}"
1387,1387,385,created,2025-03-12 19:03:34,"{""short_code"":""44M1WT"",""original_url"":""https://opswise.net/silver/river/1387""}"
1388,1388,137,created,2025-11-04 03:49:04,"{""short_code"":""evdfqR"",""original_url"":""https://example.com/jade/field/1388""}"
1389,1389,252,created,2025-01-17 20:08:43,"{""short_code"":""glcSWw"",""original_url"":""https://opswise.net/gold/beacon/1389""}"
1390,1390,154,created,2025-11-18 18:23:42,"{""short_code"":""q6lSz4"",""original_url"":""https://acme.dev/opal/trail/1390""}"
1391,1391,113,created,2025-07-04 17:43:20,"{""short_code"":""dtZPnm"",""original_url"":""https://hackstack.io/lively/garden/1391""}"
1392,1392,157,created,2025-07-17 16:11:14,"{""short_code"":""iByIOW"",""original_url"":""https://acme.dev/rapid/harvest/1392""}"
1393,1393,216,created,2025-07-06 19:59:17,"{""short_code"":""a03oOJ"",""original_url"":""https://acme.dev/clear/river/1393""}"
1394,1394,87,created,2025-06-01 12:36:11,"{""short_code"":""bjVZLP"",""original_url"":""https://acme.dev/mellow/lagoon/1394""}"
1395,1395,267,created,2025-01-17 15:11:47,"{""short_code"":""QKeZ3G"",""original_url"":""https://acme.dev/forest/network/1395""}"
1396,1396,372,created,2025-02-13 12:46:31,"{""short_code"":""nj4wec"",""original_url"":""https://hackstack.io/brisk/orbit/1396""}"
1397,1397,112,created,2025-11-11 06:37:08,"{""short_code"":""MRUcR0"",""original_url"":""https://hackstack.io/vivid/kernel/1397""}"
1398,1398,298,created,2025-04-01 18:44:24,"{""short_code"":""SwF4CO"",""original_url"":""https://example.com/keen/journey/1398""}"
1399,1399,204,created,2025-04-14 13:22:55,"{""short_code"":""W00wJ4"",""original_url"":""https://seeded.app/lively/kernel/1399""}"
1400,1400,63,created,2025-08-25 20:23:04,"{""short_code"":""pjwhzX"",""original_url"":""https://example.com/lively/island/1400""}"
1401,1401,18,created,2025-07-23 03:41:22,"{""short_code"":""I0nvDI"",""original_url"":""https://seeded.app/proud/canyon/1401""}"
1402,1402,337,created,2025-02-04 03:48:22,"{""short_code"":""SQ6d1l"",""original_url"":""https://example.com/dawn/trail/1402""}"
1403,1403,391,created,2025-06-02 11:01:52,"{""short_code"":""8z7dhn"",""original_url"":""https://opswise.net/mellow/meadow/1403""}"
1404,1404,325,created,2025-02-13 01:32:06,"{""short_code"":""mS3fzr"",""original_url"":""https://hackstack.io/forest/zenith/1404""}"
1405,1405,136,created,2026-01-26 14:06:31,"{""short_code"":""EIR1LK"",""original_url"":""https://seeded.app/navy/field/1405""}"
1406,1406,330,created,2025-08-18 17:19:09,"{""short_code"":""fgqaJ5"",""original_url"":""https://opswise.net/navy/canyon/1406""}"
1407,1407,358,created,2025-08-22 21:30:12,"{""short_code"":""9HOqdY"",""original_url"":""https://hackstack.io/jade/garden/1407""}"
1408,1408,107,created,2025-06-02 15:55:33,"{""short_code"":""SYEtIK"",""original_url"":""https://acme.dev/gold/journey/1408""}"
1409,1409,329,created,2025-02-19 09:57:21,"{""short_code"":""Ma7sPK"",""original_url"":""https://example.com/warm/uplink/1409""}"
1410,1410,392,created,2025-04-17 15:42:43,"{""short_code"":""sR2yIX"",""original_url"":""https://opswise.net/harbor/kernel/1410""}"
1411,1411,362,created,2025-07-04 22:50:33,"{""short_code"":""5oXrzt"",""original_url"":""https://seeded.app/keen/window/1411""}"
1412,1412,48,created,2025-12-08 18:10:50,"{""short_code"":""swPwM5"",""original_url"":""https://seeded.app/silver/journey/1412""}"
1413,1413,53,created,2026-01-29 19:01:21,"{""short_code"":""d30wlL"",""original_url"":""https://hackstack.io/clear/journey/1413""}"
1414,1414,360,created,2025-06-06 20:52:41,"{""short_code"":""HqwmkQ"",""original_url"":""https://hackstack.io/dawn/beacon/1414""}"
1415,1415,186,created,2025-10-14 15:52:11,"{""short_code"":""JeOqhm"",""original_url"":""https://opswise.net/ember/window/1415""}"
1416,1416,360,created,2025-05-11 00:03:42,"{""short_code"":""dmBTG2"",""original_url"":""https://relay.cloud/calm/yard/1416""}"
1417,1417,39,created,2025-08-07 07:27:04,"{""short_code"":""Gjob9q"",""original_url"":""https://relay.cloud/tidy/uplink/1417""}"
1418,1418,115,created,2026-01-30 09:04:32,"{""short_code"":""YA4cZr"",""original_url"":""https://hackstack.io/cobalt/valley/1418""}"
1419,1419,86,created,2025-02-27 04:13:03,"{""short_code"":""UIqDlH"",""original_url"":""https://relay.cloud/cobalt/beacon/1419""}"
1420,1420,374,created,2025-05-11 16:59:06,"{""short_code"":""E8sbOh"",""original_url"":""https://example.com/harbor/window/1420""}"
1421,1421,252,created,2025-07-20 20:21:55,"{""short_code"":""iFpLNW"",""original_url"":""https://acme.dev/clear/pioneer/1421""}"
1422,1422,40,created,2025-06-19 22:54:41,"{""short_code"":""mzvzS9"",""original_url"":""https://acme.dev/forest/garden/1422""}"
1423,1423,116,created,2025-12-03 17:17:26,"{""short_code"":""hZtjG0"",""original_url"":""https://relay.cloud/young/signal/1423""}"
1424,1424,295,created,2025-02-02 22:44:40,"{""short_code"":""dUkEd4"",""original_url"":""https://acme.dev/quiet/yard/1424""}"
1425,1425,138,created,2026-01-13 19:04:54,"{""short_code"":""BIEbwx"",""original_url"":""https://acme.dev/calm/river/1425""}"
1426,1426,145,created,2025-08-17 16:00:25,"{""short_code"":""J0f1Th"",""original_url"":""https://relay.cloud/amber/trail/1426""}"
1427,1427,333,created,2025-03-25 16:36:47,"{""short_code"":""sNQlXq"",""original_url"":""https://relay.cloud/opal/trail/1427""}"
1428,1428,61,created,2025-05-18 20:46:44,"{""short_code"":""8QicYs"",""original_url"":""https://relay.cloud/forest/yard/1428""}"
1429,1429,334,created,2026-02-10 00:25:04,"{""short_code"":""ZHP4FY"",""original_url"":""https://acme.dev/lively/trail/1429""}"
1430,1430,249,created,2025-04-21 07:05:39,"{""short_code"":""swPyRR"",""original_url"":""https://example.com/rapid/engine/1430""}"
1431,1431,149,created,2025-07-04 03:28:14,"{""short_code"":""GjtQtH"",""original_url"":""https://acme.dev/vivid/delta/1431""}"
1432,1432,104,created,2026-02-19 05:25:28,"{""short_code"":""SZKoik"",""original_url"":""https://example.com/clear/anchor/1432""}"
1433,1433,238,created,2025-08-07 03:04:27,"{""short_code"":""RdSCoV"",""original_url"":""https://example.com/keen/journey/1433""}"
1434,1434,341,created,2025-04-12 00:43:38,"{""short_code"":""ugzqm4"",""original_url"":""https://opswise.net/jade/island/1434""}"
1435,1435,43,created,2025-03-25 14:41:03,"{""short_code"":""YnNs5e"",""original_url"":""https://hackstack.io/forest/field/1435""}"
1436,1436,333,created,2025-01-01 09:53:06,"{""short_code"":""QEbznd"",""original_url"":""https://acme.dev/opal/garden/1436""}"
1437,1437,72,created,2025-02-19 17:28:51,"{""short_code"":""uwEOZl"",""original_url"":""https://hackstack.io/young/pioneer/1437""}"
1438,1438,105,created,2025-06-12 18:26:51,"{""short_code"":""EyT4fe"",""original_url"":""https://seeded.app/brisk/field/1438""}"
1439,1439,294,created,2025-04-18 17:55:38,"{""short_code"":""ZrHtSg"",""original_url"":""https://example.com/urban/lagoon/1439""}"
1440,1440,372,created,2026-02-01 10:57:28,"{""short_code"":""8VrIBf"",""original_url"":""https://opswise.net/warm/canyon/1440""}"
1441,1441,395,created,2025-03-08 16:44:44,"{""short_code"":""hZl83b"",""original_url"":""https://opswise.net/tidy/garden/1441""}"
1442,1442,57,created,2025-06-08 12:19:26,"{""short_code"":""ocUoyX"",""original_url"":""https://hackstack.io/clear/uplink/1442""}"
1443,1443,183,created,2025-09-28 05:40:51,"{""short_code"":""OCFOGx"",""original_url"":""https://example.com/lively/journey/1443""}"
1444,1444,135,created,2025-08-30 01:37:14,"{""short_code"":""A8V63P"",""original_url"":""https://acme.dev/young/orbit/1444""}"
1445,1445,89,created,2025-11-03 18:25:57,"{""short_code"":""jgCiqe"",""original_url"":""https://relay.cloud/vivid/valley/1445""}"
1446,1446,181,created,2026-01-15 13:49:46,"{""short_code"":""7Ekz5U"",""original_url"":""https://hackstack.io/vivid/lagoon/1446""}"
1447,1447,91,created,2025-09-10 20:18:34,"{""short_code"":""33VTSe"",""original_url"":""https://acme.dev/silver/uplink/1447""}"
1448,1448,372,created,2025-05-28 01:39:20,"{""short_code"":""E11V8Y"",""original_url"":""https://example.com/mellow/trail/1448""}"
1449,1449,390,created,2025-07-18 05:38:04,"{""short_code"":""u6mSUQ"",""original_url"":""https://relay.cloud/brisk/journey/1449""}"
1450,1450,396,created,2025-01-08 23:55:52,"{""short_code"":""gAp8sh"",""original_url"":""https://seeded.app/forest/valley/1450""}"
1451,1451,292,created,2025-10-05 01:12:43,"{""short_code"":""1gpdgt"",""original_url"":""https://acme.dev/silver/window/1451""}"
1452,1452,88,created,2025-07-24 10:50:02,"{""short_code"":""ZLgdP0"",""original_url"":""https://opswise.net/proud/river/1452""}"
1453,1453,175,created,2025-04-01 16:30:36,"{""short_code"":""DqVhJK"",""original_url"":""https://acme.dev/harbor/anchor/1453""}"
1454,1454,32,created,2025-07-17 00:19:27,"{""short_code"":""nUsILd"",""original_url"":""https://opswise.net/proud/yard/1454""}"
1455,1455,257,created,2025-10-09 08:52:26,"{""short_code"":""AE8srD"",""original_url"":""https://seeded.app/mellow/island/1455""}"
1456,1456,364,created,2025-02-15 12:17:51,"{""short_code"":""BoeJMW"",""original_url"":""https://opswise.net/cobalt/valley/1456""}"
1457,1457,170,created,2025-04-07 10:35:26,"{""short_code"":""weKDJC"",""original_url"":""https://example.com/lively/window/1457""}"
1458,1458,386,created,2025-06-17 17:59:40,"{""short_code"":""FraysJ"",""original_url"":""https://seeded.app/brisk/beacon/1458""}"
1459,1459,220,created,2025-09-02 20:00:46,"{""short_code"":""CtS32g"",""original_url"":""https://relay.cloud/cobalt/uplink/1459""}"
1460,1460,183,created,2025-08-19 12:59:04,"{""short_code"":""sPpWuH"",""original_url"":""https://opswise.net/dawn/island/1460""}"
1461,1461,173,created,2025-12-19 12:54:21,"{""short_code"":""JzQ205"",""original_url"":""https://hackstack.io/lively/engine/1461""}"
1462,1462,195,created,2025-01-20 00:50:00,"{""short_code"":""A48HTh"",""original_url"":""https://hackstack.io/navy/yard/1462""}"
1463,1463,44,created,2026-01-22 12:56:10,"{""short_code"":""99IrVy"",""original_url"":""https://acme.dev/cobalt/canyon/1463""}"
1464,1464,234,created,2025-04-02 22:53:12,"{""short_code"":""fawvNu"",""original_url"":""https://relay.cloud/warm/kernel/1464""}"
1465,1465,243,created,2026-01-02 02:29:05,"{""short_code"":""knFUIg"",""original_url"":""https://relay.cloud/calm/trail/1465""}"
1466,1466,252,created,2025-12-30 06:23:25,"{""short_code"":""LSKCwZ"",""original_url"":""https://opswise.net/urban/lagoon/1466""}"
1467,1467,82,created,2025-11-18 15:11:20,"{""short_code"":""2lNdk4"",""original_url"":""https://hackstack.io/navy/valley/1467""}"
1468,1468,203,created,2025-03-06 20:01:46,"{""short_code"":""1RNp17"",""original_url"":""https://example.com/jade/zenith/1468""}"
1469,1469,307,created,2025-04-28 21:40:04,"{""short_code"":""UleKIf"",""original_url"":""https://example.com/young/network/1469""}"
1470,1470,209,created,2025-01-10 16:36:55,"{""short_code"":""vh3Pxw"",""original_url"":""https://hackstack.io/vivid/trail/1470""}"
1471,1471,42,created,2025-10-11 09:19:02,"{""short_code"":""E568B9"",""original_url"":""https://opswise.net/tidy/engine/1471""}"
1472,1472,269,created,2025-12-15 01:13:43,"{""short_code"":""hvDqa3"",""original_url"":""https://acme.dev/amber/garden/1472""}"
1473,1473,23,created,2025-05-25 11:51:40,"{""short_code"":""XPFHgU"",""original_url"":""https://acme.dev/gold/meadow/1473""}"
1474,1474,377,created,2025-08-07 14:31:12,"{""short_code"":""2hIxAI"",""original_url"":""https://acme.dev/brisk/signal/1474""}"
1475,1475,374,created,2026-02-14 13:33:14,"{""short_code"":""t3fD1J"",""original_url"":""https://opswise.net/quiet/river/1475""}"
1476,1476,136,created,2025-05-22 11:49:08,"{""short_code"":""dEcPv6"",""original_url"":""https://acme.dev/keen/journey/1476""}"
1477,1477,229,created,2025-06-06 19:21:36,"{""short_code"":""ygrKd8"",""original_url"":""https://example.com/quiet/garden/1477""}"
1478,1478,281,created,2025-05-17 02:09:24,"{""short_code"":""L1dL99"",""original_url"":""https://acme.dev/clear/garden/1478""}"
1479,1479,186,created,2025-03-30 15:38:25,"{""short_code"":""ABPRyo"",""original_url"":""https://seeded.app/dawn/valley/1479""}"
1480,1480,107,created,2025-03-31 21:04:33,"{""short_code"":""cECTk9"",""original_url"":""https://example.com/clear/beacon/1480""}"
1481,1481,40,created,2025-08-18 16:23:04,"{""short_code"":""BR3J1G"",""original_url"":""https://hackstack.io/silver/uplink/1481""}"
1482,1482,17,created,2025-02-07 01:42:16,"{""short_code"":""3X4uEL"",""original_url"":""https://opswise.net/rapid/pioneer/1482""}"
1483,1483,27,created,2025-08-20 07:33:09,"{""short_code"":""CCUxae"",""original_url"":""https://relay.cloud/vivid/island/1483""}"
1484,1484,93,created,2025-04-20 14:40:57,"{""short_code"":""PaZDXf"",""original_url"":""https://opswise.net/dawn/network/1484""}"
1485,1485,2,created,2025-03-30 17:58:34,"{""short_code"":""rHsvDR"",""original_url"":""https://acme.dev/warm/lagoon/1485""}"
1486,1486,140,created,2025-12-04 14:52:21,"{""short_code"":""1e7y7g"",""original_url"":""https://relay.cloud/navy/uplink/1486""}"
1487,1487,234,created,2026-01-17 00:17:51,"{""short_code"":""AYIDx0"",""original_url"":""https://seeded.app/ivory/window/1487""}"
1488,1488,95,created,2025-10-03 13:45:10,"{""short_code"":""EYx0GY"",""original_url"":""https://hackstack.io/tidy/field/1488""}"
1489,1489,31,created,2026-01-30 02:53:32,"{""short_code"":""Layjct"",""original_url"":""https://acme.dev/harbor/kernel/1489""}"
1490,1490,80,created,2025-02-08 01:14:58,"{""short_code"":""UL05A3"",""original_url"":""https://seeded.app/proud/beacon/1490""}"
1491,1491,84,created,2025-02-01 11:16:54,"{""short_code"":""5mduSj"",""original_url"":""https://relay.cloud/calm/harvest/1491""}"
1492,1492,383,created,2025-11-17 19:50:09,"{""short_code"":""H0GQYa"",""original_url"":""https://relay.cloud/silver/field/1492""}"
1493,1493,283,created,2025-11-01 21:53:53,"{""short_code"":""dvm4c6"",""original_url"":""https://relay.cloud/proud/trail/1493""}"
1494,1494,296,created,2025-09-20 14:35:46,"{""short_code"":""wQDlSu"",""original_url"":""https://hackstack.io/clear/window/1494""}"
1495,1495,361,created,2025-08-20 16:54:57,"{""short_code"":""sNbVs8"",""original_url"":""https://acme.dev/navy/journey/1495""}"
1496,1496,133,created,2025-09-17 21:36:13,"{""short_code"":""odR83V"",""original_url"":""https://opswise.net/forest/valley/1496""}"
1497,1497,70,created,2025-02-05 05:56:24,"{""short_code"":""XVR280"",""original_url"":""https://opswise.net/gold/pioneer/1497""}"
1498,1498,229,created,2025-01-12 10:50:45,"{""short_code"":""mLL3zY"",""original_url"":""https://hackstack.io/ivory/harvest/1498""}"
1499,1499,107,created,2025-11-14 08:34:49,"{""short_code"":""DTCwK8"",""original_url"":""https://acme.dev/mellow/valley/1499""}"
1500,1500,70,created,2025-01-25 14:48:21,"{""short_code"":""LHEIP5"",""original_url"":""https://seeded.app/proud/pioneer/1500""}"
1501,1501,238,created,2025-07-24 04:22:05,"{""short_code"":""9MjBuP"",""original_url"":""https://hackstack.io/jade/engine/1501""}"
1502,1502,298,created,2025-03-25 19:34:38,"{""short_code"":""Yjkb6q"",""original_url"":""https://opswise.net/forest/journey/1502""}"
1503,1503,334,created,2025-08-30 23:09:56,"{""short_code"":""C52kIK"",""original_url"":""https://acme.dev/jade/trail/1503""}"
1504,1504,161,created,2025-11-02 12:43:08,"{""short_code"":""riKMuK"",""original_url"":""https://example.com/ember/beacon/1504""}"
1505,1505,252,created,2025-02-04 15:32:07,"{""short_code"":""wkjoDo"",""original_url"":""https://seeded.app/brisk/window/1505""}"
1506,1506,72,created,2026-01-08 23:47:49,"{""short_code"":""4b7m2f"",""original_url"":""https://hackstack.io/tidy/pioneer/1506""}"
1507,1507,151,created,2025-06-08 07:58:41,"{""short_code"":""8oK92x"",""original_url"":""https://opswise.net/ivory/anchor/1507""}"
1508,1508,166,created,2025-03-31 04:11:27,"{""short_code"":""AlTYt3"",""original_url"":""https://example.com/navy/journey/1508""}"
1509,1509,104,created,2025-09-24 07:21:11,"{""short_code"":""QhUFBi"",""original_url"":""https://example.com/ember/quartz/1509""}"
1510,1510,380,created,2025-09-24 02:28:47,"{""short_code"":""1h4han"",""original_url"":""https://opswise.net/dawn/meadow/1510""}"
1511,1511,19,created,2025-05-13 06:12:52,"{""short_code"":""rfrGAD"",""original_url"":""https://example.com/navy/quartz/1511""}"
1512,1512,151,created,2025-11-11 22:18:34,"{""short_code"":""QbtBwI"",""original_url"":""https://seeded.app/calm/uplink/1512""}"
1513,1513,44,created,2026-01-25 16:11:04,"{""short_code"":""gcB2UP"",""original_url"":""https://relay.cloud/quiet/river/1513""}"
1514,1514,215,created,2025-04-15 19:35:50,"{""short_code"":""7w1brM"",""original_url"":""https://acme.dev/jade/quartz/1514""}"
1515,1515,283,created,2025-12-14 15:41:14,"{""short_code"":""x2wqFd"",""original_url"":""https://acme.dev/jade/canyon/1515""}"
1516,1516,370,created,2025-12-02 20:50:49,"{""short_code"":""2DDXyg"",""original_url"":""https://relay.cloud/clear/field/1516""}"
1517,1517,341,created,2025-08-03 11:53:45,"{""short_code"":""D1NiAQ"",""original_url"":""https://example.com/amber/lagoon/1517""}"
1518,1518,176,created,2026-02-18 02:51:19,"{""short_code"":""euqOM2"",""original_url"":""https://example.com/quiet/canyon/1518""}"
1519,1519,272,created,2025-08-26 09:57:06,"{""short_code"":""CWTqSR"",""original_url"":""https://acme.dev/jade/lagoon/1519""}"
1520,1520,204,created,2025-01-28 23:36:48,"{""short_code"":""N6nyRZ"",""original_url"":""https://relay.cloud/quiet/uplink/1520""}"
1521,1521,262,created,2025-01-06 17:20:24,"{""short_code"":""ovYuI4"",""original_url"":""https://example.com/navy/window/1521""}"
1522,1522,211,created,2026-01-29 17:12:14,"{""short_code"":""gCWXvA"",""original_url"":""https://example.com/keen/field/1522""}"
1523,1523,245,created,2025-04-04 22:51:52,"{""short_code"":""jtVZLO"",""original_url"":""https://seeded.app/calm/quartz/1523""}"
1524,1524,121,created,2025-01-28 19:29:29,"{""short_code"":""QECUcj"",""original_url"":""https://example.com/silver/island/1524""}"
1525,1525,188,created,2025-04-01 10:13:40,"{""short_code"":""k9hb9P"",""original_url"":""https://example.com/amber/delta/1525""}"
1526,1526,65,created,2026-01-06 11:45:04,"{""short_code"":""3udoQG"",""original_url"":""https://acme.dev/urban/anchor/1526""}"
1527,1527,153,created,2025-08-05 17:41:26,"{""short_code"":""UwnmlT"",""original_url"":""https://acme.dev/warm/journey/1527""}"
1528,1528,154,created,2025-07-21 21:02:29,"{""short_code"":""NAQgM2"",""original_url"":""https://seeded.app/jade/window/1528""}"
1529,1529,1,created,2025-02-12 04:28:11,"{""short_code"":""e28Xzo"",""original_url"":""https://hackstack.io/keen/meadow/1529""}"
1530,1530,98,created,2025-09-13 19:32:01,"{""short_code"":""0aIkki"",""original_url"":""https://hackstack.io/clear/beacon/1530""}"
1531,1531,210,created,2025-11-03 23:02:07,"{""short_code"":""Mvi7uL"",""original_url"":""https://seeded.app/brisk/signal/1531""}"
1532,1532,219,created,2025-01-11 09:32:16,"{""short_code"":""heEKqt"",""original_url"":""https://acme.dev/keen/journey/1532""}"
1533,1533,175,created,2025-09-06 05:20:03,"{""short_code"":""1isIqI"",""original_url"":""https://acme.dev/jade/zenith/1533""}"
1534,1534,65,created,2025-11-30 15:59:56,"{""short_code"":""k4Zjvw"",""original_url"":""https://relay.cloud/dawn/garden/1534""}"
1535,1535,270,created,2026-01-14 00:23:12,"{""short_code"":""5HyzQW"",""original_url"":""https://example.com/forest/journey/1535""}"
1536,1536,279,created,2025-05-28 15:46:59,"{""short_code"":""yZjFFD"",""original_url"":""https://hackstack.io/harbor/valley/1536""}"
1537,1537,343,created,2025-10-15 21:08:56,"{""short_code"":""78cqyQ"",""original_url"":""https://acme.dev/proud/yard/1537""}"
1538,1538,362,created,2025-05-18 15:53:55,"{""short_code"":""SsMoaX"",""original_url"":""https://hackstack.io/mellow/lagoon/1538""}"
1539,1539,252,created,2025-10-22 11:31:12,"{""short_code"":""FRdOpy"",""original_url"":""https://hackstack.io/urban/engine/1539""}"
1540,1540,296,created,2025-07-27 13:18:38,"{""short_code"":""LCl92Z"",""original_url"":""https://relay.cloud/lively/kernel/1540""}"
1541,1541,156,created,2025-07-21 08:34:50,"{""short_code"":""0oV3k6"",""original_url"":""https://hackstack.io/young/island/1541""}"
1542,1542,229,created,2026-02-04 15:27:16,"{""short_code"":""16ZhNL"",""original_url"":""https://hackstack.io/rapid/lagoon/1542""}"
1543,1543,300,created,2026-02-06 01:07:22,"{""short_code"":""tRLQJW"",""original_url"":""https://relay.cloud/forest/beacon/1543""}"
1544,1544,23,created,2025-12-02 06:18:45,"{""short_code"":""9GE39V"",""original_url"":""https://example.com/ember/trail/1544""}"
1545,1545,312,created,2025-12-25 21:22:59,"{""short_code"":""NwRuR3"",""original_url"":""https://hackstack.io/calm/uplink/1545""}"
1546,1546,39,created,2025-12-09 11:38:00,"{""short_code"":""sqq4W5"",""original_url"":""https://opswise.net/jade/garden/1546""}"
1547,1547,77,created,2025-05-31 04:36:39,"{""short_code"":""MDkx6Y"",""original_url"":""https://hackstack.io/vivid/signal/1547""}"
1548,1548,20,created,2025-05-11 01:39:20,"{""short_code"":""YDslCs"",""original_url"":""https://opswise.net/keen/window/1548""}"
1549,1549,118,created,2025-10-29 12:33:58,"{""short_code"":""LIaC7x"",""original_url"":""https://acme.dev/tidy/quartz/1549""}"
1550,1550,43,created,2025-11-29 20:23:26,"{""short_code"":""t02PV3"",""original_url"":""https://seeded.app/young/yard/1550""}"
1551,1551,8,created,2025-11-11 12:50:27,"{""short_code"":""W3m7md"",""original_url"":""https://acme.dev/proud/island/1551""}"
1552,1552,160,created,2025-09-25 18:05:01,"{""short_code"":""7cFjCo"",""original_url"":""https://example.com/mellow/garden/1552""}"
1553,1553,258,created,2025-03-02 08:16:04,"{""short_code"":""9lEMay"",""original_url"":""https://hackstack.io/gold/river/1553""}"
1554,1554,42,created,2025-05-05 17:56:59,"{""short_code"":""IlatKq"",""original_url"":""https://example.com/brisk/signal/1554""}"
1555,1555,73,created,2026-02-01 18:54:53,"{""short_code"":""cDrCSS"",""original_url"":""https://hackstack.io/quiet/field/1555""}"
1556,1556,171,created,2025-02-06 22:10:13,"{""short_code"":""4EhtpJ"",""original_url"":""https://opswise.net/gold/garden/1556""}"
1557,1557,154,created,2025-03-07 02:02:10,"{""short_code"":""VnIFE5"",""original_url"":""https://seeded.app/quiet/river/1557""}"
1558,1558,203,created,2025-08-08 17:08:43,"{""short_code"":""ESf1GL"",""original_url"":""https://relay.cloud/navy/valley/1558""}"
1559,1559,224,created,2025-04-26 00:54:40,"{""short_code"":""fukUbz"",""original_url"":""https://example.com/urban/zenith/1559""}"
1560,1560,328,created,2025-01-02 04:26:55,"{""short_code"":""J3n7NO"",""original_url"":""https://relay.cloud/rapid/canyon/1560""}"
1561,1561,271,created,2025-06-16 03:13:07,"{""short_code"":""hZk8CU"",""original_url"":""https://relay.cloud/cobalt/beacon/1561""}"
1562,1562,291,created,2025-03-03 19:41:03,"{""short_code"":""JXE0oJ"",""original_url"":""https://opswise.net/warm/yard/1562""}"
1563,1563,43,created,2025-09-02 00:13:47,"{""short_code"":""mqNdbZ"",""original_url"":""https://relay.cloud/opal/orbit/1563""}"
1564,1564,366,created,2025-08-01 04:44:28,"{""short_code"":""W6SUg3"",""original_url"":""https://relay.cloud/navy/yard/1564""}"
1565,1565,224,created,2025-08-08 02:42:17,"{""short_code"":""SrxAHa"",""original_url"":""https://hackstack.io/ivory/lagoon/1565""}"
1566,1566,163,created,2025-09-16 13:13:44,"{""short_code"":""IdnUmB"",""original_url"":""https://relay.cloud/navy/zenith/1566""}"
1567,1567,164,created,2025-05-22 18:19:23,"{""short_code"":""F7pMao"",""original_url"":""https://acme.dev/harbor/field/1567""}"
1568,1568,48,created,2025-07-20 18:11:29,"{""short_code"":""V7Hy81"",""original_url"":""https://opswise.net/ember/kernel/1568""}"
1569,1569,34,created,2025-11-26 06:13:46,"{""short_code"":""HpiHYt"",""original_url"":""https://opswise.net/forest/field/1569""}"
1570,1570,371,created,2025-10-21 13:55:34,"{""short_code"":""StbDnF"",""original_url"":""https://example.com/proud/island/1570""}"
1571,1571,140,created,2025-09-19 03:24:43,"{""short_code"":""fnSzKn"",""original_url"":""https://example.com/dawn/network/1571""}"
1572,1572,351,created,2025-12-01 12:46:49,"{""short_code"":""G3rvZD"",""original_url"":""https://relay.cloud/urban/trail/1572""}"
1573,1573,143,created,2026-01-20 03:52:18,"{""short_code"":""EJQ7pt"",""original_url"":""https://example.com/young/network/1573""}"
1574,1574,52,created,2025-05-03 00:55:52,"{""short_code"":""3uSrGC"",""original_url"":""https://example.com/proud/river/1574""}"
1575,1575,128,created,2025-02-21 20:42:53,"{""short_code"":""lJj8tp"",""original_url"":""https://example.com/gold/beacon/1575""}"
1576,1576,102,created,2025-01-15 04:32:58,"{""short_code"":""mAHOjK"",""original_url"":""https://opswise.net/calm/meadow/1576""}"
1577,1577,185,created,2025-01-27 00:50:26,"{""short_code"":""hbZtAg"",""original_url"":""https://example.com/quiet/garden/1577""}"
1578,1578,182,created,2026-01-24 19:43:58,"{""short_code"":""OPwU2p"",""original_url"":""https://hackstack.io/quiet/harvest/1578""}"
1579,1579,50,created,2025-07-19 07:23:58,"{""short_code"":""6BrqvL"",""original_url"":""https://opswise.net/lively/field/1579""}"
1580,1580,143,created,2025-08-04 04:34:27,"{""short_code"":""pSeDAm"",""original_url"":""https://opswise.net/dawn/beacon/1580""}"
1581,1581,266,created,2025-03-10 04:14:06,"{""short_code"":""GL8Y1H"",""original_url"":""https://seeded.app/gold/anchor/1581""}"
1582,1582,256,created,2025-06-01 09:36:42,"{""short_code"":""HojX0Z"",""original_url"":""https://hackstack.io/mellow/valley/1582""}"
1583,1583,235,created,2026-02-02 22:02:28,"{""short_code"":""JMDjdV"",""original_url"":""https://acme.dev/clear/signal/1583""}"
1584,1584,153,created,2025-02-14 05:49:37,"{""short_code"":""u2Q2g0"",""original_url"":""https://example.com/keen/trail/1584""}"
1585,1585,125,created,2025-11-14 12:34:32,"{""short_code"":""HzXkGr"",""original_url"":""https://example.com/opal/yard/1585""}"
1586,1586,50,created,2025-06-04 05:47:13,"{""short_code"":""LKES63"",""original_url"":""https://hackstack.io/dawn/river/1586""}"
1587,1587,359,created,2025-02-25 01:17:04,"{""short_code"":""Icv1P3"",""original_url"":""https://acme.dev/proud/network/1587""}"
1588,1588,168,created,2025-10-22 17:44:08,"{""short_code"":""hAv9Zu"",""original_url"":""https://example.com/young/zenith/1588""}"
1589,1589,395,created,2025-07-03 14:19:49,"{""short_code"":""XhBwuI"",""original_url"":""https://acme.dev/brisk/signal/1589""}"
1590,1590,68,created,2025-02-19 07:59:49,"{""short_code"":""oZGmru"",""original_url"":""https://hackstack.io/navy/zenith/1590""}"
1591,1591,242,created,2025-08-31 12:26:22,"{""short_code"":""74ftwA"",""original_url"":""https://seeded.app/opal/harvest/1591""}"
1592,1592,153,created,2025-07-15 02:30:31,"{""short_code"":""uU3d9w"",""original_url"":""https://example.com/keen/journey/1592""}"
1593,1593,309,created,2025-01-28 18:26:28,"{""short_code"":""m2atJ3"",""original_url"":""https://relay.cloud/harbor/harvest/1593""}"
1594,1594,362,created,2025-09-03 02:37:34,"{""short_code"":""waxf6I"",""original_url"":""https://relay.cloud/navy/harvest/1594""}"
1595,1595,90,created,2025-03-09 19:37:53,"{""short_code"":""qn0d3c"",""original_url"":""https://opswise.net/vivid/quartz/1595""}"
1596,1596,292,created,2025-05-17 07:18:30,"{""short_code"":""iOcIaa"",""original_url"":""https://example.com/silver/kernel/1596""}"
1597,1597,123,created,2026-01-26 03:02:05,"{""short_code"":""fuatkg"",""original_url"":""https://example.com/jade/orbit/1597""}"
1598,1598,171,created,2025-09-14 03:35:09,"{""short_code"":""EwsOtC"",""original_url"":""https://opswise.net/quiet/delta/1598""}"
1599,1599,124,created,2025-02-18 15:56:57,"{""short_code"":""jW2waw"",""original_url"":""https://relay.cloud/rapid/trail/1599""}"
1600,1600,119,created,2025-07-01 08:12:31,"{""short_code"":""y6kvnK"",""original_url"":""https://acme.dev/keen/meadow/1600""}"
1601,1601,262,created,2025-03-16 03:36:23,"{""short_code"":""pAGhgQ"",""original_url"":""https://hackstack.io/calm/valley/1601""}"
1602,1602,283,created,2025-03-26 09:19:11,"{""short_code"":""nVJcpr"",""original_url"":""https://relay.cloud/dawn/network/1602""}"
1603,1603,218,created,2025-08-29 23:36:40,"{""short_code"":""vgQfsg"",""original_url"":""https://hackstack.io/rapid/pioneer/1603""}"
1604,1604,335,created,2025-06-09 01:01:30,"{""short_code"":""ycuSxT"",""original_url"":""https://example.com/mellow/journey/1604""}"
1605,1605,234,created,2025-08-26 22:39:46,"{""short_code"":""ip0do5"",""original_url"":""https://relay.cloud/navy/canyon/1605""}"
1606,1606,207,created,2025-10-27 18:55:37,"{""short_code"":""wtE1sN"",""original_url"":""https://seeded.app/forest/window/1606""}"
1607,1607,323,created,2025-07-24 09:21:54,"{""short_code"":""v6JRcM"",""original_url"":""https://opswise.net/jade/engine/1607""}"
1608,1608,289,created,2025-12-22 00:02:21,"{""short_code"":""7S2W05"",""original_url"":""https://opswise.net/gold/signal/1608""}"
1609,1609,90,created,2025-01-22 17:12:39,"{""short_code"":""RWhpDT"",""original_url"":""https://opswise.net/clear/network/1609""}"
1610,1610,362,created,2025-09-27 13:44:44,"{""short_code"":""K1TIGC"",""original_url"":""https://seeded.app/urban/orbit/1610""}"
1611,1611,82,created,2025-10-10 00:30:19,"{""short_code"":""iSA3ts"",""original_url"":""https://example.com/opal/uplink/1611""}"
1612,1612,90,created,2025-12-07 15:58:34,"{""short_code"":""2wRfZy"",""original_url"":""https://seeded.app/young/journey/1612""}"
1613,1613,51,created,2026-01-03 19:53:51,"{""short_code"":""9ErStn"",""original_url"":""https://example.com/urban/engine/1613""}"
1614,1614,333,created,2025-06-09 22:40:57,"{""short_code"":""7pXlyg"",""original_url"":""https://seeded.app/silver/harvest/1614""}"
1615,1615,351,created,2025-10-31 02:02:46,"{""short_code"":""W4dbaI"",""original_url"":""https://acme.dev/proud/yard/1615""}"
1616,1616,57,created,2025-07-24 08:24:10,"{""short_code"":""nPKOGe"",""original_url"":""https://hackstack.io/amber/kernel/1616""}"
1617,1617,65,created,2026-01-08 21:52:18,"{""short_code"":""KRVTRK"",""original_url"":""https://acme.dev/calm/beacon/1617""}"
1618,1618,232,created,2025-09-28 03:43:48,"{""short_code"":""zO1A8V"",""original_url"":""https://opswise.net/proud/pioneer/1618""}"
1619,1619,30,created,2025-11-26 04:43:38,"{""short_code"":""776hSp"",""original_url"":""https://hackstack.io/mellow/trail/1619""}"
1620,1620,209,created,2025-10-07 20:02:17,"{""short_code"":""HQYclf"",""original_url"":""https://opswise.net/clear/uplink/1620""}"
1621,1621,145,created,2025-02-04 04:27:00,"{""short_code"":""V9ndY5"",""original_url"":""https://opswise.net/ivory/zenith/1621""}"
1622,1622,225,created,2025-10-09 07:04:52,"{""short_code"":""IadSfm"",""original_url"":""https://hackstack.io/jade/yard/1622""}"
1623,1623,365,created,2025-02-07 14:39:26,"{""short_code"":""Ym5S3g"",""original_url"":""https://seeded.app/dawn/field/1623""}"
1624,1624,25,created,2025-03-14 07:23:04,"{""short_code"":""CrSLAJ"",""original_url"":""https://seeded.app/mellow/valley/1624""}"
1625,1625,82,created,2025-09-19 15:08:16,"{""short_code"":""uRRlFl"",""original_url"":""https://opswise.net/opal/beacon/1625""}"
1626,1626,35,created,2025-03-29 04:06:37,"{""short_code"":""022wfZ"",""original_url"":""https://seeded.app/forest/anchor/1626""}"
1627,1627,299,created,2025-09-09 03:33:28,"{""short_code"":""LdvqvO"",""original_url"":""https://seeded.app/navy/engine/1627""}"
1628,1628,143,created,2025-01-01 09:36:16,"{""short_code"":""PPH026"",""original_url"":""https://acme.dev/quiet/harvest/1628""}"
1629,1629,35,created,2025-02-16 21:01:10,"{""short_code"":""q4vrgp"",""original_url"":""https://example.com/young/beacon/1629""}"
1630,1630,188,created,2025-03-12 05:57:08,"{""short_code"":""F3V1U9"",""original_url"":""https://seeded.app/ember/river/1630""}"
1631,1631,255,created,2025-10-07 08:14:06,"{""short_code"":""IK8JUl"",""original_url"":""https://opswise.net/ivory/uplink/1631""}"
1632,1632,218,created,2025-11-20 06:30:42,"{""short_code"":""Aj351q"",""original_url"":""https://opswise.net/vivid/beacon/1632""}"
1633,1633,70,created,2025-08-21 14:46:49,"{""short_code"":""NG1Q82"",""original_url"":""https://example.com/proud/window/1633""}"
1634,1634,174,created,2025-02-03 15:39:03,"{""short_code"":""FBqfIW"",""original_url"":""https://hackstack.io/cobalt/lagoon/1634""}"
1635,1635,1,created,2025-02-01 20:05:10,"{""short_code"":""0L3RQn"",""original_url"":""https://acme.dev/calm/river/1635""}"
1636,1636,153,created,2025-11-18 19:46:33,"{""short_code"":""G3Ccoo"",""original_url"":""https://opswise.net/jade/zenith/1636""}"
1637,1637,395,created,2025-11-17 11:20:11,"{""short_code"":""yowKoR"",""original_url"":""https://example.com/young/quartz/1637""}"
1638,1638,384,created,2025-12-15 14:05:37,"{""short_code"":""iGcFnO"",""original_url"":""https://hackstack.io/urban/kernel/1638""}"
1639,1639,108,created,2025-07-24 05:17:53,"{""short_code"":""PaEA8o"",""original_url"":""https://seeded.app/quiet/harvest/1639""}"
1640,1640,226,created,2025-05-28 21:24:34,"{""short_code"":""5jUZsR"",""original_url"":""https://relay.cloud/warm/engine/1640""}"
1641,1641,296,created,2025-10-10 03:51:39,"{""short_code"":""Eavumm"",""original_url"":""https://acme.dev/cobalt/anchor/1641""}"
1642,1642,119,created,2025-10-22 00:55:46,"{""short_code"":""ZpMasu"",""original_url"":""https://seeded.app/silver/anchor/1642""}"
1643,1643,81,created,2026-01-01 09:23:02,"{""short_code"":""JvgVdy"",""original_url"":""https://example.com/keen/quartz/1643""}"
1644,1644,184,created,2025-05-11 12:20:24,"{""short_code"":""WgnKSg"",""original_url"":""https://hackstack.io/quiet/uplink/1644""}"
1645,1645,202,created,2025-04-14 06:06:21,"{""short_code"":""Z47c9N"",""original_url"":""https://hackstack.io/lively/zenith/1645""}"
1646,1646,38,created,2026-01-05 16:54:28,"{""short_code"":""rZzovc"",""original_url"":""https://hackstack.io/mellow/lagoon/1646""}"
1647,1647,365,created,2025-03-07 21:40:37,"{""short_code"":""1Vcio5"",""original_url"":""https://example.com/amber/valley/1647""}"
1648,1648,140,created,2025-01-19 16:26:16,"{""short_code"":""QekvKn"",""original_url"":""https://acme.dev/tidy/anchor/1648""}"
1649,1649,343,created,2025-01-10 11:04:29,"{""short_code"":""5woJ4O"",""original_url"":""https://relay.cloud/quiet/zenith/1649""}"
1650,1650,373,created,2025-04-30 11:52:50,"{""short_code"":""kGCYYM"",""original_url"":""https://seeded.app/proud/beacon/1650""}"
1651,1651,235,created,2025-11-30 07:55:31,"{""short_code"":""GHBEMO"",""original_url"":""https://seeded.app/clear/meadow/1651""}"
1652,1652,265,created,2025-09-20 15:22:50,"{""short_code"":""1npKHM"",""original_url"":""https://seeded.app/young/valley/1652""}"
1653,1653,375,created,2025-12-21 20:02:24,"{""short_code"":""xKEOkN"",""original_url"":""https://opswise.net/mellow/quartz/1653""}"
1654,1654,360,created,2025-09-28 09:16:47,"{""short_code"":""gzvIUN"",""original_url"":""https://acme.dev/navy/meadow/1654""}"
1655,1655,11,created,2025-12-28 23:31:07,"{""short_code"":""BtprLP"",""original_url"":""https://seeded.app/warm/yard/1655""}"
1656,1656,81,created,2025-03-04 15:28:55,"{""short_code"":""j13zVO"",""original_url"":""https://seeded.app/opal/journey/1656""}"
1657,1657,119,created,2026-02-02 18:45:32,"{""short_code"":""HqFRPM"",""original_url"":""https://seeded.app/gold/beacon/1657""}"
1658,1658,315,created,2025-12-24 23:34:05,"{""short_code"":""L7IgEp"",""original_url"":""https://acme.dev/cobalt/garden/1658""}"
1659,1659,21,created,2025-12-17 11:06:59,"{""short_code"":""qOZf0p"",""original_url"":""https://opswise.net/dawn/network/1659""}"
1660,1660,153,created,2025-05-20 12:47:54,"{""short_code"":""Nyt6Rc"",""original_url"":""https://opswise.net/vivid/orbit/1660""}"
1661,1661,22,created,2026-02-14 02:42:28,"{""short_code"":""LnrkGa"",""original_url"":""https://seeded.app/navy/kernel/1661""}"
1662,1662,250,created,2026-02-17 04:34:41,"{""short_code"":""2PJTVm"",""original_url"":""https://hackstack.io/warm/zenith/1662""}"
1663,1663,122,created,2025-09-07 01:25:13,"{""short_code"":""W8RQv5"",""original_url"":""https://acme.dev/vivid/valley/1663""}"
1664,1664,158,created,2025-01-03 19:45:35,"{""short_code"":""ye5XtJ"",""original_url"":""https://opswise.net/ember/yard/1664""}"
1665,1665,191,created,2025-01-28 03:50:45,"{""short_code"":""JDCzHe"",""original_url"":""https://example.com/lively/canyon/1665""}"
1666,1666,64,created,2025-01-09 13:22:41,"{""short_code"":""66C5sG"",""original_url"":""https://opswise.net/warm/lagoon/1666""}"
1667,1667,315,created,2025-04-08 09:38:02,"{""short_code"":""fv1xpS"",""original_url"":""https://example.com/gold/meadow/1667""}"
1668,1668,33,created,2025-12-01 06:13:23,"{""short_code"":""EHOjWv"",""original_url"":""https://relay.cloud/ivory/meadow/1668""}"
1669,1669,173,created,2025-11-25 16:33:26,"{""short_code"":""KCna7r"",""original_url"":""https://hackstack.io/tidy/yard/1669""}"
1670,1670,70,created,2025-09-09 07:20:08,"{""short_code"":""wmsI7H"",""original_url"":""https://opswise.net/vivid/engine/1670""}"
1671,1671,60,created,2025-03-26 19:52:20,"{""short_code"":""tvy2Hd"",""original_url"":""https://seeded.app/vivid/harvest/1671""}"
1672,1672,229,created,2025-12-18 04:14:36,"{""short_code"":""H0X0Qh"",""original_url"":""https://example.com/keen/garden/1672""}"
1673,1673,173,created,2025-11-21 02:32:38,"{""short_code"":""OykRlL"",""original_url"":""https://relay.cloud/brisk/meadow/1673""}"
1674,1674,235,created,2025-11-08 08:24:26,"{""short_code"":""tDUunG"",""original_url"":""https://relay.cloud/proud/engine/1674""}"
1675,1675,147,created,2025-05-26 04:29:00,"{""short_code"":""m97qAs"",""original_url"":""https://relay.cloud/tidy/river/1675""}"
1676,1676,5,created,2025-09-24 13:38:45,"{""short_code"":""DywFPI"",""original_url"":""https://seeded.app/quiet/river/1676""}"
1677,1677,13,created,2026-01-29 14:49:49,"{""short_code"":""ZXgns4"",""original_url"":""https://acme.dev/jade/valley/1677""}"
1678,1678,277,created,2025-06-01 11:06:28,"{""short_code"":""1TF7vA"",""original_url"":""https://opswise.net/clear/trail/1678""}"
1679,1679,87,created,2025-06-05 16:09:51,"{""short_code"":""e1jx7p"",""original_url"":""https://seeded.app/rapid/pioneer/1679""}"
1680,1680,280,created,2025-05-09 06:43:37,"{""short_code"":""64Fju0"",""original_url"":""https://hackstack.io/quiet/quartz/1680""}"
1681,1681,309,created,2025-11-27 16:39:59,"{""short_code"":""wCMW0R"",""original_url"":""https://seeded.app/harbor/window/1681""}"
1682,1682,310,created,2026-01-14 00:55:37,"{""short_code"":""4BI8UD"",""original_url"":""https://opswise.net/gold/beacon/1682""}"
1683,1683,368,created,2025-08-22 15:45:29,"{""short_code"":""ekKUbj"",""original_url"":""https://seeded.app/proud/beacon/1683""}"
1684,1684,395,created,2025-10-09 06:11:26,"{""short_code"":""oZPKmB"",""original_url"":""https://hackstack.io/jade/trail/1684""}"
1685,1685,151,created,2025-12-14 14:17:20,"{""short_code"":""4KBwIB"",""original_url"":""https://seeded.app/clear/valley/1685""}"
1686,1686,87,created,2025-02-16 22:29:55,"{""short_code"":""QbVxD3"",""original_url"":""https://example.com/dawn/trail/1686""}"
1687,1687,294,created,2025-02-20 22:03:55,"{""short_code"":""EiNOM6"",""original_url"":""https://relay.cloud/gold/river/1687""}"
1688,1688,311,created,2025-08-24 19:12:06,"{""short_code"":""YIfGrr"",""original_url"":""https://seeded.app/urban/anchor/1688""}"
1689,1689,229,created,2025-10-10 04:23:18,"{""short_code"":""XKWOYz"",""original_url"":""https://acme.dev/vivid/harvest/1689""}"
1690,1690,152,created,2025-11-11 18:08:55,"{""short_code"":""E9XqN3"",""original_url"":""https://example.com/urban/quartz/1690""}"
1691,1691,223,created,2025-03-19 20:50:37,"{""short_code"":""pf7G7k"",""original_url"":""https://opswise.net/harbor/zenith/1691""}"
1692,1692,386,created,2025-01-07 07:01:36,"{""short_code"":""CjY3MJ"",""original_url"":""https://example.com/navy/harvest/1692""}"
1693,1693,261,created,2025-11-23 21:37:05,"{""short_code"":""VH68eL"",""original_url"":""https://example.com/quiet/kernel/1693""}"
1694,1694,128,created,2025-06-03 02:31:12,"{""short_code"":""g8LmRa"",""original_url"":""https://opswise.net/clear/meadow/1694""}"
1695,1695,73,created,2025-06-10 18:19:30,"{""short_code"":""MTa9P8"",""original_url"":""https://hackstack.io/harbor/uplink/1695""}"
1696,1696,104,created,2025-01-01 00:33:30,"{""short_code"":""XMYyY0"",""original_url"":""https://opswise.net/jade/quartz/1696""}"
1697,1697,22,created,2025-07-02 23:43:44,"{""short_code"":""Vqx7Lu"",""original_url"":""https://seeded.app/opal/anchor/1697""}"
1698,1698,337,created,2025-07-20 02:59:08,"{""short_code"":""nCtBQh"",""original_url"":""https://example.com/ivory/field/1698""}"
1699,1699,353,created,2025-09-07 06:02:51,"{""short_code"":""Y2kwXk"",""original_url"":""https://opswise.net/harbor/signal/1699""}"
1700,1700,208,created,2025-12-27 13:17:42,"{""short_code"":""cWc6Gj"",""original_url"":""https://hackstack.io/cobalt/signal/1700""}"
1701,1701,130,created,2025-11-13 07:27:20,"{""short_code"":""ZjkTwx"",""original_url"":""https://hackstack.io/harbor/journey/1701""}"
1702,1702,270,created,2025-04-21 07:05:42,"{""short_code"":""Oqk5af"",""original_url"":""https://acme.dev/amber/garden/1702""}"
1703,1703,352,created,2025-02-11 09:13:56,"{""short_code"":""yipBny"",""original_url"":""https://acme.dev/amber/valley/1703""}"
1704,1704,45,created,2025-06-10 00:19:52,"{""short_code"":""cJI9Nr"",""original_url"":""https://acme.dev/proud/orbit/1704""}"
1705,1705,105,created,2025-02-06 14:21:58,"{""short_code"":""ABwSZd"",""original_url"":""https://hackstack.io/tidy/journey/1705""}"
1706,1706,168,created,2025-05-19 19:09:03,"{""short_code"":""mQyxP0"",""original_url"":""https://hackstack.io/jade/river/1706""}"
1707,1707,393,created,2025-04-10 18:15:17,"{""short_code"":""YnkFPr"",""original_url"":""https://hackstack.io/proud/harvest/1707""}"
1708,1708,301,created,2026-01-02 15:57:30,"{""short_code"":""48Y8Nj"",""original_url"":""https://example.com/rapid/network/1708""}"
1709,1709,120,created,2025-04-18 23:21:36,"{""short_code"":""IB5cHQ"",""original_url"":""https://hackstack.io/harbor/anchor/1709""}"
1710,1710,363,created,2025-09-23 18:31:40,"{""short_code"":""Ubniip"",""original_url"":""https://opswise.net/clear/valley/1710""}"
1711,1711,79,created,2025-11-16 04:36:40,"{""short_code"":""LI8bn9"",""original_url"":""https://seeded.app/proud/valley/1711""}"
1712,1712,62,created,2025-01-20 15:20:55,"{""short_code"":""C0xamu"",""original_url"":""https://example.com/amber/harvest/1712""}"
1713,1713,344,created,2025-06-04 14:30:37,"{""short_code"":""jqhQtz"",""original_url"":""https://example.com/keen/kernel/1713""}"
1714,1714,135,created,2025-04-11 00:10:29,"{""short_code"":""1wny96"",""original_url"":""https://opswise.net/young/anchor/1714""}"
1715,1715,353,created,2025-09-29 02:27:10,"{""short_code"":""oX8MKZ"",""original_url"":""https://relay.cloud/cobalt/quartz/1715""}"
1716,1716,221,created,2025-02-23 00:05:21,"{""short_code"":""oQWF8X"",""original_url"":""https://acme.dev/mellow/orbit/1716""}"
1717,1717,78,created,2026-01-27 03:35:56,"{""short_code"":""Ywhjax"",""original_url"":""https://acme.dev/warm/quartz/1717""}"
1718,1718,132,created,2025-04-07 15:20:19,"{""short_code"":""fAMZEb"",""original_url"":""https://hackstack.io/ember/garden/1718""}"
1719,1719,251,created,2025-04-30 23:40:16,"{""short_code"":""VDqazP"",""original_url"":""https://hackstack.io/urban/yard/1719""}"
1720,1720,246,created,2025-06-09 02:25:27,"{""short_code"":""fwdfqw"",""original_url"":""https://opswise.net/amber/trail/1720""}"
1721,1721,24,created,2025-09-01 05:39:54,"{""short_code"":""PoihRx"",""original_url"":""https://hackstack.io/vivid/yard/1721""}"
1722,1722,394,created,2025-07-04 20:56:21,"{""short_code"":""08S6tC"",""original_url"":""https://seeded.app/ivory/meadow/1722""}"
1723,1723,347,created,2025-03-20 23:21:21,"{""short_code"":""NAOZUi"",""original_url"":""https://relay.cloud/gold/engine/1723""}"
1724,1724,197,created,2025-10-22 12:04:54,"{""short_code"":""gdUH8y"",""original_url"":""https://example.com/urban/river/1724""}"
1725,1725,344,created,2025-04-11 23:08:05,"{""short_code"":""cC7Wwy"",""original_url"":""https://seeded.app/forest/network/1725""}"
1726,1726,75,created,2025-02-16 11:00:08,"{""short_code"":""XMuwCE"",""original_url"":""https://example.com/gold/network/1726""}"
1727,1727,15,created,2025-09-16 23:14:10,"{""short_code"":""XvmCWy"",""original_url"":""https://example.com/rapid/river/1727""}"
1728,1728,245,created,2025-06-23 18:13:55,"{""short_code"":""fV88pG"",""original_url"":""https://acme.dev/keen/trail/1728""}"
1729,1729,253,created,2025-10-05 06:33:32,"{""short_code"":""RDnerC"",""original_url"":""https://opswise.net/gold/meadow/1729""}"
1730,1730,294,created,2025-12-14 15:54:43,"{""short_code"":""NcRvNX"",""original_url"":""https://opswise.net/rapid/anchor/1730""}"
1731,1731,128,created,2025-07-15 08:34:30,"{""short_code"":""CqJ4ez"",""original_url"":""https://example.com/harbor/garden/1731""}"
1732,1732,183,created,2025-01-04 16:50:18,"{""short_code"":""q9fHBe"",""original_url"":""https://acme.dev/navy/meadow/1732""}"
1733,1733,264,created,2025-06-13 08:13:27,"{""short_code"":""sUEkdL"",""original_url"":""https://relay.cloud/calm/beacon/1733""}"
1734,1734,163,created,2026-02-20 17:11:37,"{""short_code"":""gebYvV"",""original_url"":""https://seeded.app/amber/beacon/1734""}"
1735,1735,316,created,2026-02-18 12:31:48,"{""short_code"":""FrRvTP"",""original_url"":""https://relay.cloud/urban/meadow/1735""}"
1736,1736,278,created,2026-01-26 11:42:19,"{""short_code"":""ZUb6cm"",""original_url"":""https://hackstack.io/keen/lagoon/1736""}"
1737,1737,378,created,2025-10-18 11:00:52,"{""short_code"":""Ks4Hth"",""original_url"":""https://seeded.app/ember/beacon/1737""}"
1738,1738,296,created,2025-12-02 15:53:14,"{""short_code"":""VU4ieY"",""original_url"":""https://example.com/warm/valley/1738""}"
1739,1739,38,created,2025-04-02 00:37:05,"{""short_code"":""Yzz8I8"",""original_url"":""https://opswise.net/dawn/beacon/1739""}"
1740,1740,382,created,2026-01-22 10:53:38,"{""short_code"":""l71f2Z"",""original_url"":""https://seeded.app/ember/anchor/1740""}"
1741,1741,159,created,2025-05-01 17:50:03,"{""short_code"":""lOIner"",""original_url"":""https://relay.cloud/clear/meadow/1741""}"
1742,1742,392,created,2025-03-25 23:03:49,"{""short_code"":""hYrteX"",""original_url"":""https://relay.cloud/cobalt/canyon/1742""}"
1743,1743,235,created,2025-02-14 09:06:39,"{""short_code"":""jfUJIp"",""original_url"":""https://opswise.net/cobalt/zenith/1743""}"
1744,1744,390,created,2025-12-10 02:12:28,"{""short_code"":""CreuAw"",""original_url"":""https://hackstack.io/tidy/network/1744""}"
1745,1745,383,created,2025-02-04 17:16:20,"{""short_code"":""oXhj6g"",""original_url"":""https://relay.cloud/dawn/pioneer/1745""}"
1746,1746,36,created,2025-04-27 10:27:05,"{""short_code"":""F1nwQP"",""original_url"":""https://example.com/brisk/delta/1746""}"
1747,1747,381,created,2025-05-14 12:37:06,"{""short_code"":""0qepSl"",""original_url"":""https://acme.dev/forest/field/1747""}"
1748,1748,285,created,2025-09-25 10:25:45,"{""short_code"":""UDqEGs"",""original_url"":""https://relay.cloud/mellow/field/1748""}"
1749,1749,64,created,2025-01-05 02:03:00,"{""short_code"":""p2CPqA"",""original_url"":""https://seeded.app/harbor/harvest/1749""}"
1750,1750,366,created,2025-02-16 00:48:41,"{""short_code"":""8iJfax"",""original_url"":""https://seeded.app/cobalt/signal/1750""}"
1751,1751,400,created,2025-01-17 00:03:26,"{""short_code"":""zqvlm2"",""original_url"":""https://opswise.net/dawn/lagoon/1751""}"
1752,1752,294,created,2025-10-25 12:18:47,"{""short_code"":""x1sy0r"",""original_url"":""https://example.com/cobalt/harvest/1752""}"
1753,1753,152,created,2025-08-28 07:56:23,"{""short_code"":""JEiM8q"",""original_url"":""https://relay.cloud/ember/valley/1753""}"
1754,1754,1,created,2025-03-06 14:15:29,"{""short_code"":""rojFrU"",""original_url"":""https://hackstack.io/rapid/island/1754""}"
1755,1755,24,created,2026-01-01 08:32:45,"{""short_code"":""APO22i"",""original_url"":""https://example.com/jade/kernel/1755""}"
1756,1756,293,created,2025-10-28 16:18:19,"{""short_code"":""lpR1bg"",""original_url"":""https://hackstack.io/rapid/uplink/1756""}"
1757,1757,257,created,2025-02-20 16:55:57,"{""short_code"":""fb9zCk"",""original_url"":""https://relay.cloud/clear/anchor/1757""}"
1758,1758,10,created,2025-06-26 06:16:35,"{""short_code"":""fNYHjY"",""original_url"":""https://relay.cloud/urban/valley/1758""}"
1759,1759,280,created,2026-01-20 00:12:07,"{""short_code"":""JKslGl"",""original_url"":""https://hackstack.io/calm/orbit/1759""}"
1760,1760,67,created,2025-08-16 07:53:54,"{""short_code"":""VKre2l"",""original_url"":""https://acme.dev/tidy/network/1760""}"
1761,1761,104,created,2026-01-11 19:59:22,"{""short_code"":""kEJ1bg"",""original_url"":""https://relay.cloud/navy/zenith/1761""}"
1762,1762,360,created,2025-03-21 14:47:07,"{""short_code"":""51zNUZ"",""original_url"":""https://relay.cloud/opal/field/1762""}"
1763,1763,278,created,2025-08-13 12:09:29,"{""short_code"":""IjhYUl"",""original_url"":""https://acme.dev/vivid/garden/1763""}"
1764,1764,298,created,2025-05-29 17:44:00,"{""short_code"":""6sWIuj"",""original_url"":""https://hackstack.io/lively/garden/1764""}"
1765,1765,165,created,2025-10-20 18:20:19,"{""short_code"":""v06uYe"",""original_url"":""https://opswise.net/clear/harvest/1765""}"
1766,1766,17,created,2025-09-10 06:20:10,"{""short_code"":""0kmjA8"",""original_url"":""https://acme.dev/mellow/engine/1766""}"
1767,1767,26,created,2025-06-11 07:22:15,"{""short_code"":""ew7OGC"",""original_url"":""https://relay.cloud/mellow/orbit/1767""}"
1768,1768,280,created,2025-08-29 10:30:32,"{""short_code"":""r2E2g8"",""original_url"":""https://hackstack.io/rapid/network/1768""}"
1769,1769,266,created,2025-04-25 01:26:16,"{""short_code"":""2s3PjO"",""original_url"":""https://example.com/mellow/uplink/1769""}"
1770,1770,160,created,2025-01-13 02:37:15,"{""short_code"":""4DjxVm"",""original_url"":""https://hackstack.io/ivory/orbit/1770""}"
1771,1771,317,created,2025-09-22 07:25:52,"{""short_code"":""nej06y"",""original_url"":""https://seeded.app/navy/harvest/1771""}"
1772,1772,334,created,2025-05-17 13:41:03,"{""short_code"":""VDqvFZ"",""original_url"":""https://seeded.app/ember/canyon/1772""}"
1773,1773,181,created,2025-07-25 20:22:42,"{""short_code"":""KVygm7"",""original_url"":""https://acme.dev/keen/engine/1773""}"
1774,1774,235,created,2025-08-19 14:29:45,"{""short_code"":""AHrkzJ"",""original_url"":""https://acme.dev/rapid/valley/1774""}"
1775,1775,346,created,2026-01-04 20:25:23,"{""short_code"":""NxbkAn"",""original_url"":""https://relay.cloud/opal/field/1775""}"
1776,1776,370,created,2025-08-24 14:27:08,"{""short_code"":""KPcWP0"",""original_url"":""https://opswise.net/rapid/lagoon/1776""}"
1777,1777,268,created,2026-02-06 10:47:42,"{""short_code"":""jeSaiS"",""original_url"":""https://relay.cloud/brisk/signal/1777""}"
1778,1778,267,created,2025-10-31 18:49:38,"{""short_code"":""3HWs3I"",""original_url"":""https://relay.cloud/amber/anchor/1778""}"
1779,1779,10,created,2026-02-20 13:12:41,"{""short_code"":""GxrJQ5"",""original_url"":""https://example.com/ivory/lagoon/1779""}"
1780,1780,392,created,2025-04-18 15:57:47,"{""short_code"":""Mt0edX"",""original_url"":""https://hackstack.io/proud/engine/1780""}"
1781,1781,50,created,2026-01-17 22:53:13,"{""short_code"":""6vSiFP"",""original_url"":""https://relay.cloud/clear/signal/1781""}"
1782,1782,324,created,2025-05-28 08:14:31,"{""short_code"":""2xLSNs"",""original_url"":""https://acme.dev/vivid/garden/1782""}"
1783,1783,121,created,2026-01-24 21:11:49,"{""short_code"":""pFCPrz"",""original_url"":""https://opswise.net/opal/window/1783""}"
1784,1784,295,created,2025-02-20 03:26:20,"{""short_code"":""5lny2O"",""original_url"":""https://seeded.app/cobalt/garden/1784""}"
1785,1785,24,created,2025-11-28 16:51:19,"{""short_code"":""r9Ttum"",""original_url"":""https://opswise.net/mellow/meadow/1785""}"
1786,1786,399,created,2025-01-20 22:40:44,"{""short_code"":""daN0oK"",""original_url"":""https://seeded.app/clear/uplink/1786""}"
1787,1787,352,created,2025-03-18 09:30:58,"{""short_code"":""CV8jJi"",""original_url"":""https://example.com/rapid/harvest/1787""}"
1788,1788,61,created,2025-11-24 22:08:35,"{""short_code"":""6JHyyI"",""original_url"":""https://seeded.app/ivory/pioneer/1788""}"
1789,1789,30,created,2025-09-30 08:18:10,"{""short_code"":""7uaqzh"",""original_url"":""https://seeded.app/mellow/beacon/1789""}"
1790,1790,311,created,2026-01-29 18:12:05,"{""short_code"":""68eCtD"",""original_url"":""https://example.com/keen/river/1790""}"
1791,1791,33,created,2025-02-24 21:28:38,"{""short_code"":""5sAI9R"",""original_url"":""https://opswise.net/young/river/1791""}"
1792,1792,182,created,2026-01-30 14:58:21,"{""short_code"":""fJoUMm"",""original_url"":""https://opswise.net/warm/island/1792""}"
1793,1793,176,created,2025-04-11 10:50:56,"{""short_code"":""aG2S16"",""original_url"":""https://opswise.net/amber/garden/1793""}"
1794,1794,235,created,2025-12-28 00:20:09,"{""short_code"":""dy59En"",""original_url"":""https://example.com/mellow/engine/1794""}"
1795,1795,237,created,2025-10-02 16:15:49,"{""short_code"":""lvx4uP"",""original_url"":""https://relay.cloud/young/quartz/1795""}"
1796,1796,104,created,2025-05-07 02:51:33,"{""short_code"":""cV0vCK"",""original_url"":""https://relay.cloud/silver/canyon/1796""}"
1797,1797,46,created,2025-01-19 18:09:40,"{""short_code"":""QT1Wgf"",""original_url"":""https://acme.dev/ivory/island/1797""}"
1798,1798,167,created,2025-10-30 22:12:34,"{""short_code"":""JRHIVw"",""original_url"":""https://hackstack.io/harbor/meadow/1798""}"
1799,1799,199,created,2025-02-01 13:51:00,"{""short_code"":""y6wk7k"",""original_url"":""https://hackstack.io/ivory/signal/1799""}"
1800,1800,93,created,2025-03-10 14:02:50,"{""short_code"":""flpkIC"",""original_url"":""https://hackstack.io/proud/trail/1800""}"
1801,1801,48,created,2025-01-17 13:51:41,"{""short_code"":""4ESstS"",""original_url"":""https://seeded.app/brisk/harvest/1801""}"
1802,1802,215,created,2025-04-19 07:49:46,"{""short_code"":""xNw8Wx"",""original_url"":""https://hackstack.io/proud/meadow/1802""}"
1803,1803,16,created,2025-04-08 16:01:34,"{""short_code"":""VeJDps"",""original_url"":""https://opswise.net/jade/network/1803""}"
1804,1804,13,created,2026-02-10 20:39:29,"{""short_code"":""JEMXbm"",""original_url"":""https://opswise.net/proud/delta/1804""}"
1805,1805,89,created,2025-07-28 14:49:40,"{""short_code"":""8jmkLP"",""original_url"":""https://opswise.net/warm/river/1805""}"
1806,1806,178,created,2025-01-15 13:20:34,"{""short_code"":""d0hJFh"",""original_url"":""https://opswise.net/clear/valley/1806""}"
1807,1807,271,created,2025-11-24 05:31:32,"{""short_code"":""4oWfZw"",""original_url"":""https://relay.cloud/keen/meadow/1807""}"
1808,1808,396,created,2025-06-25 20:22:24,"{""short_code"":""Rw5gPI"",""original_url"":""https://seeded.app/amber/yard/1808""}"
1809,1809,4,created,2025-11-11 15:35:00,"{""short_code"":""o5UC8d"",""original_url"":""https://example.com/vivid/canyon/1809""}"
1810,1810,375,created,2025-05-04 19:02:40,"{""short_code"":""ZCmO45"",""original_url"":""https://relay.cloud/harbor/garden/1810""}"
1811,1811,390,created,2026-01-12 13:23:34,"{""short_code"":""r39GEv"",""original_url"":""https://relay.cloud/rapid/zenith/1811""}"
1812,1812,385,created,2025-12-11 19:13:30,"{""short_code"":""YeqIoM"",""original_url"":""https://opswise.net/jade/field/1812""}"
1813,1813,266,created,2026-01-23 01:25:01,"{""short_code"":""SkXEXt"",""original_url"":""https://acme.dev/keen/journey/1813""}"
1814,1814,179,created,2025-09-27 23:25:17,"{""short_code"":""GbNA0F"",""original_url"":""https://example.com/urban/window/1814""}"
1815,1815,221,created,2025-02-10 13:53:18,"{""short_code"":""Igl0HJ"",""original_url"":""https://opswise.net/calm/garden/1815""}"
1816,1816,344,created,2025-08-22 20:46:19,"{""short_code"":""Q1odN2"",""original_url"":""https://opswise.net/ember/field/1816""}"
1817,1817,6,created,2025-02-06 02:11:04,"{""short_code"":""yqtrv4"",""original_url"":""https://example.com/harbor/field/1817""}"
1818,1818,194,created,2025-03-30 08:43:10,"{""short_code"":""oIy9jJ"",""original_url"":""https://opswise.net/harbor/beacon/1818""}"
1819,1819,160,created,2025-05-30 13:24:39,"{""short_code"":""rf201r"",""original_url"":""https://seeded.app/harbor/zenith/1819""}"
1820,1820,145,created,2025-05-23 04:35:32,"{""short_code"":""K7Ic2A"",""original_url"":""https://hackstack.io/jade/harvest/1820""}"
1821,1821,327,created,2025-06-21 07:13:05,"{""short_code"":""nuvBZ0"",""original_url"":""https://example.com/rapid/yard/1821""}"
1822,1822,4,created,2025-05-10 12:55:05,"{""short_code"":""IKmbUh"",""original_url"":""https://seeded.app/vivid/trail/1822""}"
1823,1823,21,created,2025-12-07 00:58:00,"{""short_code"":""ltl8hb"",""original_url"":""https://hackstack.io/warm/pioneer/1823""}"
1824,1824,355,created,2025-11-02 15:43:31,"{""short_code"":""XPIVyc"",""original_url"":""https://hackstack.io/tidy/harvest/1824""}"
1825,1825,91,created,2026-02-19 03:13:37,"{""short_code"":""S3aXNB"",""original_url"":""https://seeded.app/forest/pioneer/1825""}"
1826,1826,68,created,2025-04-07 09:31:59,"{""short_code"":""sHQvca"",""original_url"":""https://example.com/clear/trail/1826""}"
1827,1827,209,created,2025-04-10 21:45:47,"{""short_code"":""4lFSb4"",""original_url"":""https://example.com/warm/engine/1827""}"
1828,1828,184,created,2025-02-27 07:03:39,"{""short_code"":""HbHBmN"",""original_url"":""https://acme.dev/clear/signal/1828""}"
1829,1829,33,created,2025-08-04 14:12:12,"{""short_code"":""A5OYUx"",""original_url"":""https://example.com/lively/valley/1829""}"
1830,1830,315,created,2025-12-04 04:38:28,"{""short_code"":""iMNBJu"",""original_url"":""https://relay.cloud/navy/quartz/1830""}"
1831,1831,42,created,2026-01-20 20:01:19,"{""short_code"":""Witbhg"",""original_url"":""https://seeded.app/ivory/kernel/1831""}"
1832,1832,276,created,2025-02-28 22:25:54,"{""short_code"":""t82dwF"",""original_url"":""https://opswise.net/amber/lagoon/1832""}"
1833,1833,321,created,2025-03-23 23:20:55,"{""short_code"":""0JCi8T"",""original_url"":""https://relay.cloud/gold/garden/1833""}"
1834,1834,65,created,2025-10-29 00:47:40,"{""short_code"":""tsCRfr"",""original_url"":""https://seeded.app/vivid/orbit/1834""}"
1835,1835,272,created,2025-11-18 17:13:44,"{""short_code"":""FKzIGe"",""original_url"":""https://hackstack.io/navy/canyon/1835""}"
1836,1836,118,created,2025-06-28 09:03:54,"{""short_code"":""PjCPka"",""original_url"":""https://acme.dev/vivid/uplink/1836""}"
1837,1837,203,created,2025-12-04 07:37:11,"{""short_code"":""rRzq9o"",""original_url"":""https://example.com/gold/beacon/1837""}"
1838,1838,259,created,2025-11-03 21:40:35,"{""short_code"":""2D54cl"",""original_url"":""https://seeded.app/young/harvest/1838""}"
1839,1839,218,created,2026-02-15 21:53:03,"{""short_code"":""iTOaTx"",""original_url"":""https://hackstack.io/tidy/network/1839""}"
1840,1840,46,created,2025-06-08 01:25:09,"{""short_code"":""QpV1d3"",""original_url"":""https://hackstack.io/calm/field/1840""}"
1841,1841,210,created,2025-01-13 12:45:11,"{""short_code"":""OqpNN3"",""original_url"":""https://opswise.net/urban/orbit/1841""}"
1842,1842,351,created,2025-06-15 12:12:36,"{""short_code"":""RPwIfP"",""original_url"":""https://hackstack.io/calm/canyon/1842""}"
1843,1843,194,created,2025-01-23 16:48:28,"{""short_code"":""ATop3f"",""original_url"":""https://opswise.net/quiet/meadow/1843""}"
1844,1844,81,created,2025-06-11 09:53:35,"{""short_code"":""QbPiA1"",""original_url"":""https://relay.cloud/calm/canyon/1844""}"
1845,1845,325,created,2025-05-14 18:07:18,"{""short_code"":""SXVROv"",""original_url"":""https://seeded.app/rapid/trail/1845""}"
1846,1846,373,created,2025-08-21 00:53:46,"{""short_code"":""xjsfmH"",""original_url"":""https://seeded.app/amber/window/1846""}"
1847,1847,131,created,2025-09-24 18:09:07,"{""short_code"":""82ZXr6"",""original_url"":""https://opswise.net/jade/pioneer/1847""}"
1848,1848,9,created,2025-02-16 11:50:33,"{""short_code"":""rp5Clq"",""original_url"":""https://opswise.net/dawn/window/1848""}"
1849,1849,368,created,2025-10-25 20:53:48,"{""short_code"":""ueV3Ey"",""original_url"":""https://acme.dev/navy/pioneer/1849""}"
1850,1850,356,created,2025-06-30 14:44:27,"{""short_code"":""bjtI5f"",""original_url"":""https://acme.dev/rapid/garden/1850""}"
1851,1851,391,created,2025-05-04 12:42:54,"{""short_code"":""wl0kmv"",""original_url"":""https://acme.dev/ember/delta/1851""}"
1852,1852,150,created,2025-08-18 13:22:24,"{""short_code"":""36DzZF"",""original_url"":""https://relay.cloud/young/harvest/1852""}"
1853,1853,58,created,2025-09-19 01:44:04,"{""short_code"":""3ocybn"",""original_url"":""https://seeded.app/forest/field/1853""}"
1854,1854,344,created,2025-08-11 19:25:17,"{""short_code"":""x8AVRB"",""original_url"":""https://relay.cloud/urban/anchor/1854""}"
1855,1855,41,created,2025-10-11 11:06:35,"{""short_code"":""5gYXTD"",""original_url"":""https://example.com/clear/valley/1855""}"
1856,1856,196,created,2025-10-28 15:36:49,"{""short_code"":""RfpXfx"",""original_url"":""https://relay.cloud/jade/window/1856""}"
1857,1857,391,created,2025-02-18 14:17:58,"{""short_code"":""9g4Bcn"",""original_url"":""https://example.com/forest/engine/1857""}"
1858,1858,309,created,2025-08-10 23:18:42,"{""short_code"":""fmMA61"",""original_url"":""https://seeded.app/keen/lagoon/1858""}"
1859,1859,19,created,2026-02-16 12:22:14,"{""short_code"":""jiV20o"",""original_url"":""https://acme.dev/warm/river/1859""}"
1860,1860,234,created,2026-02-09 11:21:48,"{""short_code"":""L8kH9b"",""original_url"":""https://relay.cloud/forest/field/1860""}"
1861,1861,169,created,2025-09-30 19:22:25,"{""short_code"":""tYcz9O"",""original_url"":""https://opswise.net/ivory/garden/1861""}"
1862,1862,207,created,2025-04-10 15:51:10,"{""short_code"":""70WRrh"",""original_url"":""https://acme.dev/tidy/lagoon/1862""}"
1863,1863,115,created,2025-06-20 17:50:58,"{""short_code"":""b25aiV"",""original_url"":""https://hackstack.io/warm/pioneer/1863""}"
1864,1864,169,created,2025-12-04 06:08:58,"{""short_code"":""eVLmZc"",""original_url"":""https://relay.cloud/quiet/signal/1864""}"
1865,1865,141,created,2025-03-05 18:46:37,"{""short_code"":""bLAcC9"",""original_url"":""https://relay.cloud/mellow/uplink/1865""}"
1866,1866,233,created,2025-01-17 00:17:13,"{""short_code"":""DOP5Wt"",""original_url"":""https://seeded.app/gold/delta/1866""}"
1867,1867,400,created,2025-09-18 12:16:26,"{""short_code"":""OS709C"",""original_url"":""https://acme.dev/quiet/field/1867""}"
1868,1868,295,created,2026-02-19 08:57:58,"{""short_code"":""VZVxjv"",""original_url"":""https://hackstack.io/navy/yard/1868""}"
1869,1869,357,created,2025-06-02 15:16:01,"{""short_code"":""h8G5TO"",""original_url"":""https://opswise.net/jade/window/1869""}"
1870,1870,187,created,2025-10-18 22:26:13,"{""short_code"":""d7Cris"",""original_url"":""https://seeded.app/keen/field/1870""}"
1871,1871,329,created,2026-01-01 22:09:40,"{""short_code"":""snpbDL"",""original_url"":""https://relay.cloud/clear/pioneer/1871""}"
1872,1872,312,created,2025-09-29 02:40:41,"{""short_code"":""AV2Irx"",""original_url"":""https://example.com/proud/harvest/1872""}"
1873,1873,272,created,2025-10-07 17:23:41,"{""short_code"":""10WGh6"",""original_url"":""https://seeded.app/dawn/river/1873""}"
1874,1874,86,created,2025-12-20 20:22:21,"{""short_code"":""uaBI2G"",""original_url"":""https://seeded.app/ember/trail/1874""}"
1875,1875,358,created,2025-10-21 21:16:49,"{""short_code"":""1Oj4Bb"",""original_url"":""https://opswise.net/navy/island/1875""}"
1876,1876,176,created,2025-10-06 13:13:03,"{""short_code"":""t9vHTq"",""original_url"":""https://example.com/cobalt/journey/1876""}"
1877,1877,53,created,2025-12-05 17:30:06,"{""short_code"":""1b0Y0D"",""original_url"":""https://hackstack.io/mellow/field/1877""}"
1878,1878,169,created,2025-09-18 20:43:56,"{""short_code"":""6w4R8E"",""original_url"":""https://seeded.app/mellow/harvest/1878""}"
1879,1879,83,created,2025-09-10 14:43:53,"{""short_code"":""T6Iz8W"",""original_url"":""https://hackstack.io/ember/zenith/1879""}"
1880,1880,370,created,2025-04-04 14:11:49,"{""short_code"":""GjQvwg"",""original_url"":""https://opswise.net/jade/orbit/1880""}"
1881,1881,128,created,2025-03-05 14:11:42,"{""short_code"":""Mvn2Cq"",""original_url"":""https://example.com/vivid/quartz/1881""}"
1882,1882,227,created,2025-04-25 19:02:36,"{""short_code"":""UBXxAW"",""original_url"":""https://opswise.net/navy/zenith/1882""}"
1883,1883,307,created,2025-06-17 03:38:11,"{""short_code"":""3hQAfp"",""original_url"":""https://opswise.net/lively/journey/1883""}"
1884,1884,233,created,2025-11-26 14:09:48,"{""short_code"":""4mOJOa"",""original_url"":""https://example.com/ember/window/1884""}"
1885,1885,199,created,2025-09-30 23:54:10,"{""short_code"":""itx2p8"",""original_url"":""https://relay.cloud/proud/lagoon/1885""}"
1886,1886,397,created,2025-11-02 11:02:55,"{""short_code"":""oTwO0q"",""original_url"":""https://opswise.net/amber/uplink/1886""}"
1887,1887,137,created,2025-09-28 19:16:32,"{""short_code"":""IBHU9q"",""original_url"":""https://relay.cloud/tidy/signal/1887""}"
1888,1888,367,created,2025-12-01 10:53:44,"{""short_code"":""pLXXeh"",""original_url"":""https://example.com/urban/signal/1888""}"
1889,1889,171,created,2025-06-28 08:46:06,"{""short_code"":""1ghjiw"",""original_url"":""https://relay.cloud/opal/signal/1889""}"
1890,1890,347,created,2025-08-01 07:11:15,"{""short_code"":""j0BhPu"",""original_url"":""https://example.com/silver/harvest/1890""}"
1891,1891,135,created,2025-01-14 01:54:54,"{""short_code"":""kBOUWx"",""original_url"":""https://example.com/keen/harvest/1891""}"
1892,1892,16,created,2025-01-30 17:22:20,"{""short_code"":""DfPIV4"",""original_url"":""https://opswise.net/quiet/anchor/1892""}"
1893,1893,176,created,2025-03-14 15:02:07,"{""short_code"":""4khNoj"",""original_url"":""https://seeded.app/silver/garden/1893""}"
1894,1894,25,created,2025-07-29 08:17:06,"{""short_code"":""rLJ4yH"",""original_url"":""https://example.com/vivid/kernel/1894""}"
1895,1895,56,created,2025-09-01 08:17:04,"{""short_code"":""LWzABU"",""original_url"":""https://hackstack.io/tidy/kernel/1895""}"
1896,1896,218,created,2025-09-23 13:57:53,"{""short_code"":""iMK84p"",""original_url"":""https://relay.cloud/mellow/delta/1896""}"
1897,1897,385,created,2025-11-23 21:56:39,"{""short_code"":""sZYzxc"",""original_url"":""https://seeded.app/clear/pioneer/1897""}"
1898,1898,246,created,2025-12-06 03:09:20,"{""short_code"":""GoBLTK"",""original_url"":""https://opswise.net/harbor/pioneer/1898""}"
1899,1899,396,created,2026-02-02 08:40:47,"{""short_code"":""Ib2Z4F"",""original_url"":""https://seeded.app/forest/beacon/1899""}"
1900,1900,83,created,2025-12-23 14:05:57,"{""short_code"":""uiTVKI"",""original_url"":""https://seeded.app/opal/network/1900""}"
1901,1901,74,created,2026-01-14 18:55:37,"{""short_code"":""2VCFq1"",""original_url"":""https://opswise.net/lively/island/1901""}"
1902,1902,350,created,2025-05-28 15:45:43,"{""short_code"":""lLbMwa"",""original_url"":""https://example.com/harbor/harvest/1902""}"
1903,1903,173,created,2025-03-01 11:37:51,"{""short_code"":""uE6jGl"",""original_url"":""https://example.com/cobalt/kernel/1903""}"
1904,1904,2,created,2026-02-18 01:24:42,"{""short_code"":""zeTH96"",""original_url"":""https://example.com/proud/kernel/1904""}"
1905,1905,69,created,2025-10-06 10:29:37,"{""short_code"":""VfRkmc"",""original_url"":""https://opswise.net/silver/yard/1905""}"
1906,1906,361,created,2025-12-31 16:44:43,"{""short_code"":""kMlunI"",""original_url"":""https://hackstack.io/rapid/river/1906""}"
1907,1907,342,created,2025-02-13 15:01:02,"{""short_code"":""iZXnrm"",""original_url"":""https://relay.cloud/rapid/signal/1907""}"
1908,1908,336,created,2025-08-20 14:26:00,"{""short_code"":""ro7VOW"",""original_url"":""https://acme.dev/warm/canyon/1908""}"
1909,1909,95,created,2025-06-10 21:41:35,"{""short_code"":""xA9Cb7"",""original_url"":""https://acme.dev/keen/delta/1909""}"
1910,1910,234,created,2025-08-11 21:15:23,"{""short_code"":""1u2i4o"",""original_url"":""https://hackstack.io/calm/lagoon/1910""}"
1911,1911,269,created,2025-11-23 22:01:31,"{""short_code"":""MteJNP"",""original_url"":""https://relay.cloud/mellow/canyon/1911""}"
1912,1912,198,created,2025-10-24 00:52:34,"{""short_code"":""00UUPg"",""original_url"":""https://opswise.net/young/orbit/1912""}"
1913,1913,339,created,2025-08-02 12:37:21,"{""short_code"":""jEf39y"",""original_url"":""https://hackstack.io/ember/signal/1913""}"
1914,1914,68,created,2025-03-12 18:39:58,"{""short_code"":""6d3h43"",""original_url"":""https://opswise.net/jade/field/1914""}"
1915,1915,253,created,2025-02-18 14:29:14,"{""short_code"":""TZiXks"",""original_url"":""https://relay.cloud/jade/kernel/1915""}"
1916,1916,271,created,2025-09-03 03:26:00,"{""short_code"":""tG6Psq"",""original_url"":""https://seeded.app/navy/river/1916""}"
1917,1917,344,created,2026-01-22 09:36:44,"{""short_code"":""unSW9A"",""original_url"":""https://opswise.net/calm/river/1917""}"
1918,1918,170,created,2025-07-09 17:57:09,"{""short_code"":""Eahu6B"",""original_url"":""https://relay.cloud/quiet/anchor/1918""}"
1919,1919,399,created,2025-04-11 19:19:20,"{""short_code"":""FQhrT9"",""original_url"":""https://relay.cloud/calm/trail/1919""}"
1920,1920,23,created,2025-05-06 23:22:42,"{""short_code"":""MAompN"",""original_url"":""https://seeded.app/silver/canyon/1920""}"
1921,1921,1,created,2025-12-14 23:59:36,"{""short_code"":""f80zsc"",""original_url"":""https://example.com/tidy/network/1921""}"
1922,1922,8,created,2026-01-11 05:29:12,"{""short_code"":""rW1OyE"",""original_url"":""https://relay.cloud/urban/engine/1922""}"
1923,1923,195,created,2025-01-03 07:45:05,"{""short_code"":""kV23BY"",""original_url"":""https://relay.cloud/warm/engine/1923""}"
1924,1924,319,created,2025-05-29 21:24:11,"{""short_code"":""8PWB5X"",""original_url"":""https://relay.cloud/mellow/harvest/1924""}"
1925,1925,348,created,2025-09-14 15:13:05,"{""short_code"":""hagCrN"",""original_url"":""https://opswise.net/young/island/1925""}"
1926,1926,91,created,2025-01-14 06:34:00,"{""short_code"":""oesAJ1"",""original_url"":""https://relay.cloud/brisk/harvest/1926""}"
1927,1927,148,created,2025-02-28 09:39:14,"{""short_code"":""mk5CPh"",""original_url"":""https://seeded.app/dawn/garden/1927""}"
1928,1928,304,created,2026-01-10 07:28:58,"{""short_code"":""ceRO4p"",""original_url"":""https://relay.cloud/forest/quartz/1928""}"
1929,1929,209,created,2025-04-18 05:46:32,"{""short_code"":""zObpeI"",""original_url"":""https://relay.cloud/tidy/journey/1929""}"
1930,1930,47,created,2025-12-12 12:23:24,"{""short_code"":""ScC6te"",""original_url"":""https://opswise.net/young/lagoon/1930""}"
1931,1931,250,created,2025-05-10 08:38:03,"{""short_code"":""UMSmlZ"",""original_url"":""https://hackstack.io/dawn/orbit/1931""}"
1932,1932,12,created,2025-02-28 09:06:47,"{""short_code"":""eWJtoJ"",""original_url"":""https://example.com/lively/trail/1932""}"
1933,1933,230,created,2026-02-04 22:30:48,"{""short_code"":""0tyWCT"",""original_url"":""https://hackstack.io/harbor/network/1933""}"
1934,1934,247,created,2025-04-22 19:13:32,"{""short_code"":""hBi2ka"",""original_url"":""https://example.com/ember/signal/1934""}"
1935,1935,2,created,2025-03-29 14:37:27,"{""short_code"":""6CFb7j"",""original_url"":""https://opswise.net/gold/window/1935""}"
1936,1936,235,created,2026-01-16 05:29:39,"{""short_code"":""sEh0jD"",""original_url"":""https://acme.dev/rapid/journey/1936""}"
1937,1937,52,created,2025-08-02 18:41:03,"{""short_code"":""mkv4aI"",""original_url"":""https://hackstack.io/amber/window/1937""}"
1938,1938,296,created,2026-01-09 23:06:10,"{""short_code"":""XYAW0b"",""original_url"":""https://seeded.app/silver/quartz/1938""}"
1939,1939,257,created,2025-06-03 22:20:40,"{""short_code"":""M7PQpS"",""original_url"":""https://acme.dev/warm/valley/1939""}"
1940,1940,208,created,2025-05-15 03:22:06,"{""short_code"":""Ptp8az"",""original_url"":""https://hackstack.io/mellow/orbit/1940""}"
1941,1941,335,created,2025-02-11 15:50:14,"{""short_code"":""Sm3wvA"",""original_url"":""https://seeded.app/amber/canyon/1941""}"
1942,1942,275,created,2025-05-27 15:19:23,"{""short_code"":""1tLABU"",""original_url"":""https://relay.cloud/warm/delta/1942""}"
1943,1943,65,created,2025-08-14 14:49:46,"{""short_code"":""XfDnca"",""original_url"":""https://acme.dev/navy/zenith/1943""}"
1944,1944,107,created,2026-02-15 05:47:11,"{""short_code"":""XTZmvf"",""original_url"":""https://acme.dev/forest/zenith/1944""}"
1945,1945,371,created,2025-03-04 07:04:22,"{""short_code"":""4Qz6pf"",""original_url"":""https://acme.dev/dawn/garden/1945""}"
1946,1946,293,created,2025-11-13 01:53:49,"{""short_code"":""Hfm6Xh"",""original_url"":""https://acme.dev/quiet/delta/1946""}"
1947,1947,135,created,2026-02-18 04:49:08,"{""short_code"":""iaEztd"",""original_url"":""https://seeded.app/forest/uplink/1947""}"
1948,1948,52,created,2026-01-14 07:04:26,"{""short_code"":""j2quCt"",""original_url"":""https://relay.cloud/urban/lagoon/1948""}"
1949,1949,213,created,2025-03-12 09:45:53,"{""short_code"":""4OHYS0"",""original_url"":""https://opswise.net/urban/uplink/1949""}"
1950,1950,284,created,2025-12-18 13:55:27,"{""short_code"":""0eeOhP"",""original_url"":""https://opswise.net/harbor/yard/1950""}"
1951,1951,145,created,2025-07-07 01:45:55,"{""short_code"":""pV4pbc"",""original_url"":""https://opswise.net/tidy/network/1951""}"
1952,1952,351,created,2025-07-07 20:52:39,"{""short_code"":""RvF893"",""original_url"":""https://example.com/lively/lagoon/1952""}"
1953,1953,180,created,2026-01-29 11:37:35,"{""short_code"":""Zd158P"",""original_url"":""https://relay.cloud/gold/zenith/1953""}"
1954,1954,36,created,2025-09-30 15:56:12,"{""short_code"":""z0NDCV"",""original_url"":""https://hackstack.io/ivory/zenith/1954""}"
1955,1955,22,created,2025-08-04 04:01:31,"{""short_code"":""MaymjX"",""original_url"":""https://hackstack.io/lively/trail/1955""}"
1956,1956,296,created,2025-02-08 07:55:36,"{""short_code"":""CSJioJ"",""original_url"":""https://seeded.app/proud/trail/1956""}"
1957,1957,294,created,2025-06-29 02:16:37,"{""short_code"":""h0O1ST"",""original_url"":""https://hackstack.io/harbor/network/1957""}"
1958,1958,70,created,2025-03-01 08:45:06,"{""short_code"":""HbjHPx"",""original_url"":""https://example.com/jade/network/1958""}"
1959,1959,90,created,2025-01-08 05:14:31,"{""short_code"":""1aJRFH"",""original_url"":""https://acme.dev/ember/valley/1959""}"
1960,1960,165,created,2026-01-25 04:47:10,"{""short_code"":""lSJccv"",""original_url"":""https://seeded.app/urban/lagoon/1960""}"
1961,1961,274,created,2026-02-06 21:54:51,"{""short_code"":""bm6nE6"",""original_url"":""https://example.com/ember/anchor/1961""}"
1962,1962,272,created,2025-10-10 20:38:18,"{""short_code"":""PtbK2c"",""original_url"":""https://relay.cloud/vivid/engine/1962""}"
1963,1963,296,created,2025-07-24 17:33:59,"{""short_code"":""2RuWE5"",""original_url"":""https://example.com/proud/garden/1963""}"
1964,1964,127,created,2025-11-23 14:10:08,"{""short_code"":""2TxXqD"",""original_url"":""https://hackstack.io/proud/delta/1964""}"
1965,1965,90,created,2025-02-02 10:25:14,"{""short_code"":""0pgCzC"",""original_url"":""https://acme.dev/ivory/orbit/1965""}"
1966,1966,68,created,2025-12-26 02:00:16,"{""short_code"":""kLNKAV"",""original_url"":""https://seeded.app/jade/yard/1966""}"
1967,1967,163,created,2025-03-11 22:29:48,"{""short_code"":""EpW4Vl"",""original_url"":""https://example.com/young/river/1967""}"
1968,1968,218,created,2026-01-31 01:05:12,"{""short_code"":""8aAeHd"",""original_url"":""https://relay.cloud/navy/quartz/1968""}"
1969,1969,152,created,2026-02-18 12:01:06,"{""short_code"":""X3K1Dn"",""original_url"":""https://seeded.app/rapid/journey/1969""}"
1970,1970,216,created,2025-04-25 03:28:59,"{""short_code"":""In9bXE"",""original_url"":""https://acme.dev/amber/delta/1970""}"
1971,1971,26,created,2025-06-13 09:03:37,"{""short_code"":""X1J1nW"",""original_url"":""https://example.com/navy/meadow/1971""}"
1972,1972,187,created,2025-06-14 02:19:23,"{""short_code"":""P3dc8i"",""original_url"":""https://opswise.net/quiet/uplink/1972""}"
1973,1973,253,created,2025-03-04 14:49:34,"{""short_code"":""89wjuI"",""original_url"":""https://acme.dev/urban/kernel/1973""}"
1974,1974,350,created,2025-07-03 18:50:09,"{""short_code"":""63zaRx"",""original_url"":""https://example.com/brisk/canyon/1974""}"
1975,1975,36,created,2026-01-01 17:30:38,"{""short_code"":""1qdQIa"",""original_url"":""https://example.com/jade/harvest/1975""}"
1976,1976,229,created,2025-08-30 16:08:09,"{""short_code"":""oO5ws9"",""original_url"":""https://opswise.net/ivory/orbit/1976""}"
1977,1977,400,created,2025-03-13 22:44:43,"{""short_code"":""8yEdyj"",""original_url"":""https://seeded.app/opal/river/1977""}"
1978,1978,87,created,2025-03-14 01:08:09,"{""short_code"":""rSPQYw"",""original_url"":""https://seeded.app/young/journey/1978""}"
1979,1979,12,created,2025-07-10 09:55:55,"{""short_code"":""mfynph"",""original_url"":""https://hackstack.io/silver/yard/1979""}"
1980,1980,211,created,2026-01-23 22:20:40,"{""short_code"":""68uRKp"",""original_url"":""https://acme.dev/clear/journey/1980""}"
1981,1981,194,created,2026-01-19 21:26:28,"{""short_code"":""sS3WrC"",""original_url"":""https://acme.dev/forest/signal/1981""}"
1982,1982,282,created,2025-06-25 07:08:49,"{""short_code"":""rgtBmE"",""original_url"":""https://relay.cloud/gold/beacon/1982""}"
1983,1983,344,created,2025-10-20 20:42:47,"{""short_code"":""AwJwBr"",""original_url"":""https://relay.cloud/mellow/window/1983""}"
1984,1984,355,created,2025-09-26 19:48:23,"{""short_code"":""XieOrS"",""original_url"":""https://opswise.net/clear/kernel/1984""}"
1985,1985,354,created,2025-08-03 14:08:56,"{""short_code"":""nyhmCl"",""original_url"":""https://seeded.app/urban/window/1985""}"
1986,1986,42,created,2025-12-16 11:46:43,"{""short_code"":""UJ3YeF"",""original_url"":""https://seeded.app/young/pioneer/1986""}"
1987,1987,346,created,2025-07-28 07:03:20,"{""short_code"":""kCJCUB"",""original_url"":""https://opswise.net/gold/river/1987""}"
1988,1988,22,created,2026-01-16 20:08:30,"{""short_code"":""1oMga0"",""original_url"":""https://example.com/silver/uplink/1988""}"
1989,1989,193,created,2025-02-28 14:48:15,"{""short_code"":""TpF7i1"",""original_url"":""https://hackstack.io/proud/signal/1989""}"
1990,1990,398,created,2025-02-18 15:43:23,"{""short_code"":""aNVBpX"",""original_url"":""https://opswise.net/proud/harvest/1990""}"
1991,1991,386,created,2025-03-09 10:46:08,"{""short_code"":""6lkf5p"",""original_url"":""https://example.com/vivid/beacon/1991""}"
1992,1992,7,created,2025-06-18 17:16:34,"{""short_code"":""HvG3RM"",""original_url"":""https://acme.dev/rapid/quartz/1992""}"
1993,1993,137,created,2025-12-05 22:15:09,"{""short_code"":""iUjdf1"",""original_url"":""https://example.com/clear/lagoon/1993""}"
1994,1994,205,created,2025-11-16 16:20:47,"{""short_code"":""7LhNF8"",""original_url"":""https://hackstack.io/amber/field/1994""}"
1995,1995,320,created,2025-07-23 05:52:38,"{""short_code"":""cwGJ4K"",""original_url"":""https://seeded.app/amber/harvest/1995""}"
1996,1996,218,created,2025-01-01 20:55:36,"{""short_code"":""TvRbDh"",""original_url"":""https://hackstack.io/proud/valley/1996""}"
1997,1997,182,created,2025-01-03 23:10:48,"{""short_code"":""4eWv27"",""original_url"":""https://acme.dev/vivid/canyon/1997""}"
1998,1998,396,created,2026-02-03 12:59:47,"{""short_code"":""cVpFKy"",""original_url"":""https://opswise.net/jade/trail/1998""}"
1999,1999,298,created,2025-05-02 20:44:57,"{""short_code"":""05zEmT"",""original_url"":""https://seeded.app/vivid/pioneer/1999""}"
2000,2000,185,created,2026-01-31 01:09:28,"{""short_code"":""Q3OVV6"",""original_url"":""https://acme.dev/rapid/beacon/2000""}"
2001,1,1,updated,2025-06-09 08:39:11,"{""field"":""title"",""new_value"":""quieted""}"
2002,501,281,updated,2025-05-21 02:41:51,"{""field"":""original_url"",""new_value"":""https://seeded.app/pioneer/4994""}"
2003,1043,328,updated,2025-03-25 04:03:19,"{""field"":""title"",""new_value"":""refined""}"
2004,1610,362,updated,2025-05-25 18:45:33,"{""field"":""original_url"",""new_value"":""https://opswise.net/uplink/7107""}"
2005,1198,194,updated,2025-10-19 04:03:37,"{""field"":""title"",""new_value"":""archived""}"
2006,536,398,updated,2026-01-03 16:49:16,"{""field"":""original_url"",""new_value"":""https://seeded.app/kernel/2492""}"
2007,1169,170,updated,2025-07-15 12:12:40,"{""field"":""original_url"",""new_value"":""https://example.com/anchor/4842""}"
2008,243,45,updated,2025-07-11 06:07:30,"{""field"":""title"",""new_value"":""boosted""}"
2009,942,239,updated,2025-11-05 00:13:37,"{""field"":""is_active"",""new_value"":""archived""}"
2010,1335,85,updated,2025-05-05 23:08:04,"{""field"":""title"",""new_value"":""rotated""}"
2011,1960,165,updated,2025-02-28 04:46:11,"{""field"":""original_url"",""new_value"":""https://opswise.net/anchor/6008""}"
2012,1366,90,updated,2025-05-28 22:23:01,"{""field"":""title"",""new_value"":""boosted""}"
2013,1532,219,updated,2025-03-31 13:27:17,"{""field"":""is_active"",""new_value"":""patched""}"
2014,922,254,updated,2025-02-21 12:06:42,"{""field"":""is_active"",""new_value"":""boosted""}"
2015,1994,205,updated,2025-02-28 01:50:45,"{""field"":""title"",""new_value"":""rotated""}"
2016,1809,4,updated,2025-08-21 10:20:41,"{""field"":""title"",""new_value"":""rerouted""}"
2017,1825,91,updated,2025-02-13 19:12:15,"{""field"":""is_active"",""new_value"":""refined""}"
2018,1645,202,updated,2025-09-10 20:29:39,"{""field"":""is_active"",""new_value"":""refined""}"
2019,5,98,updated,2025-03-31 12:04:25,"{""field"":""original_url"",""new_value"":""https://seeded.app/harvest/821""}"
2020,312,45,updated,2025-08-01 05:10:09,"{""field"":""title"",""new_value"":""refined""}"
2021,97,309,updated,2025-09-14 13:15:45,"{""field"":""is_active"",""new_value"":""quieted""}"
2022,620,205,updated,2026-01-04 09:19:15,"{""field"":""original_url"",""new_value"":""https://seeded.app/field/3591""}"
2023,1736,278,updated,2026-01-14 01:18:56,"{""field"":""original_url"",""new_value"":""https://opswise.net/valley/2835""}"
2024,615,125,updated,2025-08-22 23:31:23,"{""field"":""is_active"",""new_value"":""refined""}"
2025,438,205,updated,2025-03-02 04:30:59,"{""field"":""original_url"",""new_value"":""https://acme.dev/trail/1280""}"
2026,298,256,updated,2025-09-29 01:59:14,"{""field"":""original_url"",""new_value"":""https://opswise.net/anchor/4428""}"
2027,1915,253,updated,2025-10-23 09:07:11,"{""field"":""title"",""new_value"":""archived""}"
2028,872,252,updated,2025-05-11 13:55:12,"{""field"":""original_url"",""new_value"":""https://example.com/window/8918""}"
2029,551,114,updated,2025-05-06 22:48:13,"{""field"":""is_active"",""new_value"":""rotated""}"
2030,661,130,updated,2026-02-07 02:46:10,"{""field"":""original_url"",""new_value"":""https://relay.cloud/window/9460""}"
2031,143,217,updated,2025-11-19 17:35:11,"{""field"":""original_url"",""new_value"":""https://seeded.app/delta/5446""}"
2032,1777,268,updated,2025-05-13 11:50:37,"{""field"":""title"",""new_value"":""refined""}"
2033,1721,24,updated,2025-02-12 00:25:34,"{""field"":""is_active"",""new_value"":""rotated""}"
2034,1978,87,updated,2025-08-03 01:15:21,"{""field"":""is_active"",""new_value"":""rerouted""}"
2035,666,51,updated,2025-05-03 12:13:21,"{""field"":""original_url"",""new_value"":""https://hackstack.io/canyon/4588""}"
2036,200,357,updated,2025-05-09 14:52:17,"{""field"":""original_url"",""new_value"":""https://example.com/delta/3350""}"
2037,905,286,updated,2025-07-21 02:07:19,"{""field"":""original_url"",""new_value"":""https://acme.dev/canyon/9417""}"
2038,1383,55,updated,2025-04-24 09:56:34,"{""field"":""title"",""new_value"":""promoted""}"
2039,641,256,updated,2025-05-04 11:36:30,"{""field"":""title"",""new_value"":""quieted""}"
2040,986,148,updated,2025-08-21 01:12:38,"{""field"":""original_url"",""new_value"":""https://hackstack.io/uplink/3237""}"
2041,964,370,updated,2025-06-19 07:23:13,"{""field"":""is_active"",""new_value"":""patched""}"
2042,136,82,updated,2026-02-16 08:23:00,"{""field"":""title"",""new_value"":""promoted""}"
2043,734,347,updated,2025-07-26 02:02:59,"{""field"":""title"",""new_value"":""quieted""}"
2044,135,80,updated,2025-08-17 03:43:45,"{""field"":""title"",""new_value"":""archived""}"
2045,815,246,updated,2025-09-28 08:11:52,"{""field"":""original_url"",""new_value"":""https://hackstack.io/pioneer/6121""}"
2046,1982,282,updated,2025-12-19 03:08:11,"{""field"":""is_active"",""new_value"":""rotated""}"
2047,23,111,updated,2025-03-31 12:54:45,"{""field"":""title"",""new_value"":""boosted""}"
2048,1591,242,updated,2025-12-13 04:59:33,"{""field"":""original_url"",""new_value"":""https://hackstack.io/window/3933""}"
2049,44,14,updated,2025-05-26 04:54:23,"{""field"":""title"",""new_value"":""refined""}"
2050,1420,374,updated,2025-09-19 05:10:01,"{""field"":""original_url"",""new_value"":""https://example.com/garden/5504""}"
2051,1573,143,updated,2025-09-07 21:38:19,"{""field"":""title"",""new_value"":""archived""}"
2052,1534,65,updated,2025-03-22 13:17:44,"{""field"":""original_url"",""new_value"":""https://seeded.app/field/1824""}"
2053,670,73,updated,2025-06-29 14:10:37,"{""field"":""is_active"",""new_value"":""boosted""}"
2054,1774,235,updated,2025-05-09 18:33:39,"{""field"":""is_active"",""new_value"":""refined""}"
2055,583,58,updated,2025-01-31 00:16:53,"{""field"":""original_url"",""new_value"":""https://acme.dev/pioneer/2591""}"
2056,1570,371,updated,2025-04-11 19:01:44,"{""field"":""title"",""new_value"":""patched""}"
2057,1942,275,updated,2025-12-03 16:38:23,"{""field"":""is_active"",""new_value"":""rotated""}"
2058,524,221,updated,2025-04-09 17:33:34,"{""field"":""title"",""new_value"":""boosted""}"
2059,1226,167,updated,2025-07-26 05:00:35,"{""field"":""is_active"",""new_value"":""rerouted""}"
2060,1595,90,updated,2025-04-30 17:42:53,"{""field"":""title"",""new_value"":""rotated""}"
2061,624,327,updated,2025-01-01 08:45:06,"{""field"":""original_url"",""new_value"":""https://seeded.app/field/9861""}"
2062,855,37,updated,2025-10-09 14:14:11,"{""field"":""is_active"",""new_value"":""quieted""}"
2063,559,196,updated,2025-01-13 07:23:14,"{""field"":""original_url"",""new_value"":""https://acme.dev/zenith/3889""}"
2064,1556,171,updated,2025-08-13 07:59:49,"{""field"":""is_active"",""new_value"":""rerouted""}"
2065,322,87,updated,2025-10-09 23:27:32,"{""field"":""original_url"",""new_value"":""https://seeded.app/network/3204""}"
2066,1152,224,updated,2025-12-04 16:58:59,"{""field"":""original_url"",""new_value"":""https://seeded.app/zenith/1647""}"
2067,813,287,updated,2025-10-13 19:55:58,"{""field"":""is_active"",""new_value"":""refined""}"
2068,991,372,updated,2026-01-19 05:14:51,"{""field"":""title"",""new_value"":""rotated""}"
2069,1135,166,updated,2025-02-07 01:33:11,"{""field"":""is_active"",""new_value"":""refined""}"
2070,689,163,updated,2025-07-27 08:18:59,"{""field"":""is_active"",""new_value"":""rerouted""}"
2071,1001,141,updated,2026-01-30 15:29:28,"{""field"":""title"",""new_value"":""promoted""}"
2072,1706,168,updated,2025-08-11 20:53:14,"{""field"":""original_url"",""new_value"":""https://acme.dev/journey/7823""}"
2073,961,111,updated,2025-06-08 01:20:31,"{""field"":""is_active"",""new_value"":""rerouted""}"
2074,98,282,updated,2025-03-22 15:14:03,"{""field"":""title"",""new_value"":""rotated""}"
2075,1320,37,updated,2025-05-05 17:16:49,"{""field"":""title"",""new_value"":""rerouted""}"
2076,759,65,updated,2025-07-04 05:53:45,"{""field"":""title"",""new_value"":""rotated""}"
2077,457,164,updated,2026-01-17 07:46:42,"{""field"":""title"",""new_value"":""archived""}"
2078,474,18,updated,2025-03-15 23:05:02,"{""field"":""title"",""new_value"":""rerouted""}"
2079,1047,19,updated,2025-07-28 12:15:08,"{""field"":""is_active"",""new_value"":""archived""}"
2080,1761,104,updated,2025-01-25 00:15:06,"{""field"":""title"",""new_value"":""promoted""}"
2081,1949,213,updated,2025-08-25 13:40:36,"{""field"":""is_active"",""new_value"":""refined""}"
2082,1935,2,updated,2025-06-21 07:12:55,"{""field"":""is_active"",""new_value"":""refined""}"
2083,1164,376,updated,2025-10-15 05:39:36,"{""field"":""title"",""new_value"":""boosted""}"
2084,1389,252,updated,2025-02-23 09:45:50,"{""field"":""title"",""new_value"":""quieted""}"
2085,72,350,updated,2025-05-28 10:20:26,"{""field"":""is_active"",""new_value"":""promoted""}"
2086,1134,37,updated,2025-04-12 03:44:35,"{""field"":""is_active"",""new_value"":""boosted""}"
2087,290,105,updated,2025-11-10 05:11:12,"{""field"":""title"",""new_value"":""promoted""}"
2088,1332,235,updated,2025-12-07 19:36:27,"{""field"":""original_url"",""new_value"":""https://hackstack.io/harvest/5939""}"
2089,1828,184,updated,2025-08-04 22:57:18,"{""field"":""original_url"",""new_value"":""https://opswise.net/signal/5262""}"
2090,161,199,updated,2025-11-04 06:51:01,"{""field"":""is_active"",""new_value"":""boosted""}"
2091,1552,160,updated,2025-12-05 11:02:39,"{""field"":""is_active"",""new_value"":""rerouted""}"
2092,368,126,updated,2025-02-24 21:05:55,"{""field"":""title"",""new_value"":""refined""}"
2093,705,134,updated,2025-02-13 18:47:44,"{""field"":""title"",""new_value"":""quieted""}"
2094,1965,90,updated,2026-02-13 09:22:18,"{""field"":""original_url"",""new_value"":""https://example.com/yard/7500""}"
2095,1559,224,updated,2026-02-17 07:10:00,"{""field"":""title"",""new_value"":""refined""}"
2096,634,115,updated,2026-01-31 05:22:53,"{""field"":""title"",""new_value"":""refined""}"
2097,674,214,updated,2025-05-28 23:12:59,"{""field"":""title"",""new_value"":""refined""}"
2098,336,2,updated,2026-01-20 04:33:55,"{""field"":""original_url"",""new_value"":""https://opswise.net/window/5849""}"
2099,827,108,updated,2025-12-22 15:07:49,"{""field"":""title"",""new_value"":""archived""}"
2100,1529,1,updated,2025-08-30 06:00:01,"{""field"":""title"",""new_value"":""rerouted""}"
2101,1167,274,updated,2025-02-18 12:39:48,"{""field"":""is_active"",""new_value"":""archived""}"
2102,1628,143,updated,2025-03-15 13:19:14,"{""field"":""original_url"",""new_value"":""https://seeded.app/uplink/9240""}"
2103,1495,361,updated,2025-01-03 15:00:20,"{""field"":""original_url"",""new_value"":""https://example.com/delta/2462""}"
2104,1640,226,updated,2025-03-26 16:53:55,"{""field"":""is_active"",""new_value"":""archived""}"
2105,1847,131,updated,2025-06-14 15:00:14,"{""field"":""is_active"",""new_value"":""promoted""}"
2106,197,311,updated,2025-02-03 19:28:34,"{""field"":""is_active"",""new_value"":""promoted""}"
2107,625,323,updated,2025-03-22 11:50:48,"{""field"":""original_url"",""new_value"":""https://hackstack.io/delta/5377""}"
2108,1858,309,updated,2025-09-20 15:31:48,"{""field"":""title"",""new_value"":""promoted""}"
2109,1613,51,updated,2025-05-23 21:26:02,"{""field"":""is_active"",""new_value"":""archived""}"
2110,669,266,updated,2026-02-18 04:00:06,"{""field"":""is_active"",""new_value"":""patched""}"
2111,1666,64,updated,2025-08-26 00:08:19,"{""field"":""title"",""new_value"":""boosted""}"
2112,1026,57,updated,2025-09-03 15:04:32,"{""field"":""title"",""new_value"":""refined""}"
2113,1608,289,updated,2025-12-29 20:39:33,"{""field"":""original_url"",""new_value"":""https://opswise.net/garden/8710""}"
2114,1093,290,updated,2025-04-15 06:07:51,"{""field"":""original_url"",""new_value"":""https://seeded.app/island/7011""}"
2115,1243,302,updated,2025-09-25 12:58:21,"{""field"":""original_url"",""new_value"":""https://seeded.app/journey/3840""}"
2116,1209,3,updated,2025-02-11 19:12:51,"{""field"":""is_active"",""new_value"":""patched""}"
2117,1826,68,updated,2025-02-16 17:52:28,"{""field"":""original_url"",""new_value"":""https://seeded.app/yard/2323""}"
2118,33,170,updated,2025-07-03 03:56:25,"{""field"":""title"",""new_value"":""rotated""}"
2119,846,326,updated,2025-05-31 07:14:21,"{""field"":""original_url"",""new_value"":""https://acme.dev/garden/5243""}"
2120,973,188,updated,2025-04-04 11:27:51,"{""field"":""original_url"",""new_value"":""https://relay.cloud/delta/2337""}"
2121,1806,178,updated,2025-09-08 09:14:20,"{""field"":""title"",""new_value"":""archived""}"
2122,1090,389,updated,2025-07-24 04:15:56,"{""field"":""is_active"",""new_value"":""rerouted""}"
2123,575,261,updated,2025-06-12 15:44:06,"{""field"":""is_active"",""new_value"":""rotated""}"
2124,1006,118,updated,2025-10-17 03:12:46,"{""field"":""is_active"",""new_value"":""rerouted""}"
2125,1182,283,updated,2025-10-10 10:39:42,"{""field"":""original_url"",""new_value"":""https://hackstack.io/canyon/432""}"
2126,639,133,updated,2025-07-10 11:45:00,"{""field"":""original_url"",""new_value"":""https://example.com/delta/5795""}"
2127,887,14,updated,2025-05-27 15:15:27,"{""field"":""is_active"",""new_value"":""archived""}"
2128,1388,137,updated,2025-02-07 04:15:05,"{""field"":""original_url"",""new_value"":""https://acme.dev/canyon/951""}"
2129,707,248,updated,2025-04-28 18:31:47,"{""field"":""original_url"",""new_value"":""https://relay.cloud/garden/4806""}"
2130,1642,119,updated,2025-10-23 00:48:04,"{""field"":""title"",""new_value"":""boosted""}"
2131,1836,118,updated,2025-02-11 06:00:09,"{""field"":""title"",""new_value"":""quieted""}"
2132,1921,1,updated,2025-11-10 13:43:38,"{""field"":""is_active"",""new_value"":""promoted""}"
2133,1101,334,updated,2025-09-04 13:05:49,"{""field"":""original_url"",""new_value"":""https://example.com/signal/4382""}"
2134,528,283,updated,2025-04-10 02:42:16,"{""field"":""original_url"",""new_value"":""https://opswise.net/beacon/7806""}"
2135,1157,341,updated,2025-01-17 12:10:47,"{""field"":""is_active"",""new_value"":""patched""}"
2136,541,367,updated,2025-01-06 18:39:39,"{""field"":""is_active"",""new_value"":""rerouted""}"
2137,1295,15,updated,2025-09-29 13:07:48,"{""field"":""title"",""new_value"":""rotated""}"
2138,422,350,updated,2025-11-24 13:47:50,"{""field"":""is_active"",""new_value"":""rotated""}"
2139,3,330,updated,2025-05-28 17:13:39,"{""field"":""original_url"",""new_value"":""https://hackstack.io/signal/5482""}"
2140,1023,95,updated,2025-11-08 22:51:38,"{""field"":""is_active"",""new_value"":""rotated""}"
2141,253,315,updated,2025-06-02 06:46:02,"{""field"":""is_active"",""new_value"":""patched""}"
2142,192,388,updated,2025-08-09 23:53:11,"{""field"":""original_url"",""new_value"":""https://relay.cloud/meadow/5970""}"
2143,752,231,updated,2025-03-30 22:21:34,"{""field"":""original_url"",""new_value"":""https://opswise.net/river/9846""}"
2144,419,200,updated,2025-05-29 07:02:01,"{""field"":""title"",""new_value"":""promoted""}"
2145,1857,391,updated,2025-05-01 18:54:23,"{""field"":""original_url"",""new_value"":""https://acme.dev/beacon/8707""}"
2146,644,352,updated,2026-01-02 15:29:59,"{""field"":""original_url"",""new_value"":""https://relay.cloud/river/8947""}"
2147,814,184,updated,2025-07-13 05:14:07,"{""field"":""is_active"",""new_value"":""archived""}"
2148,1565,224,updated,2025-08-07 03:42:41,"{""field"":""original_url"",""new_value"":""https://relay.cloud/engine/4776""}"
2149,446,398,updated,2026-01-09 13:39:58,"{""field"":""is_active"",""new_value"":""rotated""}"
2150,209,70,updated,2025-01-09 01:30:46,"{""field"":""title"",""new_value"":""quieted""}"
2151,1477,229,updated,2026-02-27 13:19:02,"{""field"":""title"",""new_value"":""rotated""}"
2152,1479,186,updated,2025-03-11 11:13:35,"{""field"":""original_url"",""new_value"":""https://acme.dev/network/859""}"
2153,531,220,updated,2025-04-21 06:14:49,"{""field"":""is_active"",""new_value"":""rotated""}"
2154,1818,194,updated,2025-05-26 08:18:34,"{""field"":""is_active"",""new_value"":""rotated""}"
2155,676,386,updated,2026-02-04 09:03:49,"{""field"":""title"",""new_value"":""rerouted""}"
2156,1709,120,updated,2025-12-11 13:31:58,"{""field"":""title"",""new_value"":""promoted""}"
2157,1210,18,updated,2025-01-27 01:33:10,"{""field"":""original_url"",""new_value"":""https://example.com/river/8364""}"
2158,1153,173,updated,2025-05-20 09:07:31,"{""field"":""title"",""new_value"":""promoted""}"
2159,330,180,updated,2026-01-18 16:01:53,"{""field"":""is_active"",""new_value"":""promoted""}"
2160,696,262,updated,2025-06-25 11:02:28,"{""field"":""title"",""new_value"":""patched""}"
2161,234,164,updated,2025-12-27 22:50:30,"{""field"":""title"",""new_value"":""boosted""}"
2162,355,257,updated,2025-08-24 21:30:22,"{""field"":""is_active"",""new_value"":""refined""}"
2163,1436,333,updated,2026-01-14 21:11:57,"{""field"":""title"",""new_value"":""boosted""}"
2164,1657,119,updated,2025-06-09 13:51:33,"{""field"":""title"",""new_value"":""rotated""}"
2165,1452,88,updated,2025-05-09 01:51:58,"{""field"":""original_url"",""new_value"":""https://acme.dev/garden/7839""}"
2166,1525,188,updated,2026-02-24 02:02:28,"{""field"":""is_active"",""new_value"":""quieted""}"
2167,1018,236,updated,2025-11-28 21:41:14,"{""field"":""is_active"",""new_value"":""promoted""}"
2168,727,384,updated,2025-08-25 03:19:58,"{""field"":""is_active"",""new_value"":""boosted""}"
2169,1521,262,updated,2025-10-08 17:06:08,"{""field"":""is_active"",""new_value"":""rerouted""}"
2170,1906,361,updated,2026-01-11 07:26:00,"{""field"":""title"",""new_value"":""quieted""}"
2171,571,308,updated,2025-11-26 03:31:41,"{""field"":""is_active"",""new_value"":""boosted""}"
2172,1049,66,updated,2025-06-12 02:11:01,"{""field"":""is_active"",""new_value"":""rerouted""}"
2173,1255,365,updated,2025-11-11 20:01:29,"{""field"":""is_active"",""new_value"":""quieted""}"
2174,578,75,updated,2025-03-27 06:52:11,"{""field"":""original_url"",""new_value"":""https://opswise.net/river/5304""}"
2175,130,247,updated,2026-01-05 02:32:09,"{""field"":""original_url"",""new_value"":""https://hackstack.io/meadow/229""}"
2176,680,178,updated,2025-05-20 17:18:54,"{""field"":""is_active"",""new_value"":""archived""}"
2177,137,28,updated,2025-07-12 22:55:52,"{""field"":""is_active"",""new_value"":""archived""}"
2178,491,248,updated,2025-11-30 03:18:08,"{""field"":""original_url"",""new_value"":""https://opswise.net/window/9644""}"
2179,1397,112,updated,2025-06-08 03:27:39,"{""field"":""original_url"",""new_value"":""https://seeded.app/signal/7603""}"
2180,1253,94,updated,2025-02-10 08:07:13,"{""field"":""is_active"",""new_value"":""refined""}"
2181,1545,312,updated,2025-10-01 07:10:15,"{""field"":""is_active"",""new_value"":""promoted""}"
2182,7,288,updated,2025-09-09 00:56:06,"{""field"":""original_url"",""new_value"":""https://acme.dev/trail/7292""}"
2183,1089,261,updated,2025-02-23 12:27:53,"{""field"":""original_url"",""new_value"":""https://example.com/uplink/6868""}"
2184,1913,339,updated,2025-11-05 05:50:14,"{""field"":""original_url"",""new_value"":""https://example.com/meadow/2559""}"
2185,1796,104,updated,2025-10-22 15:07:13,"{""field"":""title"",""new_value"":""rerouted""}"
2186,525,86,updated,2025-02-06 02:40:17,"{""field"":""is_active"",""new_value"":""quieted""}"
2187,57,108,updated,2025-10-29 00:04:47,"{""field"":""is_active"",""new_value"":""boosted""}"
2188,433,322,updated,2025-03-25 11:04:28,"{""field"":""original_url"",""new_value"":""https://acme.dev/harvest/6223""}"
2189,1189,295,updated,2025-07-12 11:25:38,"{""field"":""is_active"",""new_value"":""archived""}"
2190,54,99,updated,2025-05-05 12:49:13,"{""field"":""is_active"",""new_value"":""boosted""}"
2191,287,189,updated,2025-05-10 05:56:42,"{""field"":""original_url"",""new_value"":""https://example.com/delta/1880""}"
2192,1726,75,updated,2025-09-01 13:42:42,"{""field"":""is_active"",""new_value"":""rerouted""}"
2193,49,347,updated,2025-03-25 11:50:30,"{""field"":""original_url"",""new_value"":""https://relay.cloud/orbit/1015""}"
2194,1399,204,updated,2025-06-10 20:20:07,"{""field"":""title"",""new_value"":""patched""}"
2195,1147,126,updated,2025-12-09 06:12:04,"{""field"":""title"",""new_value"":""promoted""}"
2196,219,173,updated,2025-01-10 03:47:29,"{""field"":""title"",""new_value"":""archived""}"
2197,1829,33,updated,2025-11-11 01:25:33,"{""field"":""is_active"",""new_value"":""quieted""}"
2198,458,400,updated,2025-04-08 08:26:57,"{""field"":""original_url"",""new_value"":""https://hackstack.io/delta/5027""}"
2199,1051,201,updated,2025-07-01 19:42:33,"{""field"":""title"",""new_value"":""quieted""}"
2200,1669,173,updated,2025-12-14 21:21:38,"{""field"":""title"",""new_value"":""refined""}"
2201,1311,310,updated,2025-10-30 22:01:26,"{""field"":""is_active"",""new_value"":""rerouted""}"
2202,402,187,updated,2026-02-18 09:38:45,"{""field"":""is_active"",""new_value"":""archived""}"
2203,121,65,updated,2025-08-26 16:51:15,"{""field"":""title"",""new_value"":""archived""}"
2204,233,233,updated,2025-05-29 22:37:14,"{""field"":""original_url"",""new_value"":""https://relay.cloud/trail/3050""}"
2205,704,73,updated,2025-10-03 07:39:40,"{""field"":""title"",""new_value"":""refined""}"
2206,607,133,updated,2025-03-24 02:08:59,"{""field"":""is_active"",""new_value"":""promoted""}"
2207,1611,82,updated,2025-04-06 10:34:13,"{""field"":""title"",""new_value"":""rerouted""}"
2208,539,170,updated,2025-09-12 13:02:36,"{""field"":""title"",""new_value"":""refined""}"
2209,1155,194,updated,2025-10-16 14:17:27,"{""field"":""original_url"",""new_value"":""https://example.com/delta/4285""}"
2210,619,46,updated,2025-11-05 18:33:35,"{""field"":""original_url"",""new_value"":""https://opswise.net/garden/2487""}"
2211,1987,346,updated,2025-09-02 04:37:37,"{""field"":""is_active"",""new_value"":""rotated""}"
2212,370,77,updated,2025-10-04 05:07:26,"{""field"":""is_active"",""new_value"":""rerouted""}"
2213,1340,301,updated,2025-03-27 22:04:16,"{""field"":""title"",""new_value"":""rerouted""}"
2214,399,235,updated,2025-01-15 07:42:32,"{""field"":""title"",""new_value"":""rerouted""}"
2215,150,92,updated,2025-11-08 00:29:13,"{""field"":""original_url"",""new_value"":""https://hackstack.io/signal/244""}"
2216,268,7,updated,2025-01-18 09:30:40,"{""field"":""original_url"",""new_value"":""https://seeded.app/signal/1670""}"
2217,595,167,updated,2025-04-23 08:21:27,"{""field"":""title"",""new_value"":""archived""}"
2218,550,79,updated,2025-09-12 02:28:29,"{""field"":""title"",""new_value"":""promoted""}"
2219,276,204,updated,2025-03-22 12:01:08,"{""field"":""is_active"",""new_value"":""quieted""}"
2220,20,116,updated,2025-05-15 00:30:13,"{""field"":""original_url"",""new_value"":""https://acme.dev/window/9797""}"
2221,663,165,updated,2025-03-13 09:17:16,"{""field"":""original_url"",""new_value"":""https://acme.dev/yard/363""}"
2222,29,181,updated,2025-01-06 08:12:23,"{""field"":""original_url"",""new_value"":""https://hackstack.io/yard/3666""}"
2223,177,171,updated,2025-06-19 00:04:44,"{""field"":""is_active"",""new_value"":""refined""}"
2224,799,365,updated,2025-06-11 23:24:24,"{""field"":""is_active"",""new_value"":""promoted""}"
2225,1703,352,updated,2025-04-18 07:00:29,"{""field"":""title"",""new_value"":""promoted""}"
2226,1814,179,updated,2025-12-20 23:30:13,"{""field"":""is_active"",""new_value"":""rotated""}"
2227,1457,170,updated,2025-01-14 21:39:40,"{""field"":""original_url"",""new_value"":""https://opswise.net/meadow/298""}"
2228,547,82,updated,2025-08-07 15:35:26,"{""field"":""title"",""new_value"":""archived""}"
2229,706,85,updated,2025-06-11 14:28:24,"{""field"":""is_active"",""new_value"":""quieted""}"
2230,100,211,updated,2025-03-13 22:53:58,"{""field"":""is_active"",""new_value"":""archived""}"
2231,259,171,updated,2026-02-03 10:52:21,"{""field"":""title"",""new_value"":""promoted""}"
2232,1950,284,updated,2025-11-22 00:45:03,"{""field"":""title"",""new_value"":""rerouted""}"
2233,13,233,updated,2026-02-17 12:34:52,"{""field"":""title"",""new_value"":""archived""}"
2234,1864,169,updated,2025-06-30 18:41:50,"{""field"":""is_active"",""new_value"":""promoted""}"
2235,19,386,updated,2025-08-31 09:39:40,"{""field"":""original_url"",""new_value"":""https://relay.cloud/island/2094""}"
2236,1129,156,updated,2025-02-14 17:20:45,"{""field"":""original_url"",""new_value"":""https://relay.cloud/valley/5998""}"
2237,437,207,updated,2025-08-09 22:08:32,"{""field"":""title"",""new_value"":""rerouted""}"
2238,16,354,updated,2025-11-17 15:55:28,"{""field"":""is_active"",""new_value"":""promoted""}"
2239,1480,107,updated,2025-08-31 12:02:39,"{""field"":""original_url"",""new_value"":""https://opswise.net/meadow/4907""}"
2240,70,16,updated,2026-02-08 05:07:48,"{""field"":""original_url"",""new_value"":""https://opswise.net/kernel/8059""}"
2241,1650,373,updated,2025-06-21 08:17:52,"{""field"":""title"",""new_value"":""boosted""}"
2242,326,55,updated,2025-04-29 05:45:02,"{""field"":""original_url"",""new_value"":""https://relay.cloud/engine/587""}"
2243,513,288,updated,2025-09-29 16:18:46,"{""field"":""original_url"",""new_value"":""https://example.com/yard/528""}"
2244,1304,36,updated,2025-11-12 13:01:51,"{""field"":""is_active"",""new_value"":""archived""}"
2245,1039,357,updated,2025-01-23 13:26:12,"{""field"":""title"",""new_value"":""promoted""}"
2246,1715,353,updated,2026-02-12 14:29:24,"{""field"":""title"",""new_value"":""rotated""}"
2247,1601,262,updated,2025-11-16 20:53:00,"{""field"":""is_active"",""new_value"":""refined""}"
2248,800,181,updated,2025-10-26 15:30:37,"{""field"":""original_url"",""new_value"":""https://opswise.net/trail/9986""}"
2249,1918,170,updated,2026-01-25 13:35:15,"{""field"":""original_url"",""new_value"":""https://relay.cloud/lagoon/8315""}"
2250,481,210,updated,2025-01-01 20:45:32,"{""field"":""title"",""new_value"":""archived""}"
2251,1343,350,updated,2026-02-08 09:37:54,"{""field"":""is_active"",""new_value"":""boosted""}"
2252,73,90,updated,2025-10-17 12:54:07,"{""field"":""original_url"",""new_value"":""https://relay.cloud/river/7736""}"
2253,1896,218,updated,2025-02-08 15:18:58,"{""field"":""is_active"",""new_value"":""boosted""}"
2254,435,212,updated,2025-05-29 09:48:04,"{""field"":""title"",""new_value"":""rotated""}"
2255,1506,72,updated,2026-02-25 10:52:24,"{""field"":""original_url"",""new_value"":""https://relay.cloud/zenith/5628""}"
2256,1753,152,updated,2025-07-16 04:35:21,"{""field"":""title"",""new_value"":""patched""}"
2257,1744,390,updated,2025-08-19 06:21:18,"{""field"":""title"",""new_value"":""archived""}"
2258,340,136,updated,2025-07-28 08:46:40,"{""field"":""is_active"",""new_value"":""refined""}"
2259,1938,296,updated,2025-03-15 21:07:53,"{""field"":""original_url"",""new_value"":""https://example.com/river/7818""}"
2260,861,158,updated,2025-10-07 21:23:03,"{""field"":""original_url"",""new_value"":""https://acme.dev/orbit/6867""}"
2261,1324,93,updated,2025-08-26 19:01:45,"{""field"":""title"",""new_value"":""archived""}"
2262,572,262,updated,2025-08-13 10:25:07,"{""field"":""original_url"",""new_value"":""https://hackstack.io/signal/3400""}"
2263,71,123,updated,2025-01-15 00:41:27,"{""field"":""title"",""new_value"":""archived""}"
2264,1175,151,updated,2025-09-02 04:23:14,"{""field"":""title"",""new_value"":""archived""}"
2265,1247,126,updated,2026-02-17 02:14:45,"{""field"":""original_url"",""new_value"":""https://acme.dev/garden/3387""}"
2266,1450,396,updated,2025-05-23 04:19:26,"{""field"":""is_active"",""new_value"":""refined""}"
2267,1515,283,updated,2025-08-23 07:54:32,"{""field"":""is_active"",""new_value"":""rotated""}"
2268,1240,236,updated,2025-08-08 00:02:46,"{""field"":""original_url"",""new_value"":""https://acme.dev/uplink/5004""}"
2269,1019,249,updated,2025-09-29 18:34:35,"{""field"":""title"",""new_value"":""boosted""}"
2270,1242,133,updated,2025-02-06 23:08:27,"{""field"":""title"",""new_value"":""refined""}"
2271,1154,363,updated,2025-01-22 01:32:37,"{""field"":""title"",""new_value"":""rotated""}"
2272,1899,396,updated,2025-07-31 22:38:57,"{""field"":""title"",""new_value"":""archived""}"
2273,1483,27,updated,2025-10-07 00:13:12,"{""field"":""title"",""new_value"":""archived""}"
2274,1061,140,updated,2025-04-22 19:19:22,"{""field"":""title"",""new_value"":""rerouted""}"
2275,184,398,updated,2026-02-20 16:06:03,"{""field"":""original_url"",""new_value"":""https://opswise.net/orbit/8649""}"
2276,1232,350,updated,2025-01-30 07:01:05,"{""field"":""title"",""new_value"":""promoted""}"
2277,47,346,updated,2025-12-18 02:26:16,"{""field"":""original_url"",""new_value"":""https://seeded.app/kernel/2121""}"
2278,64,40,updated,2026-02-07 22:37:35,"{""field"":""original_url"",""new_value"":""https://example.com/uplink/7619""}"
2279,886,244,updated,2025-04-23 04:11:29,"{""field"":""original_url"",""new_value"":""https://acme.dev/canyon/7835""}"
2280,1504,161,updated,2025-05-30 21:07:22,"{""field"":""is_active"",""new_value"":""archived""}"
2281,241,371,updated,2025-09-18 22:48:36,"{""field"":""title"",""new_value"":""quieted""}"
2282,1713,344,updated,2025-02-19 09:32:27,"{""field"":""original_url"",""new_value"":""https://seeded.app/lagoon/8295""}"
2283,1646,38,updated,2025-12-21 19:57:30,"{""field"":""is_active"",""new_value"":""rotated""}"
2284,1225,269,updated,2025-12-06 10:47:06,"{""field"":""title"",""new_value"":""refined""}"
2285,593,258,updated,2025-06-30 08:18:05,"{""field"":""is_active"",""new_value"":""boosted""}"
2286,784,22,updated,2025-03-07 16:22:08,"{""field"":""title"",""new_value"":""refined""}"
2287,1738,296,updated,2025-02-11 13:23:03,"{""field"":""original_url"",""new_value"":""https://relay.cloud/zenith/2983""}"
2288,1102,134,updated,2025-03-28 04:03:49,"{""field"":""original_url"",""new_value"":""https://acme.dev/trail/9689""}"
2289,1831,42,updated,2025-03-13 06:11:12,"{""field"":""is_active"",""new_value"":""boosted""}"
2290,664,86,updated,2025-02-21 08:30:34,"{""field"":""original_url"",""new_value"":""https://relay.cloud/river/2189""}"
2291,1863,115,updated,2025-09-05 10:57:18,"{""field"":""title"",""new_value"":""rerouted""}"
2292,1882,227,updated,2026-02-27 07:09:04,"{""field"":""is_active"",""new_value"":""promoted""}"
2293,360,301,updated,2025-03-25 14:29:34,"{""field"":""title"",""new_value"":""archived""}"
2294,984,161,updated,2025-04-16 08:34:52,"{""field"":""original_url"",""new_value"":""https://example.com/engine/7736""}"
2295,613,202,updated,2026-01-26 04:14:49,"{""field"":""original_url"",""new_value"":""https://hackstack.io/engine/7321""}"
2296,465,27,updated,2025-01-29 15:49:30,"{""field"":""title"",""new_value"":""rerouted""}"
2297,1275,397,updated,2026-02-14 23:03:04,"{""field"":""is_active"",""new_value"":""rerouted""}"
2298,990,240,updated,2026-01-16 11:32:50,"{""field"":""original_url"",""new_value"":""https://hackstack.io/engine/7802""}"
2299,762,114,updated,2025-05-26 08:35:59,"{""field"":""is_active"",""new_value"":""rerouted""}"
2300,667,142,updated,2025-05-17 10:55:15,"{""field"":""original_url"",""new_value"":""https://hackstack.io/orbit/3916""}"
2301,499,287,updated,2026-02-23 00:33:39,"{""field"":""title"",""new_value"":""patched""}"
2302,1619,30,updated,2025-05-20 08:42:28,"{""field"":""title"",""new_value"":""patched""}"
2303,926,357,updated,2025-01-07 09:57:32,"{""field"":""title"",""new_value"":""rerouted""}"
2304,1470,209,updated,2026-02-27 18:37:11,"{""field"":""is_active"",""new_value"":""boosted""}"
2305,1036,48,updated,2025-10-23 23:01:42,"{""field"":""title"",""new_value"":""boosted""}"
2306,118,27,updated,2025-12-14 17:46:43,"{""field"":""title"",""new_value"":""refined""}"
2307,745,314,updated,2025-10-24 07:15:32,"{""field"":""is_active"",""new_value"":""rotated""}"
2308,237,351,updated,2025-08-05 10:44:59,"{""field"":""title"",""new_value"":""rerouted""}"
2309,765,305,updated,2025-02-24 06:51:50,"{""field"":""original_url"",""new_value"":""https://example.com/meadow/4391""}"
2310,659,236,updated,2025-10-14 05:37:00,"{""field"":""is_active"",""new_value"":""rerouted""}"
2311,1412,48,updated,2025-08-01 01:59:45,"{""field"":""title"",""new_value"":""promoted""}"
2312,665,89,updated,2026-01-12 00:49:34,"{""field"":""title"",""new_value"":""quieted""}"
2313,51,164,updated,2025-08-05 15:16:39,"{""field"":""original_url"",""new_value"":""https://opswise.net/zenith/9483""}"
2314,1680,280,updated,2025-10-24 17:50:02,"{""field"":""original_url"",""new_value"":""https://hackstack.io/delta/8722""}"
2315,1348,144,updated,2025-06-08 21:48:42,"{""field"":""is_active"",""new_value"":""quieted""}"
2316,1137,250,updated,2025-01-01 01:36:53,"{""field"":""is_active"",""new_value"":""refined""}"
2317,1850,356,updated,2025-04-23 16:33:46,"{""field"":""title"",""new_value"":""quieted""}"
2318,328,325,updated,2025-10-09 18:24:41,"{""field"":""is_active"",""new_value"":""patched""}"
2319,934,67,updated,2025-01-16 21:07:00,"{""field"":""title"",""new_value"":""rotated""}"
2320,1421,252,updated,2025-02-18 16:57:32,"{""field"":""original_url"",""new_value"":""https://opswise.net/uplink/6840""}"
2321,343,369,updated,2025-10-01 20:24:58,"{""field"":""title"",""new_value"":""rerouted""}"
2322,1468,203,updated,2025-02-05 21:31:14,"{""field"":""is_active"",""new_value"":""boosted""}"
2323,510,101,updated,2025-04-16 11:46:26,"{""field"":""is_active"",""new_value"":""archived""}"
2324,584,81,updated,2025-03-28 07:01:23,"{""field"":""original_url"",""new_value"":""https://hackstack.io/river/8526""}"
2325,703,321,updated,2025-01-25 17:16:33,"{""field"":""title"",""new_value"":""archived""}"
2326,612,177,updated,2025-06-29 19:00:08,"{""field"":""is_active"",""new_value"":""promoted""}"
2327,333,329,updated,2025-02-24 14:11:58,"{""field"":""is_active"",""new_value"":""rotated""}"
2328,317,309,updated,2025-05-10 18:16:48,"{""field"":""original_url"",""new_value"":""https://seeded.app/engine/7323""}"
2329,1751,400,updated,2025-06-14 15:00:48,"{""field"":""original_url"",""new_value"":""https://seeded.app/orbit/6950""}"
2330,919,77,updated,2026-01-05 17:37:38,"{""field"":""title"",""new_value"":""archived""}"
2331,1807,271,updated,2025-01-29 15:25:08,"{""field"":""original_url"",""new_value"":""https://example.com/beacon/8407""}"
2332,963,365,updated,2025-12-07 12:24:53,"{""field"":""is_active"",""new_value"":""rerouted""}"
2333,1146,281,updated,2025-12-19 01:02:05,"{""field"":""title"",""new_value"":""rotated""}"
2334,1641,296,updated,2025-05-31 13:01:53,"{""field"":""is_active"",""new_value"":""quieted""}"
2335,835,365,updated,2025-02-27 04:43:03,"{""field"":""original_url"",""new_value"":""https://hackstack.io/island/3212""}"
2336,316,286,updated,2025-07-20 01:39:41,"{""field"":""title"",""new_value"":""patched""}"
2337,1486,140,updated,2026-02-23 18:48:39,"{""field"":""original_url"",""new_value"":""https://hackstack.io/lagoon/8326""}"
2338,730,281,updated,2025-12-23 13:15:22,"{""field"":""is_active"",""new_value"":""archived""}"
2339,1312,332,updated,2025-06-21 04:36:09,"{""field"":""is_active"",""new_value"":""rotated""}"
2340,972,354,updated,2025-04-03 06:50:31,"{""field"":""is_active"",""new_value"":""refined""}"
2341,1097,393,updated,2026-01-29 05:56:28,"{""field"":""is_active"",""new_value"":""patched""}"
2342,560,53,updated,2026-01-29 00:23:43,"{""field"":""title"",""new_value"":""rotated""}"
2343,207,2,updated,2025-12-21 10:17:21,"{""field"":""is_active"",""new_value"":""promoted""}"
2344,240,197,updated,2025-09-15 19:28:47,"{""field"":""title"",""new_value"":""archived""}"
2345,366,370,updated,2025-01-22 00:51:18,"{""field"":""is_active"",""new_value"":""promoted""}"
2346,172,207,updated,2025-08-25 12:57:56,"{""field"":""original_url"",""new_value"":""https://seeded.app/uplink/8848""}"
2347,456,129,updated,2026-02-15 04:21:46,"{""field"":""title"",""new_value"":""rotated""}"
2348,266,128,updated,2025-03-18 12:40:57,"{""field"":""original_url"",""new_value"":""https://example.com/lagoon/5024""}"
2349,114,37,updated,2025-09-12 20:43:02,"{""field"":""original_url"",""new_value"":""https://relay.cloud/garden/3250""}"
2350,191,336,updated,2025-02-06 13:58:20,"{""field"":""original_url"",""new_value"":""https://relay.cloud/yard/5964""}"
2351,1526,65,updated,2025-03-26 11:07:52,"{""field"":""original_url"",""new_value"":""https://example.com/pioneer/5084""}"
2352,1408,107,updated,2025-09-10 12:16:22,"{""field"":""is_active"",""new_value"":""rerouted""}"
2353,561,364,updated,2025-04-29 22:09:43,"{""field"":""title"",""new_value"":""patched""}"
2354,1710,363,updated,2025-11-09 13:21:44,"{""field"":""original_url"",""new_value"":""https://opswise.net/island/9422""}"
2355,1204,229,updated,2025-06-28 00:53:53,"{""field"":""original_url"",""new_value"":""https://hackstack.io/network/6110""}"
2356,348,239,updated,2025-07-24 08:22:54,"{""field"":""original_url"",""new_value"":""https://opswise.net/harvest/6233""}"
2357,582,61,updated,2025-08-16 11:08:33,"{""field"":""title"",""new_value"":""rotated""}"
2358,1028,162,updated,2025-07-23 19:28:29,"{""field"":""title"",""new_value"":""rotated""}"
2359,104,51,updated,2025-02-08 02:53:25,"{""field"":""title"",""new_value"":""rerouted""}"
2360,302,134,updated,2025-07-16 10:04:56,"{""field"":""title"",""new_value"":""refined""}"
2361,719,345,updated,2025-06-15 09:43:57,"{""field"":""original_url"",""new_value"":""https://opswise.net/network/7720""}"
2362,1692,386,updated,2025-06-20 17:00:36,"{""field"":""title"",""new_value"":""promoted""}"
2363,311,106,updated,2025-10-20 04:14:07,"{""field"":""is_active"",""new_value"":""rotated""}"
2364,275,118,updated,2026-01-27 19:02:06,"{""field"":""is_active"",""new_value"":""quieted""}"
2365,723,34,updated,2025-06-13 19:59:19,"{""field"":""original_url"",""new_value"":""https://relay.cloud/river/1941""}"
2366,1686,87,updated,2026-01-03 04:43:54,"{""field"":""title"",""new_value"":""rerouted""}"
2367,554,198,updated,2026-01-02 07:27:04,"{""field"":""original_url"",""new_value"":""https://seeded.app/field/4778""}"
2368,380,2,updated,2025-09-17 11:22:47,"{""field"":""is_active"",""new_value"":""rerouted""}"
2369,1364,9,updated,2026-02-06 15:47:39,"{""field"":""title"",""new_value"":""archived""}"
2370,221,285,updated,2026-02-08 07:39:05,"{""field"":""original_url"",""new_value"":""https://relay.cloud/harvest/9730""}"
2371,1330,29,updated,2025-01-24 21:54:08,"{""field"":""original_url"",""new_value"":""https://seeded.app/quartz/8630""}"
2372,1048,94,updated,2026-01-08 13:17:29,"{""field"":""is_active"",""new_value"":""boosted""}"
2373,1267,284,updated,2025-11-10 22:13:06,"{""field"":""title"",""new_value"":""promoted""}"
2374,158,219,updated,2025-02-24 06:30:49,"{""field"":""original_url"",""new_value"":""https://acme.dev/yard/9479""}"
2375,916,321,updated,2025-02-21 11:43:20,"{""field"":""title"",""new_value"":""refined""}"
2376,1013,185,updated,2026-01-13 18:31:39,"{""field"":""is_active"",""new_value"":""quieted""}"
2377,181,233,updated,2025-04-20 18:12:29,"{""field"":""original_url"",""new_value"":""https://relay.cloud/lagoon/2950""}"
2378,434,278,updated,2025-03-19 18:45:06,"{""field"":""title"",""new_value"":""patched""}"
2379,198,31,updated,2025-03-06 02:43:38,"{""field"":""title"",""new_value"":""patched""}"
2380,1852,150,updated,2025-02-17 18:25:53,"{""field"":""is_active"",""new_value"":""refined""}"
2381,1589,395,updated,2025-07-16 00:11:30,"{""field"":""is_active"",""new_value"":""archived""}"
2382,944,193,updated,2025-05-27 08:14:30,"{""field"":""original_url"",""new_value"":""https://seeded.app/delta/7705""}"
2383,917,98,updated,2025-09-19 07:18:58,"{""field"":""title"",""new_value"":""patched""}"
2384,1626,35,updated,2025-10-22 11:59:13,"{""field"":""is_active"",""new_value"":""archived""}"
2385,909,22,updated,2025-02-19 22:24:03,"{""field"":""original_url"",""new_value"":""https://hackstack.io/quartz/2544""}"
2386,672,214,updated,2025-08-13 14:04:23,"{""field"":""is_active"",""new_value"":""refined""}"
2387,1787,352,updated,2025-11-15 19:09:50,"{""field"":""is_active"",""new_value"":""archived""}"
2388,1197,341,updated,2025-05-22 03:02:04,"{""field"":""is_active"",""new_value"":""boosted""}"
2389,425,301,updated,2025-01-11 07:23:27,"{""field"":""title"",""new_value"":""patched""}"
2390,38,390,updated,2025-05-01 18:28:22,"{""field"":""original_url"",""new_value"":""https://relay.cloud/canyon/4691""}"
2391,742,342,updated,2025-01-15 09:09:02,"{""field"":""original_url"",""new_value"":""https://example.com/yard/9933""}"
2392,251,296,updated,2026-02-27 05:49:53,"{""field"":""original_url"",""new_value"":""https://example.com/yard/3621""}"
2393,955,139,updated,2025-03-19 03:51:34,"{""field"":""original_url"",""new_value"":""https://acme.dev/orbit/9301""}"
2394,1969,152,updated,2025-04-11 10:06:00,"{""field"":""original_url"",""new_value"":""https://acme.dev/garden/2014""}"
2395,182,257,updated,2025-04-11 21:20:40,"{""field"":""original_url"",""new_value"":""https://relay.cloud/anchor/6060""}"
2396,1234,109,updated,2025-07-07 17:48:23,"{""field"":""is_active"",""new_value"":""archived""}"
2397,974,157,updated,2025-03-26 13:41:23,"{""field"":""is_active"",""new_value"":""promoted""}"
2398,1695,73,updated,2025-01-07 18:21:10,"{""field"":""is_active"",""new_value"":""boosted""}"
2399,199,140,updated,2025-12-15 02:06:21,"{""field"":""original_url"",""new_value"":""https://seeded.app/engine/6282""}"
2400,159,175,updated,2025-10-04 08:46:31,"{""field"":""original_url"",""new_value"":""https://seeded.app/meadow/425""}"
2401,1460,183,updated,2026-02-12 15:27:34,"{""field"":""title"",""new_value"":""quieted""}"
2402,214,126,updated,2025-05-02 04:15:28,"{""field"":""title"",""new_value"":""rotated""}"
2403,717,307,updated,2025-12-31 06:07:50,"{""field"":""original_url"",""new_value"":""https://hackstack.io/lagoon/4963""}"
2404,1106,155,updated,2025-08-24 22:32:34,"{""field"":""original_url"",""new_value"":""https://relay.cloud/yard/6397""}"
2405,1256,118,updated,2025-08-21 04:50:10,"{""field"":""title"",""new_value"":""patched""}"
2406,426,156,updated,2025-07-13 01:22:47,"{""field"":""title"",""new_value"":""promoted""}"
2407,173,269,updated,2026-02-26 13:14:10,"{""field"":""is_active"",""new_value"":""archived""}"
2408,1500,70,updated,2025-07-04 07:44:47,"{""field"":""title"",""new_value"":""rerouted""}"
2409,381,30,updated,2025-07-22 17:57:35,"{""field"":""is_active"",""new_value"":""refined""}"
2410,400,103,updated,2025-07-28 18:49:52,"{""field"":""is_active"",""new_value"":""rotated""}"
2411,397,200,updated,2026-02-10 23:08:30,"{""field"":""original_url"",""new_value"":""https://example.com/yard/3240""}"
2412,367,363,updated,2025-02-18 18:18:58,"{""field"":""is_active"",""new_value"":""boosted""}"
2413,576,241,updated,2025-06-24 21:27:20,"{""field"":""title"",""new_value"":""refined""}"
2414,21,310,updated,2025-02-16 08:59:00,"{""field"":""title"",""new_value"":""archived""}"
2415,1110,288,updated,2025-08-05 20:37:40,"{""field"":""original_url"",""new_value"":""https://hackstack.io/island/8429""}"
2416,31,208,updated,2025-05-04 23:11:09,"{""field"":""title"",""new_value"":""archived""}"
2417,843,258,updated,2026-02-24 23:47:54,"{""field"":""is_active"",""new_value"":""patched""}"
2418,858,394,updated,2025-10-31 23:44:15,"{""field"":""is_active"",""new_value"":""promoted""}"
2419,1055,362,updated,2025-08-18 16:56:38,"{""field"":""original_url"",""new_value"":""https://seeded.app/river/7764""}"
2420,1314,382,updated,2025-03-17 04:32:13,"{""field"":""title"",""new_value"":""rerouted""}"
2421,601,295,updated,2026-02-16 02:40:38,"{""field"":""title"",""new_value"":""refined""}"
2422,392,267,updated,2025-03-05 23:10:06,"{""field"":""is_active"",""new_value"":""quieted""}"
2423,1074,387,updated,2025-12-03 01:02:11,"{""field"":""is_active"",""new_value"":""refined""}"
2424,293,99,updated,2025-07-19 02:11:58,"{""field"":""title"",""new_value"":""rotated""}"
2425,1749,64,updated,2026-02-12 16:58:48,"{""field"":""title"",""new_value"":""rotated""}"
2426,1190,203,updated,2025-06-21 16:21:37,"{""field"":""title"",""new_value"":""boosted""}"
2427,1503,334,updated,2025-10-29 17:09:02,"{""field"":""is_active"",""new_value"":""patched""}"
2428,850,272,updated,2025-08-17 17:30:48,"{""field"":""original_url"",""new_value"":""https://relay.cloud/yard/6438""}"
2429,975,143,updated,2025-05-22 20:51:59,"{""field"":""is_active"",""new_value"":""quieted""}"
2430,1837,203,updated,2025-06-03 12:32:48,"{""field"":""title"",""new_value"":""patched""}"
2431,1133,291,updated,2025-10-10 01:04:07,"{""field"":""original_url"",""new_value"":""https://hackstack.io/window/7285""}"
2432,873,62,updated,2025-10-20 23:25:00,"{""field"":""original_url"",""new_value"":""https://relay.cloud/island/7674""}"
2433,708,254,updated,2025-08-13 09:57:43,"{""field"":""is_active"",""new_value"":""refined""}"
2434,713,7,updated,2025-05-15 03:04:41,"{""field"":""title"",""new_value"":""boosted""}"
2435,1860,234,updated,2025-01-09 10:38:47,"{""field"":""original_url"",""new_value"":""https://opswise.net/valley/2783""}"
2436,714,1,updated,2025-06-15 06:44:39,"{""field"":""title"",""new_value"":""promoted""}"
2437,55,337,updated,2025-12-14 07:59:18,"{""field"":""is_active"",""new_value"":""promoted""}"
2438,1131,332,updated,2025-02-23 22:38:24,"{""field"":""original_url"",""new_value"":""https://acme.dev/anchor/9703""}"
2439,1465,243,updated,2026-01-16 02:16:16,"{""field"":""title"",""new_value"":""rerouted""}"
2440,1451,292,updated,2026-01-03 15:49:26,"{""field"":""original_url"",""new_value"":""https://hackstack.io/canyon/9066""}"
2441,1512,151,updated,2025-07-26 00:16:30,"{""field"":""is_active"",""new_value"":""patched""}"
2442,808,88,updated,2025-11-15 15:16:23,"{""field"":""original_url"",""new_value"":""https://acme.dev/signal/8252""}"
2443,436,32,updated,2025-01-22 20:28:07,"{""field"":""original_url"",""new_value"":""https://acme.dev/yard/7299""}"
2444,580,288,updated,2025-06-13 02:44:47,"{""field"":""original_url"",""new_value"":""https://hackstack.io/valley/2102""}"
2445,332,188,updated,2025-03-24 05:14:20,"{""field"":""title"",""new_value"":""patched""}"
2446,388,319,updated,2025-06-27 16:58:03,"{""field"":""original_url"",""new_value"":""https://relay.cloud/network/2855""}"
2447,871,74,updated,2026-02-21 15:17:59,"{""field"":""is_active"",""new_value"":""boosted""}"
2448,609,348,updated,2025-06-16 10:34:11,"{""field"":""is_active"",""new_value"":""rerouted""}"
2449,428,400,updated,2025-05-19 12:23:57,"{""field"":""title"",""new_value"":""patched""}"
2450,931,179,updated,2025-01-26 20:04:04,"{""field"":""title"",""new_value"":""refined""}"
2451,594,118,updated,2025-08-22 02:54:36,"{""field"":""original_url"",""new_value"":""https://acme.dev/lagoon/8857""}"
2452,394,159,updated,2025-04-10 11:04:10,"{""field"":""original_url"",""new_value"":""https://example.com/orbit/6894""}"
2453,30,293,updated,2025-07-05 20:32:28,"{""field"":""original_url"",""new_value"":""https://acme.dev/network/313""}"
2454,1903,173,updated,2025-10-31 22:44:43,"{""field"":""original_url"",""new_value"":""https://hackstack.io/anchor/8389""}"
2455,300,147,updated,2025-12-15 04:55:46,"{""field"":""original_url"",""new_value"":""https://opswise.net/island/2834""}"
2456,1734,163,updated,2025-12-04 02:17:30,"{""field"":""is_active"",""new_value"":""rerouted""}"
2457,1786,399,updated,2025-07-13 14:37:34,"{""field"":""title"",""new_value"":""promoted""}"
2458,882,175,updated,2025-10-16 17:09:17,"{""field"":""title"",""new_value"":""boosted""}"
2459,1009,269,updated,2026-02-18 14:09:47,"{""field"":""original_url"",""new_value"":""https://hackstack.io/journey/4424""}"
2460,677,377,updated,2025-04-28 06:27:26,"{""field"":""is_active"",""new_value"":""quieted""}"
2461,441,348,updated,2025-06-07 12:35:50,"{""field"":""original_url"",""new_value"":""https://example.com/meadow/4406""}"
2462,157,50,updated,2025-02-08 06:58:24,"{""field"":""is_active"",""new_value"":""boosted""}"
2463,195,349,updated,2025-10-26 13:51:27,"{""field"":""original_url"",""new_value"":""https://acme.dev/river/5666""}"
2464,1289,56,updated,2025-08-23 17:41:54,"{""field"":""title"",""new_value"":""promoted""}"
2465,110,339,updated,2025-12-20 18:25:34,"{""field"":""original_url"",""new_value"":""https://example.com/engine/462""}"
2466,1377,140,updated,2025-03-12 12:39:17,"{""field"":""is_active"",""new_value"":""quieted""}"
2467,1908,336,updated,2025-07-18 00:51:14,"{""field"":""is_active"",""new_value"":""refined""}"
2468,949,18,updated,2025-10-19 08:35:11,"{""field"":""title"",""new_value"":""quieted""}"
2469,1904,2,updated,2025-01-31 21:04:03,"{""field"":""title"",""new_value"":""archived""}"
2470,6,165,updated,2026-01-28 18:59:04,"{""field"":""is_active"",""new_value"":""quieted""}"
2471,493,5,updated,2025-08-16 20:18:36,"{""field"":""is_active"",""new_value"":""boosted""}"
2472,1011,31,updated,2025-03-22 18:09:17,"{""field"":""title"",""new_value"":""archived""}"
2473,996,150,updated,2026-01-21 22:08:17,"{""field"":""title"",""new_value"":""patched""}"
2474,1883,307,updated,2025-04-21 17:36:10,"{""field"":""original_url"",""new_value"":""https://hackstack.io/trail/5621""}"
2475,1301,39,updated,2025-06-24 18:26:34,"{""field"":""is_active"",""new_value"":""promoted""}"
2476,175,198,updated,2025-03-25 09:39:46,"{""field"":""is_active"",""new_value"":""refined""}"
2477,289,102,updated,2026-01-24 01:37:09,"{""field"":""original_url"",""new_value"":""https://seeded.app/network/8488""}"
2478,526,342,updated,2025-09-26 07:26:33,"{""field"":""title"",""new_value"":""boosted""}"
2479,566,261,updated,2025-09-10 10:29:02,"{""field"":""is_active"",""new_value"":""rerouted""}"
2480,859,102,updated,2025-03-28 00:29:29,"{""field"":""title"",""new_value"":""rotated""}"
2481,1517,341,updated,2025-10-05 02:38:54,"{""field"":""title"",""new_value"":""archived""}"
2482,1491,84,updated,2026-02-01 08:33:57,"{""field"":""is_active"",""new_value"":""refined""}"
2483,1679,87,updated,2025-05-18 21:26:33,"{""field"":""original_url"",""new_value"":""https://hackstack.io/canyon/1038""}"
2484,67,372,updated,2025-08-08 12:25:44,"{""field"":""original_url"",""new_value"":""https://hackstack.io/engine/9080""}"
2485,1492,383,updated,2025-05-13 11:50:56,"{""field"":""title"",""new_value"":""rotated""}"
2486,831,163,updated,2026-01-19 07:28:45,"{""field"":""title"",""new_value"":""quieted""}"
2487,1118,20,updated,2025-10-29 20:57:29,"{""field"":""original_url"",""new_value"":""https://relay.cloud/anchor/3679""}"
2488,1139,370,updated,2025-11-30 17:11:49,"{""field"":""title"",""new_value"":""refined""}"
2489,1401,18,updated,2025-09-27 19:39:47,"{""field"":""is_active"",""new_value"":""quieted""}"
2490,306,179,updated,2025-05-14 22:35:34,"{""field"":""title"",""new_value"":""patched""}"
2491,1052,337,updated,2025-01-12 22:45:49,"{""field"":""original_url"",""new_value"":""https://seeded.app/zenith/1541""}"
2492,1748,285,updated,2025-10-06 01:42:05,"{""field"":""is_active"",""new_value"":""promoted""}"
2493,1992,7,updated,2025-08-22 09:19:21,"{""field"":""title"",""new_value"":""archived""}"
2494,1705,105,updated,2025-08-14 03:19:16,"{""field"":""original_url"",""new_value"":""https://example.com/zenith/8753""}"
2495,1375,3,updated,2025-05-08 04:43:37,"{""field"":""title"",""new_value"":""rotated""}"
2496,1696,104,updated,2025-01-16 08:17:33,"{""field"":""is_active"",""new_value"":""refined""}"
2497,231,78,updated,2025-09-27 16:24:06,"{""field"":""title"",""new_value"":""quieted""}"
2498,1336,143,updated,2025-12-11 09:01:48,"{""field"":""original_url"",""new_value"":""https://acme.dev/uplink/1637""}"
2499,1432,104,updated,2025-10-21 22:22:31,"{""field"":""is_active"",""new_value"":""rerouted""}"
2500,1689,229,updated,2025-02-22 11:20:45,"{""field"":""original_url"",""new_value"":""https://example.com/island/8766""}"
2501,1757,257,updated,2025-02-09 06:29:22,"{""field"":""original_url"",""new_value"":""https://example.com/garden/4481""}"
2502,945,214,updated,2026-02-09 15:55:49,"{""field"":""original_url"",""new_value"":""https://seeded.app/zenith/192""}"
2503,1990,398,updated,2026-01-09 16:06:17,"{""field"":""title"",""new_value"":""boosted""}"
2504,1136,76,updated,2025-12-10 05:52:18,"{""field"":""original_url"",""new_value"":""https://example.com/trail/4438""}"
2505,1647,365,updated,2025-01-02 02:36:19,"{""field"":""original_url"",""new_value"":""https://hackstack.io/quartz/9917""}"
2506,254,198,updated,2025-11-16 01:59:07,"{""field"":""is_active"",""new_value"":""quieted""}"
2507,1236,308,updated,2026-02-21 03:18:13,"{""field"":""is_active"",""new_value"":""patched""}"
2508,35,189,updated,2025-10-14 21:47:28,"{""field"":""is_active"",""new_value"":""rotated""}"
2509,1840,46,updated,2025-06-16 15:42:47,"{""field"":""original_url"",""new_value"":""https://example.com/window/9851""}"
2510,1508,166,updated,2025-07-27 01:13:02,"{""field"":""title"",""new_value"":""archived""}"
2511,236,92,updated,2025-08-31 20:15:26,"{""field"":""is_active"",""new_value"":""refined""}"
2512,533,172,updated,2025-03-04 01:11:36,"{""field"":""original_url"",""new_value"":""https://acme.dev/zenith/8582""}"
2513,1792,182,updated,2025-11-13 20:55:10,"{""field"":""original_url"",""new_value"":""https://relay.cloud/lagoon/8429""}"
2514,303,7,updated,2025-01-02 23:00:02,"{""field"":""original_url"",""new_value"":""https://seeded.app/river/6555""}"
2515,1342,125,updated,2025-10-04 08:35:30,"{""field"":""title"",""new_value"":""archived""}"
2516,1542,229,updated,2025-10-20 01:24:22,"{""field"":""original_url"",""new_value"":""https://hackstack.io/quartz/286""}"
2517,1264,97,updated,2025-07-31 04:59:40,"{""field"":""title"",""new_value"":""quieted""}"
2518,467,301,updated,2025-05-05 06:12:42,"{""field"":""title"",""new_value"":""quieted""}"
2519,764,391,updated,2026-01-20 14:12:33,"{""field"":""is_active"",""new_value"":""refined""}"
2520,832,289,updated,2025-11-03 22:12:04,"{""field"":""is_active"",""new_value"":""promoted""}"
2521,1788,61,updated,2026-01-31 15:08:46,"{""field"":""title"",""new_value"":""rotated""}"
2522,966,329,updated,2025-04-20 17:48:34,"{""field"":""is_active"",""new_value"":""refined""}"
2523,1041,388,updated,2025-07-24 11:02:50,"{""field"":""title"",""new_value"":""patched""}"
2524,62,213,updated,2025-12-21 20:56:50,"{""field"":""original_url"",""new_value"":""https://relay.cloud/window/7836""}"
2525,11,193,updated,2025-01-28 00:06:35,"{""field"":""original_url"",""new_value"":""https://hackstack.io/trail/1437""}"
2526,448,279,updated,2025-08-21 07:33:56,"{""field"":""title"",""new_value"":""rerouted""}"
2527,1638,384,updated,2025-09-04 00:32:43,"{""field"":""original_url"",""new_value"":""https://acme.dev/beacon/7485""}"
2528,633,272,updated,2025-08-06 17:03:28,"{""field"":""is_active"",""new_value"":""archived""}"
2529,411,130,updated,2025-06-15 21:59:14,"{""field"":""title"",""new_value"":""archived""}"
2530,1524,121,updated,2026-02-06 10:54:14,"{""field"":""is_active"",""new_value"":""quieted""}"
2531,1402,337,updated,2025-06-11 08:44:41,"{""field"":""is_active"",""new_value"":""boosted""}"
2532,497,392,updated,2025-10-11 05:42:26,"{""field"":""original_url"",""new_value"":""https://relay.cloud/pioneer/1859""}"
2533,176,93,updated,2025-08-26 20:16:41,"{""field"":""original_url"",""new_value"":""https://acme.dev/uplink/4307""}"
2534,440,163,updated,2025-09-18 17:27:41,"{""field"":""original_url"",""new_value"":""https://hackstack.io/river/7138""}"
2535,1433,238,updated,2025-05-02 06:49:43,"{""field"":""is_active"",""new_value"":""promoted""}"
2536,1219,300,updated,2025-10-21 23:20:27,"{""field"":""is_active"",""new_value"":""quieted""}"
2537,1572,351,updated,2026-02-02 03:03:59,"{""field"":""original_url"",""new_value"":""https://example.com/signal/3713""}"
2538,390,247,updated,2026-01-13 03:46:58,"{""field"":""title"",""new_value"":""quieted""}"
2539,1458,386,updated,2025-08-26 11:10:36,"{""field"":""original_url"",""new_value"":""https://relay.cloud/trail/2716""}"
2540,1538,362,updated,2025-01-16 05:29:16,"{""field"":""is_active"",""new_value"":""patched""}"
2541,338,213,updated,2025-12-21 04:11:44,"{""field"":""title"",""new_value"":""refined""}"
2542,471,176,updated,2025-04-03 18:24:00,"{""field"":""is_active"",""new_value"":""quieted""}"
2543,587,306,updated,2025-12-07 07:50:08,"{""field"":""is_active"",""new_value"":""promoted""}"
2544,1122,76,updated,2025-11-25 15:37:01,"{""field"":""is_active"",""new_value"":""archived""}"
2545,60,23,updated,2025-01-14 02:50:39,"{""field"":""original_url"",""new_value"":""https://seeded.app/quartz/9348""}"
2546,774,128,updated,2025-02-27 19:39:03,"{""field"":""title"",""new_value"":""promoted""}"
2547,1404,325,updated,2025-12-16 16:09:43,"{""field"":""original_url"",""new_value"":""https://opswise.net/valley/6019""}"
2548,636,24,updated,2025-03-30 18:30:51,"{""field"":""is_active"",""new_value"":""refined""}"
2549,1549,118,updated,2025-08-20 15:17:37,"{""field"":""original_url"",""new_value"":""https://acme.dev/zenith/3075""}"
2550,1673,173,updated,2025-11-29 11:54:42,"{""field"":""title"",""new_value"":""quieted""}"
2551,1456,364,updated,2025-11-04 03:11:54,"{""field"":""is_active"",""new_value"":""rerouted""}"
2552,817,140,updated,2025-08-17 02:10:39,"{""field"":""title"",""new_value"":""quieted""}"
2553,80,269,updated,2025-03-28 20:51:41,"{""field"":""title"",""new_value"":""quieted""}"
2554,1687,294,updated,2025-03-19 10:19:34,"{""field"":""title"",""new_value"":""archived""}"
2555,930,205,updated,2025-12-11 11:18:04,"{""field"":""original_url"",""new_value"":""https://acme.dev/delta/8664""}"
2556,962,392,updated,2025-08-07 05:10:51,"{""field"":""title"",""new_value"":""patched""}"
2557,1520,204,updated,2025-09-16 10:17:05,"{""field"":""is_active"",""new_value"":""refined""}"
2558,282,235,updated,2025-07-17 07:14:36,"{""field"":""original_url"",""new_value"":""https://example.com/harvest/5817""}"
2559,1756,293,updated,2026-01-18 05:14:32,"{""field"":""original_url"",""new_value"":""https://hackstack.io/network/5850""}"
2560,320,6,updated,2025-02-03 14:30:40,"{""field"":""title"",""new_value"":""archived""}"
2561,1067,284,updated,2025-09-13 08:46:33,"{""field"":""is_active"",""new_value"":""rerouted""}"
2562,1683,368,updated,2025-05-15 07:09:09,"{""field"":""original_url"",""new_value"":""https://opswise.net/uplink/6643""}"
2563,335,24,updated,2025-01-16 15:20:23,"{""field"":""is_active"",""new_value"":""boosted""}"
2564,1516,370,updated,2026-02-14 14:49:27,"{""field"":""original_url"",""new_value"":""https://opswise.net/field/2595""}"
2565,91,15,updated,2025-12-19 05:32:48,"{""field"":""original_url"",""new_value"":""https://seeded.app/trail/1009""}"
2566,794,176,updated,2025-04-08 00:28:43,"{""field"":""is_active"",""new_value"":""rotated""}"
2567,726,115,updated,2025-03-21 09:07:39,"{""field"":""original_url"",""new_value"":""https://opswise.net/valley/5049""}"
2568,1056,355,updated,2025-02-13 18:49:49,"{""field"":""title"",""new_value"":""archived""}"
2569,1206,7,updated,2025-03-06 15:07:48,"{""field"":""is_active"",""new_value"":""rerouted""}"
2570,579,60,updated,2025-07-23 05:04:11,"{""field"":""title"",""new_value"":""boosted""}"
2571,1246,108,updated,2025-11-10 18:27:00,"{""field"":""original_url"",""new_value"":""https://acme.dev/lagoon/9221""}"
2572,494,177,updated,2025-09-21 19:43:24,"{""field"":""is_active"",""new_value"":""rotated""}"
2573,769,136,updated,2025-09-02 21:26:53,"{""field"":""original_url"",""new_value"":""https://acme.dev/journey/4543""}"
2574,396,321,updated,2025-10-08 20:44:39,"{""field"":""original_url"",""new_value"":""https://relay.cloud/meadow/8329""}"
2575,190,127,updated,2025-10-04 14:27:35,"{""field"":""title"",""new_value"":""patched""}"
2576,585,151,updated,2025-05-22 17:43:20,"{""field"":""title"",""new_value"":""patched""}"
2577,127,133,updated,2025-10-14 09:16:27,"{""field"":""original_url"",""new_value"":""https://opswise.net/yard/4396""}"
2578,1894,25,updated,2025-12-11 19:42:21,"{""field"":""is_active"",""new_value"":""rotated""}"
2579,442,11,updated,2026-02-10 12:21:11,"{""field"":""title"",""new_value"":""promoted""}"
2580,904,151,updated,2025-04-18 22:50:35,"{""field"":""is_active"",""new_value"":""rerouted""}"
2581,1848,9,updated,2026-01-10 22:07:35,"{""field"":""title"",""new_value"":""rotated""}"
2582,1755,24,updated,2025-06-08 00:15:02,"{""field"":""title"",""new_value"":""rotated""}"
2583,478,173,updated,2025-09-26 18:05:52,"{""field"":""title"",""new_value"":""refined""}"
2584,816,25,updated,2026-02-08 10:55:37,"{""field"":""original_url"",""new_value"":""https://acme.dev/harvest/5119""}"
2585,564,104,updated,2025-07-07 03:47:50,"{""field"":""is_active"",""new_value"":""patched""}"
2586,1411,362,updated,2025-07-23 18:59:34,"{""field"":""title"",""new_value"":""patched""}"
2587,384,339,updated,2025-11-03 03:28:26,"{""field"":""is_active"",""new_value"":""rerouted""}"
2588,2000,185,updated,2025-10-08 08:58:09,"{""field"":""original_url"",""new_value"":""https://hackstack.io/kernel/3393""}"
2589,1944,107,updated,2025-08-02 04:17:25,"{""field"":""original_url"",""new_value"":""https://opswise.net/orbit/8026""}"
2590,1362,208,updated,2025-07-04 09:09:09,"{""field"":""title"",""new_value"":""refined""}"
2591,1536,279,updated,2026-02-23 02:51:27,"{""field"":""is_active"",""new_value"":""refined""}"
2592,1502,298,updated,2025-03-03 18:33:58,"{""field"":""title"",""new_value"":""archived""}"
2593,1898,246,updated,2025-07-31 05:59:56,"{""field"":""original_url"",""new_value"":""https://opswise.net/pioneer/8557""}"
2594,1927,148,updated,2025-08-08 23:16:02,"{""field"":""original_url"",""new_value"":""https://opswise.net/canyon/4921""}"
2595,1323,265,updated,2026-01-03 01:15:59,"{""field"":""is_active"",""new_value"":""archived""}"
2596,1547,77,updated,2026-01-21 16:52:43,"{""field"":""original_url"",""new_value"":""https://relay.cloud/quartz/4962""}"
2597,822,178,updated,2025-11-30 13:15:09,"{""field"":""original_url"",""new_value"":""https://example.com/river/3432""}"
2598,1781,50,updated,2025-01-08 20:02:23,"{""field"":""title"",""new_value"":""refined""}"
2599,648,7,updated,2026-01-15 22:01:20,"{""field"":""title"",""new_value"":""patched""}"
2600,319,58,updated,2025-10-26 20:37:20,"{""field"":""is_active"",""new_value"":""refined""}"
2601,1998,396,updated,2025-08-04 13:48:11,"{""field"":""is_active"",""new_value"":""archived""}"
2602,196,296,updated,2025-06-03 02:54:56,"{""field"":""title"",""new_value"":""archived""}"
2603,809,224,updated,2025-09-25 13:35:26,"{""field"":""original_url"",""new_value"":""https://seeded.app/quartz/8964""}"
2604,1469,307,updated,2025-01-04 07:49:40,"{""field"":""original_url"",""new_value"":""https://seeded.app/orbit/3481""}"
2605,239,203,updated,2025-08-19 12:35:00,"{""field"":""is_active"",""new_value"":""boosted""}"
2606,860,387,updated,2025-08-19 06:07:01,"{""field"":""original_url"",""new_value"":""https://example.com/engine/1105""}"
2607,1068,21,updated,2025-09-30 12:40:25,"{""field"":""is_active"",""new_value"":""patched""}"
2608,217,142,updated,2026-01-28 00:24:47,"{""field"":""title"",""new_value"":""patched""}"
2609,879,205,updated,2025-08-03 09:27:49,"{""field"":""title"",""new_value"":""refined""}"
2610,473,87,updated,2026-01-04 14:18:52,"{""field"":""title"",""new_value"":""rotated""}"
2611,1540,296,updated,2025-10-28 04:52:44,"{""field"":""title"",""new_value"":""rotated""}"
2612,1161,302,updated,2025-10-03 05:14:47,"{""field"":""is_active"",""new_value"":""rotated""}"
2613,889,113,updated,2025-08-26 15:48:24,"{""field"":""title"",""new_value"":""boosted""}"
2614,1334,155,updated,2026-01-29 09:31:14,"{""field"":""title"",""new_value"":""promoted""}"
2615,763,47,updated,2025-01-14 22:41:02,"{""field"":""original_url"",""new_value"":""https://hackstack.io/trail/9284""}"
2616,138,247,updated,2025-04-10 18:44:03,"{""field"":""title"",""new_value"":""rerouted""}"
2617,520,224,updated,2025-07-05 16:16:43,"{""field"":""title"",""new_value"":""quieted""}"
2618,1967,163,updated,2025-01-02 07:32:00,"{""field"":""title"",""new_value"":""boosted""}"
2619,1186,257,updated,2025-08-02 19:44:11,"{""field"":""is_active"",""new_value"":""refined""}"
2620,1795,237,updated,2025-10-12 21:51:05,"{""field"":""title"",""new_value"":""rotated""}"
2621,534,188,updated,2025-04-01 01:12:10,"{""field"":""original_url"",""new_value"":""https://relay.cloud/valley/7596""}"
2622,1132,379,updated,2025-05-27 18:35:27,"{""field"":""original_url"",""new_value"":""https://acme.dev/pioneer/7883""}"
2623,894,84,updated,2025-09-29 18:50:40,"{""field"":""is_active"",""new_value"":""archived""}"
2624,83,196,updated,2025-08-20 13:21:08,"{""field"":""title"",""new_value"":""rotated""}"
2625,697,26,updated,2025-11-24 00:34:49,"{""field"":""original_url"",""new_value"":""https://hackstack.io/signal/9045""}"
2626,1804,13,updated,2025-10-13 23:52:49,"{""field"":""is_active"",""new_value"":""refined""}"
2627,1478,281,updated,2025-11-20 00:50:54,"{""field"":""title"",""new_value"":""quieted""}"
2628,1439,294,updated,2025-06-27 08:15:36,"{""field"":""title"",""new_value"":""promoted""}"
2629,94,285,updated,2025-04-06 09:17:08,"{""field"":""original_url"",""new_value"":""https://acme.dev/orbit/7138""}"
2630,1874,86,updated,2025-03-16 13:00:41,"{""field"":""is_active"",""new_value"":""boosted""}"
2631,556,331,updated,2025-12-14 10:23:54,"{""field"":""is_active"",""new_value"":""rerouted""}"
2632,750,389,updated,2025-09-12 10:21:17,"{""field"":""is_active"",""new_value"":""archived""}"
2633,778,187,updated,2025-10-27 07:19:44,"{""field"":""is_active"",""new_value"":""refined""}"
2634,1302,229,updated,2025-02-17 14:49:18,"{""field"":""is_active"",""new_value"":""rotated""}"
2635,1398,298,updated,2025-07-06 04:08:01,"{""field"":""is_active"",""new_value"":""rotated""}"
2636,183,98,updated,2025-04-09 11:30:21,"{""field"":""is_active"",""new_value"":""promoted""}"
2637,99,54,updated,2025-05-17 20:41:37,"{""field"":""is_active"",""new_value"":""promoted""}"
2638,1352,371,updated,2025-01-04 19:42:40,"{""field"":""original_url"",""new_value"":""https://seeded.app/canyon/6618""}"
2639,1099,179,updated,2025-12-24 21:58:16,"{""field"":""title"",""new_value"":""archived""}"
2640,1639,108,updated,2025-02-13 22:44:58,"{""field"":""original_url"",""new_value"":""https://opswise.net/anchor/8854""}"
2641,1149,123,updated,2025-07-19 20:31:03,"{""field"":""original_url"",""new_value"":""https://opswise.net/lagoon/4035""}"
2642,592,160,updated,2025-10-23 09:56:00,"{""field"":""original_url"",""new_value"":""https://relay.cloud/journey/5405""}"
2643,1926,91,updated,2025-02-21 03:19:49,"{""field"":""is_active"",""new_value"":""promoted""}"
2644,1344,186,updated,2025-06-12 18:09:16,"{""field"":""original_url"",""new_value"":""https://seeded.app/orbit/7321""}"
2645,790,92,updated,2025-05-29 08:21:36,"{""field"":""original_url"",""new_value"":""https://relay.cloud/quartz/4025""}"
2646,1625,82,updated,2025-06-02 01:15:25,"{""field"":""is_active"",""new_value"":""refined""}"
2647,1380,201,updated,2025-10-15 16:04:27,"{""field"":""is_active"",""new_value"":""boosted""}"
2648,1920,23,updated,2025-04-08 23:08:34,"{""field"":""title"",""new_value"":""patched""}"
2649,81,324,updated,2025-07-12 23:42:21,"{""field"":""title"",""new_value"":""promoted""}"
2650,906,33,updated,2025-10-06 11:57:25,"{""field"":""original_url"",""new_value"":""https://relay.cloud/island/1504""}"
2651,1940,208,updated,2025-02-20 01:01:58,"{""field"":""original_url"",""new_value"":""https://acme.dev/window/374""}"
2652,119,191,updated,2025-10-20 17:17:16,"{""field"":""title"",""new_value"":""rotated""}"
2653,1447,91,updated,2025-04-20 17:58:11,"{""field"":""title"",""new_value"":""refined""}"
2654,1496,133,updated,2025-09-05 09:22:56,"{""field"":""original_url"",""new_value"":""https://opswise.net/network/9054""}"
2655,1576,102,updated,2025-05-27 21:36:22,"{""field"":""original_url"",""new_value"":""https://opswise.net/network/8588""}"
2656,929,365,updated,2025-05-18 03:11:32,"{""field"":""is_active"",""new_value"":""rotated""}"
2657,1424,295,updated,2025-11-04 16:20:51,"{""field"":""original_url"",""new_value"":""https://example.com/anchor/7368""}"
2658,156,146,updated,2025-06-07 09:00:26,"{""field"":""is_active"",""new_value"":""patched""}"
2659,258,16,updated,2025-05-26 23:59:09,"{""field"":""is_active"",""new_value"":""refined""}"
2660,773,34,updated,2025-10-26 11:20:59,"{""field"":""title"",""new_value"":""promoted""}"
2661,495,388,updated,2026-01-27 03:39:50,"{""field"":""is_active"",""new_value"":""archived""}"
2662,1618,232,updated,2025-09-26 22:17:49,"{""field"":""original_url"",""new_value"":""https://opswise.net/yard/7907""}"
2663,1410,392,updated,2025-11-21 04:58:38,"{""field"":""is_active"",""new_value"":""patched""}"
2664,1213,379,updated,2025-04-18 01:22:43,"{""field"":""original_url"",""new_value"":""https://hackstack.io/harvest/4760""}"
2665,1021,388,updated,2025-05-21 02:38:32,"{""field"":""title"",""new_value"":""rotated""}"
2666,452,265,updated,2025-12-29 02:40:46,"{""field"":""is_active"",""new_value"":""rotated""}"
2667,1725,344,updated,2025-04-27 14:37:48,"{""field"":""title"",""new_value"":""rerouted""}"
2668,1662,250,updated,2025-02-25 01:19:34,"{""field"":""is_active"",""new_value"":""archived""}"
2669,834,4,updated,2025-08-27 23:52:58,"{""field"":""original_url"",""new_value"":""https://example.com/uplink/8204""}"
2670,821,19,updated,2025-04-16 11:42:44,"{""field"":""is_active"",""new_value"":""promoted""}"
2671,1884,233,updated,2025-09-10 08:47:53,"{""field"":""original_url"",""new_value"":""https://example.com/kernel/6992""}"
2672,797,12,updated,2025-04-04 08:58:19,"{""field"":""is_active"",""new_value"":""quieted""}"
2673,883,35,updated,2025-01-18 11:06:38,"{""field"":""title"",""new_value"":""rotated""}"
2674,1672,229,updated,2025-11-03 01:40:08,"{""field"":""original_url"",""new_value"":""https://opswise.net/uplink/5208""}"
2675,1817,6,updated,2025-06-05 21:58:52,"{""field"":""original_url"",""new_value"":""https://opswise.net/journey/1718""}"
2676,147,129,updated,2025-01-10 22:58:36,"{""field"":""title"",""new_value"":""promoted""}"
2677,1571,140,updated,2025-06-30 03:26:35,"{""field"":""original_url"",""new_value"":""https://acme.dev/pioneer/7166""}"
2678,247,223,updated,2025-04-04 00:27:31,"{""field"":""original_url"",""new_value"":""https://relay.cloud/valley/163""}"
2679,1939,257,updated,2025-08-25 05:32:35,"{""field"":""title"",""new_value"":""rotated""}"
2680,1184,273,updated,2025-03-03 05:58:21,"{""field"":""title"",""new_value"":""rotated""}"
2681,1217,329,updated,2025-01-16 03:01:56,"{""field"":""title"",""new_value"":""patched""}"
2682,1514,215,updated,2025-08-20 20:03:17,"{""field"":""is_active"",""new_value"":""archived""}"
2683,1038,288,updated,2025-01-11 22:20:37,"{""field"":""is_active"",""new_value"":""quieted""}"
2684,1929,209,updated,2025-12-29 04:31:36,"{""field"":""original_url"",""new_value"":""https://seeded.app/island/4580""}"
2685,424,329,updated,2025-04-04 01:45:00,"{""field"":""is_active"",""new_value"":""patched""}"
2686,1872,312,updated,2025-12-27 20:51:25,"{""field"":""title"",""new_value"":""refined""}"
2687,1895,56,updated,2025-02-03 06:59:35,"{""field"":""original_url"",""new_value"":""https://example.com/window/1641""}"
2688,785,27,updated,2025-07-11 14:52:14,"{""field"":""original_url"",""new_value"":""https://hackstack.io/quartz/959""}"
2689,329,244,updated,2025-05-02 08:28:49,"{""field"":""original_url"",""new_value"":""https://hackstack.io/river/678""}"
2690,162,222,updated,2025-10-08 14:13:09,"{""field"":""title"",""new_value"":""promoted""}"
2691,1690,152,updated,2025-02-04 12:33:40,"{""field"":""title"",""new_value"":""patched""}"
2692,720,53,updated,2025-03-04 13:32:28,"{""field"":""is_active"",""new_value"":""promoted""}"
2693,702,100,updated,2026-02-06 15:36:11,"{""field"":""title"",""new_value"":""refined""}"
2694,1195,56,updated,2025-09-16 22:12:01,"{""field"":""original_url"",""new_value"":""https://opswise.net/river/1489""}"
2695,614,382,updated,2025-01-16 09:07:41,"{""field"":""title"",""new_value"":""quieted""}"
2696,68,219,updated,2025-07-16 13:13:39,"{""field"":""title"",""new_value"":""promoted""}"
2697,451,149,updated,2025-01-27 21:33:59,"{""field"":""original_url"",""new_value"":""https://hackstack.io/network/8977""}"
2698,1392,157,updated,2025-02-21 23:16:14,"{""field"":""original_url"",""new_value"":""https://relay.cloud/pioneer/2607""}"
2699,1121,275,updated,2025-07-10 20:03:48,"{""field"":""title"",""new_value"":""archived""}"
2700,532,138,updated,2025-04-19 09:51:46,"{""field"":""is_active"",""new_value"":""refined""}"
2701,415,107,updated,2025-09-24 12:33:01,"{""field"":""original_url"",""new_value"":""https://hackstack.io/zenith/7665""}"
2702,341,101,updated,2026-02-11 05:26:05,"{""field"":""title"",""new_value"":""quieted""}"
2703,1379,101,updated,2025-03-11 11:49:02,"{""field"":""is_active"",""new_value"":""patched""}"
2704,851,189,updated,2025-04-29 19:17:16,"{""field"":""original_url"",""new_value"":""https://acme.dev/orbit/9737""}"
2705,1427,333,updated,2025-03-19 05:14:18,"{""field"":""title"",""new_value"":""rotated""}"
2706,907,115,updated,2025-08-12 12:18:35,"{""field"":""original_url"",""new_value"":""https://acme.dev/river/6607""}"
2707,469,26,updated,2025-11-11 22:14:46,"{""field"":""is_active"",""new_value"":""refined""}"
2708,1002,173,updated,2025-05-17 10:46:17,"{""field"":""title"",""new_value"":""archived""}"
2709,683,213,updated,2025-11-15 05:13:03,"{""field"":""title"",""new_value"":""promoted""}"
2710,589,65,updated,2025-09-02 14:10:35,"{""field"":""is_active"",""new_value"":""promoted""}"
2711,989,8,updated,2025-12-18 02:39:52,"{""field"":""is_active"",""new_value"":""quieted""}"
2712,792,144,updated,2025-02-28 17:30:25,"{""field"":""is_active"",""new_value"":""boosted""}"
2713,1025,371,updated,2025-11-01 13:59:01,"{""field"":""original_url"",""new_value"":""https://hackstack.io/pioneer/2342""}"
2714,1237,8,updated,2026-02-24 17:57:35,"{""field"":""original_url"",""new_value"":""https://acme.dev/delta/4580""}"
2715,206,246,updated,2026-01-21 14:40:06,"{""field"":""title"",""new_value"":""rerouted""}"
2716,691,374,updated,2025-11-12 10:56:14,"{""field"":""is_active"",""new_value"":""promoted""}"
2717,758,126,updated,2025-06-01 19:40:11,"{""field"":""title"",""new_value"":""patched""}"
2718,1612,90,updated,2025-11-26 00:07:05,"{""field"":""is_active"",""new_value"":""patched""}"
2719,146,98,updated,2025-03-26 05:33:20,"{""field"":""title"",""new_value"":""boosted""}"
2720,92,65,updated,2025-09-24 09:03:48,"{""field"":""is_active"",""new_value"":""patched""}"
2721,1636,153,updated,2025-04-26 06:52:23,"{""field"":""is_active"",""new_value"":""boosted""}"
2722,242,342,updated,2025-02-03 18:09:07,"{""field"":""original_url"",""new_value"":""https://acme.dev/island/1631""}"
2723,1580,143,updated,2025-03-17 04:48:40,"{""field"":""title"",""new_value"":""promoted""}"
2724,153,7,updated,2025-08-13 20:33:03,"{""field"":""original_url"",""new_value"":""https://acme.dev/harvest/2996""}"
2725,1841,210,updated,2026-01-01 05:48:22,"{""field"":""original_url"",""new_value"":""https://example.com/yard/8651""}"
2726,1272,344,updated,2025-08-30 10:02:02,"{""field"":""original_url"",""new_value"":""https://acme.dev/network/9412""}"
2727,500,123,updated,2025-10-07 02:33:24,"{""field"":""original_url"",""new_value"":""https://opswise.net/anchor/8992""}"
2728,202,65,updated,2025-07-20 06:49:51,"{""field"":""original_url"",""new_value"":""https://hackstack.io/zenith/2728""}"
2729,1750,366,updated,2025-07-09 10:23:24,"{""field"":""is_active"",""new_value"":""archived""}"
2730,1179,256,updated,2025-07-04 18:23:13,"{""field"":""is_active"",""new_value"":""boosted""}"
2731,1205,284,updated,2025-08-23 12:04:44,"{""field"":""is_active"",""new_value"":""rotated""}"
2732,1303,38,updated,2025-01-15 05:52:11,"{""field"":""is_active"",""new_value"":""archived""}"
2733,1522,211,updated,2025-08-26 22:55:05,"{""field"":""title"",""new_value"":""rerouted""}"
2734,1435,43,updated,2025-01-10 00:38:17,"{""field"":""title"",""new_value"":""refined""}"
2735,780,27,updated,2025-07-10 15:57:23,"{""field"":""is_active"",""new_value"":""rerouted""}"
2736,1100,266,updated,2025-11-05 21:07:45,"{""field"":""original_url"",""new_value"":""https://hackstack.io/signal/9813""}"
2737,899,376,updated,2025-11-16 05:50:05,"{""field"":""title"",""new_value"":""refined""}"
2738,1859,19,updated,2025-07-06 02:54:40,"{""field"":""original_url"",""new_value"":""https://acme.dev/field/1442""}"
2739,1166,192,updated,2025-12-03 15:40:25,"{""field"":""is_active"",""new_value"":""rerouted""}"
2740,257,253,updated,2025-10-04 14:58:03,"{""field"":""is_active"",""new_value"":""boosted""}"
2741,1605,234,updated,2025-03-28 08:29:37,"{""field"":""title"",""new_value"":""boosted""}"
2742,180,144,updated,2025-12-21 18:32:06,"{""field"":""is_active"",""new_value"":""rotated""}"
2743,1265,201,updated,2025-10-30 10:37:04,"{""field"":""title"",""new_value"":""promoted""}"
2744,913,364,updated,2025-08-09 03:32:53,"{""field"":""title"",""new_value"":""promoted""}"
2745,898,268,updated,2025-07-25 13:13:15,"{""field"":""original_url"",""new_value"":""https://relay.cloud/island/2799""}"
2746,597,204,updated,2025-02-18 15:31:10,"{""field"":""is_active"",""new_value"":""refined""}"
2747,1812,385,updated,2025-09-01 11:38:15,"{""field"":""title"",""new_value"":""quieted""}"
2748,688,146,updated,2025-06-12 19:54:08,"{""field"":""title"",""new_value"":""rotated""}"
2749,1370,133,updated,2025-11-16 20:51:49,"{""field"":""is_active"",""new_value"":""promoted""}"
2750,75,283,updated,2025-05-21 18:21:21,"{""field"":""is_active"",""new_value"":""refined""}"
2751,403,338,updated,2025-08-22 10:03:04,"{""field"":""title"",""new_value"":""patched""}"
2752,1192,161,updated,2025-04-01 18:10:06,"{""field"":""is_active"",""new_value"":""archived""}"
2753,76,31,updated,2025-08-04 04:02:27,"{""field"":""title"",""new_value"":""refined""}"
2754,1196,61,updated,2025-08-17 17:49:22,"{""field"":""title"",""new_value"":""boosted""}"
2755,1277,87,updated,2025-07-21 08:58:28,"{""field"":""title"",""new_value"":""rerouted""}"
2756,354,228,updated,2025-02-16 00:12:09,"{""field"":""title"",""new_value"":""quieted""}"
2757,823,32,updated,2025-11-09 09:51:30,"{""field"":""is_active"",""new_value"":""rotated""}"
2758,735,257,updated,2025-01-17 15:27:59,"{""field"":""original_url"",""new_value"":""https://seeded.app/journey/637""}"
2759,297,378,updated,2025-05-20 19:33:57,"{""field"":""title"",""new_value"":""refined""}"
2760,724,7,updated,2025-03-18 22:40:42,"{""field"":""original_url"",""new_value"":""https://relay.cloud/window/151""}"
2761,829,316,updated,2026-01-26 04:33:27,"{""field"":""original_url"",""new_value"":""https://example.com/field/5960""}"
2762,540,329,updated,2025-12-10 23:06:17,"{""field"":""is_active"",""new_value"":""patched""}"
2763,87,294,updated,2025-05-19 16:14:32,"{""field"":""title"",""new_value"":""patched""}"
2764,626,315,updated,2025-10-25 11:12:21,"{""field"":""original_url"",""new_value"":""https://seeded.app/journey/3056""}"
2765,1539,252,updated,2026-01-25 08:10:25,"{""field"":""is_active"",""new_value"":""quieted""}"
2766,657,237,updated,2025-07-10 09:06:58,"{""field"":""original_url"",""new_value"":""https://opswise.net/kernel/2676""}"
2767,761,317,updated,2026-01-05 08:20:35,"{""field"":""title"",""new_value"":""rerouted""}"
2768,1821,327,updated,2026-01-08 15:49:26,"{""field"":""original_url"",""new_value"":""https://acme.dev/engine/7806""}"
2769,1732,183,updated,2026-01-05 12:06:00,"{""field"":""original_url"",""new_value"":""https://example.com/meadow/5705""}"
2770,1511,19,updated,2026-02-18 04:55:52,"{""field"":""title"",""new_value"":""refined""}"
2771,1665,191,updated,2025-01-15 05:09:34,"{""field"":""is_active"",""new_value"":""refined""}"
2772,1012,40,updated,2025-10-16 13:53:03,"{""field"":""original_url"",""new_value"":""https://relay.cloud/garden/270""}"
2773,892,63,updated,2025-10-01 14:01:56,"{""field"":""is_active"",""new_value"":""rotated""}"
2774,1488,95,updated,2025-03-16 19:16:16,"{""field"":""original_url"",""new_value"":""https://acme.dev/zenith/8218""}"
2775,65,202,updated,2025-05-23 19:37:23,"{""field"":""title"",""new_value"":""promoted""}"
2776,1779,10,updated,2025-05-24 12:16:38,"{""field"":""is_active"",""new_value"":""rotated""}"
2777,548,368,updated,2025-09-25 01:13:47,"{""field"":""original_url"",""new_value"":""https://opswise.net/window/2256""}"
2778,807,58,updated,2026-01-29 17:51:19,"{""field"":""is_active"",""new_value"":""quieted""}"
2779,1509,104,updated,2025-04-28 06:55:17,"{""field"":""is_active"",""new_value"":""refined""}"
2780,1699,353,updated,2025-10-28 22:10:42,"{""field"":""original_url"",""new_value"":""https://relay.cloud/orbit/2248""}"
2781,1924,319,updated,2026-01-18 01:37:20,"{""field"":""is_active"",""new_value"":""refined""}"
2782,1739,38,updated,2026-02-18 15:39:51,"{""field"":""is_active"",""new_value"":""rotated""}"
2783,1785,24,updated,2026-01-16 21:37:32,"{""field"":""title"",""new_value"":""archived""}"
2784,34,247,updated,2025-08-07 02:08:26,"{""field"":""is_active"",""new_value"":""quieted""}"
2785,1956,296,updated,2025-11-10 07:07:52,"{""field"":""title"",""new_value"":""rotated""}"
2786,1361,51,updated,2026-01-11 02:05:58,"{""field"":""is_active"",""new_value"":""refined""}"
2787,947,357,updated,2025-08-27 23:54:57,"{""field"":""title"",""new_value"":""archived""}"
2788,36,167,updated,2026-02-20 01:31:26,"{""field"":""original_url"",""new_value"":""https://acme.dev/harvest/790""}"
2789,163,8,updated,2025-02-11 00:48:36,"{""field"":""is_active"",""new_value"":""patched""}"
2790,1569,34,updated,2025-10-06 13:16:16,"{""field"":""is_active"",""new_value"":""patched""}"
2791,235,195,updated,2025-05-01 00:47:20,"{""field"":""title"",""new_value"":""quieted""}"
2792,701,376,updated,2026-01-26 01:21:25,"{""field"":""title"",""new_value"":""quieted""}"
2793,776,58,updated,2025-06-10 02:44:10,"{""field"":""title"",""new_value"":""rotated""}"
2794,1616,57,updated,2026-01-25 12:52:33,"{""field"":""original_url"",""new_value"":""https://opswise.net/quartz/5188""}"
2795,1276,322,updated,2025-10-23 10:30:12,"{""field"":""is_active"",""new_value"":""boosted""}"
2796,568,225,updated,2025-09-22 07:00:53,"{""field"":""is_active"",""new_value"":""patched""}"
2797,1220,100,updated,2025-10-20 02:18:10,"{""field"":""original_url"",""new_value"":""https://example.com/beacon/9683""}"
2798,1113,298,updated,2025-04-18 20:32:41,"{""field"":""title"",""new_value"":""rotated""}"
2799,940,212,updated,2025-07-20 05:35:58,"{""field"":""is_active"",""new_value"":""archived""}"
2800,222,315,updated,2025-07-30 06:29:41,"{""field"":""original_url"",""new_value"":""https://relay.cloud/canyon/9081""}"
2801,1952,351,updated,2025-05-12 08:25:41,"{""field"":""is_active"",""new_value"":""boosted""}"
2802,1471,42,updated,2025-10-09 12:02:27,"{""field"":""original_url"",""new_value"":""https://hackstack.io/pioneer/8729""}"
2803,1911,269,updated,2025-07-26 04:42:22,"{""field"":""original_url"",""new_value"":""https://hackstack.io/signal/3453""}"
2804,1930,47,updated,2026-01-15 22:26:02,"{""field"":""title"",""new_value"":""rotated""}"
2805,216,156,updated,2025-02-18 20:48:13,"{""field"":""is_active"",""new_value"":""rotated""}"
2806,1621,145,updated,2025-02-25 10:46:51,"{""field"":""is_active"",""new_value"":""rotated""}"
2807,1878,169,updated,2025-10-27 19:31:55,"{""field"":""is_active"",""new_value"":""quieted""}"
2808,398,289,updated,2025-02-24 19:35:33,"{""field"":""is_active"",""new_value"":""patched""}"
2809,771,39,updated,2025-08-08 21:44:01,"{""field"":""original_url"",""new_value"":""https://example.com/trail/5643""}"
2810,1299,226,updated,2025-11-24 05:23:42,"{""field"":""original_url"",""new_value"":""https://relay.cloud/trail/9917""}"
2811,230,93,updated,2026-01-01 15:14:15,"{""field"":""original_url"",""new_value"":""https://seeded.app/journey/2211""}"
2812,694,170,updated,2026-02-12 01:06:47,"{""field"":""title"",""new_value"":""rotated""}"
2813,744,120,updated,2025-07-10 02:16:48,"{""field"":""is_active"",""new_value"":""archived""}"
2814,1629,35,updated,2025-06-30 10:12:18,"{""field"":""original_url"",""new_value"":""https://seeded.app/engine/1113""}"
2815,1980,211,updated,2025-03-26 09:26:19,"{""field"":""original_url"",""new_value"":""https://opswise.net/river/2716""}"
2816,1594,362,updated,2025-10-29 04:01:46,"{""field"":""is_active"",""new_value"":""archived""}"
2817,1353,200,updated,2025-05-31 18:52:29,"{""field"":""is_active"",""new_value"":""boosted""}"
2818,811,37,updated,2025-05-02 13:20:47,"{""field"":""original_url"",""new_value"":""https://acme.dev/delta/1732""}"
2819,611,173,updated,2025-06-07 02:54:30,"{""field"":""is_active"",""new_value"":""rerouted""}"
2820,877,56,updated,2025-06-25 09:59:19,"{""field"":""title"",""new_value"":""archived""}"
2821,1414,360,updated,2026-01-13 01:51:21,"{""field"":""title"",""new_value"":""promoted""}"
2822,988,104,updated,2025-06-23 23:46:40,"{""field"":""title"",""new_value"":""quieted""}"
2823,651,339,updated,2025-08-01 22:58:31,"{""field"":""original_url"",""new_value"":""https://relay.cloud/trail/5974""}"
2824,148,309,updated,2025-07-14 12:41:39,"{""field"":""title"",""new_value"":""rerouted""}"
2825,915,27,updated,2025-11-22 15:18:52,"{""field"":""is_active"",""new_value"":""patched""}"
2826,476,51,updated,2025-03-25 09:13:56,"{""field"":""is_active"",""new_value"":""rerouted""}"
2827,1743,235,updated,2025-04-21 12:49:11,"{""field"":""is_active"",""new_value"":""rerouted""}"
2828,373,379,updated,2025-03-26 17:08:39,"{""field"":""is_active"",""new_value"":""archived""}"
2829,1365,249,updated,2025-09-29 15:16:05,"{""field"":""is_active"",""new_value"":""patched""}"
2830,660,175,updated,2025-08-18 12:52:46,"{""field"":""is_active"",""new_value"":""boosted""}"
2831,1042,75,updated,2025-04-22 05:09:05,"{""field"":""title"",""new_value"":""promoted""}"
2832,936,226,updated,2025-02-21 03:10:11,"{""field"":""original_url"",""new_value"":""https://opswise.net/trail/2637""}"
2833,1017,82,updated,2025-08-09 08:45:53,"{""field"":""original_url"",""new_value"":""https://acme.dev/anchor/488""}"
2834,1574,52,updated,2025-01-28 03:51:23,"{""field"":""original_url"",""new_value"":""https://acme.dev/lagoon/3257""}"
2835,431,360,updated,2025-02-02 06:07:56,"{""field"":""title"",""new_value"":""patched""}"
2836,1652,265,updated,2025-09-16 05:05:55,"{""field"":""original_url"",""new_value"":""https://seeded.app/trail/1720""}"
2837,1315,326,updated,2025-12-24 23:54:05,"{""field"":""title"",""new_value"":""quieted""}"
2838,1188,317,updated,2025-06-03 12:03:29,"{""field"":""is_active"",""new_value"":""rerouted""}"
2839,1548,20,updated,2026-02-03 17:46:13,"{""field"":""original_url"",""new_value"":""https://acme.dev/quartz/7634""}"
2840,842,234,updated,2025-08-18 00:29:32,"{""field"":""title"",""new_value"":""refined""}"
2841,1444,135,updated,2025-02-21 00:19:18,"{""field"":""original_url"",""new_value"":""https://opswise.net/quartz/9874""}"
2842,994,280,updated,2025-10-20 19:26:05,"{""field"":""original_url"",""new_value"":""https://hackstack.io/beacon/837""}"
2843,189,121,updated,2025-05-14 17:07:16,"{""field"":""title"",""new_value"":""rotated""}"
2844,52,249,updated,2025-10-31 11:43:47,"{""field"":""original_url"",""new_value"":""https://opswise.net/window/4265""}"
2845,1541,156,updated,2026-01-15 07:40:10,"{""field"":""title"",""new_value"":""boosted""}"
2846,1996,218,updated,2025-01-06 18:36:50,"{""field"":""is_active"",""new_value"":""patched""}"
2847,1979,12,updated,2026-02-11 08:53:40,"{""field"":""title"",""new_value"":""archived""}"
2848,1800,93,updated,2025-10-13 07:43:40,"{""field"":""original_url"",""new_value"":""https://relay.cloud/network/9348""}"
2849,1168,128,updated,2025-02-16 13:19:44,"{""field"":""original_url"",""new_value"":""https://acme.dev/delta/7040""}"
2850,416,389,updated,2025-06-06 06:58:30,"{""field"":""is_active"",""new_value"":""rerouted""}"
2851,932,279,updated,2026-02-25 02:03:49,"{""field"":""title"",""new_value"":""patched""}"
2852,1214,126,updated,2025-04-08 14:09:06,"{""field"":""title"",""new_value"":""rotated""}"
2853,901,230,updated,2025-05-29 11:48:05,"{""field"":""title"",""new_value"":""rerouted""}"
2854,1518,176,updated,2025-09-06 02:18:48,"{""field"":""original_url"",""new_value"":""https://opswise.net/window/3528""}"
2855,1790,311,updated,2025-04-20 06:23:50,"{""field"":""original_url"",""new_value"":""https://seeded.app/engine/4020""}"
2856,1879,83,updated,2026-02-02 14:57:48,"{""field"":""original_url"",""new_value"":""https://acme.dev/zenith/8337""}"
2857,1094,181,updated,2025-09-01 08:53:08,"{""field"":""original_url"",""new_value"":""https://opswise.net/harvest/9802""}"
2858,908,20,updated,2025-05-01 04:56:06,"{""field"":""is_active"",""new_value"":""patched""}"
2859,1651,235,updated,2025-08-02 09:37:39,"{""field"":""is_active"",""new_value"":""rotated""}"
2860,545,321,updated,2025-04-05 19:59:09,"{""field"":""is_active"",""new_value"":""boosted""}"
2861,166,22,updated,2026-01-12 02:25:23,"{""field"":""original_url"",""new_value"":""https://acme.dev/uplink/7673""}"
2862,876,234,updated,2025-07-26 16:19:36,"{""field"":""title"",""new_value"":""refined""}"
2863,299,327,updated,2025-08-13 14:30:58,"{""field"":""is_active"",""new_value"":""boosted""}"
2864,865,209,updated,2026-01-02 00:22:02,"{""field"":""original_url"",""new_value"":""https://hackstack.io/kernel/310""}"
2865,1201,76,updated,2025-07-23 10:21:40,"{""field"":""title"",""new_value"":""rotated""}"
2866,1582,256,updated,2025-08-01 08:51:53,"{""field"":""original_url"",""new_value"":""https://relay.cloud/beacon/2108""}"
2867,122,19,updated,2025-06-07 03:30:16,"{""field"":""original_url"",""new_value"":""https://opswise.net/anchor/4038""}"
2868,1966,68,updated,2025-02-16 22:44:37,"{""field"":""is_active"",""new_value"":""rotated""}"
2869,1578,182,updated,2025-12-04 16:57:55,"{""field"":""title"",""new_value"":""quieted""}"
2870,386,186,updated,2025-12-15 07:22:08,"{""field"":""title"",""new_value"":""archived""}"
2871,1658,315,updated,2026-01-22 23:52:48,"{""field"":""original_url"",""new_value"":""https://seeded.app/kernel/9770""}"
2872,1124,125,updated,2025-03-11 08:23:02,"{""field"":""title"",""new_value"":""refined""}"
2873,1932,12,updated,2025-03-06 21:57:37,"{""field"":""original_url"",""new_value"":""https://seeded.app/quartz/8840""}"
2874,1282,258,updated,2025-11-25 07:53:52,"{""field"":""title"",""new_value"":""promoted""}"
2875,139,293,updated,2025-02-03 12:25:33,"{""field"":""original_url"",""new_value"":""https://example.com/beacon/5380""}"
2876,256,351,updated,2025-03-08 07:12:50,"{""field"":""original_url"",""new_value"":""https://relay.cloud/yard/8247""}"
2877,828,33,updated,2025-02-22 19:38:30,"{""field"":""original_url"",""new_value"":""https://acme.dev/yard/3717""}"
2878,1602,283,updated,2025-09-14 05:47:12,"{""field"":""title"",""new_value"":""rerouted""}"
2879,1741,159,updated,2025-12-28 04:15:06,"{""field"":""is_active"",""new_value"":""promoted""}"
2880,1737,378,updated,2025-06-09 21:45:59,"{""field"":""title"",""new_value"":""rotated""}"
2881,145,32,updated,2025-05-03 21:10:25,"{""field"":""title"",""new_value"":""quieted""}"
2882,1947,135,updated,2025-08-14 17:56:57,"{""field"":""title"",""new_value"":""boosted""}"
2883,79,296,updated,2025-10-24 18:33:32,"{""field"":""is_active"",""new_value"":""rerouted""}"
2884,1964,127,updated,2025-11-14 17:58:45,"{""field"":""is_active"",""new_value"":""quieted""}"
2885,1252,234,updated,2025-10-09 03:20:47,"{""field"":""original_url"",""new_value"":""https://example.com/yard/7229""}"
2886,1053,298,updated,2025-01-25 21:54:22,"{""field"":""original_url"",""new_value"":""https://acme.dev/garden/9681""}"
2887,1936,235,updated,2025-04-20 06:52:35,"{""field"":""original_url"",""new_value"":""https://seeded.app/kernel/6277""}"
2888,629,331,updated,2025-04-12 11:31:10,"{""field"":""title"",""new_value"":""boosted""}"
2889,102,376,updated,2026-02-04 21:32:10,"{""field"":""original_url"",""new_value"":""https://acme.dev/network/9717""}"
2890,1069,305,updated,2026-01-07 22:39:35,"{""field"":""title"",""new_value"":""rerouted""}"
2891,1890,347,updated,2026-02-06 20:29:54,"{""field"":""title"",""new_value"":""patched""}"
2892,1371,51,updated,2025-06-04 14:25:40,"{""field"":""is_active"",""new_value"":""patched""}"
2893,420,36,updated,2025-07-24 11:28:06,"{""field"":""original_url"",""new_value"":""https://hackstack.io/beacon/8326""}"
2894,1917,344,updated,2025-11-12 16:01:48,"{""field"":""original_url"",""new_value"":""https://hackstack.io/uplink/2910""}"
2895,1199,237,updated,2025-04-03 13:46:31,"{""field"":""is_active"",""new_value"":""archived""}"
2896,1865,141,updated,2025-02-05 10:00:05,"{""field"":""is_active"",""new_value"":""boosted""}"
2897,1819,160,updated,2025-10-21 04:25:31,"{""field"":""is_active"",""new_value"":""rotated""}"
2898,519,123,updated,2025-07-04 15:25:56,"{""field"":""is_active"",""new_value"":""boosted""}"
2899,1142,32,updated,2025-09-28 16:34:40,"{""field"":""original_url"",""new_value"":""https://opswise.net/harvest/722""}"
2900,1329,98,updated,2025-08-08 15:21:03,"{""field"":""title"",""new_value"":""rotated""}"
2901,1655,11,updated,2025-11-24 09:01:56,"{""field"":""original_url"",""new_value"":""https://acme.dev/trail/1898""}"
2902,504,98,updated,2025-05-14 00:03:09,"{""field"":""title"",""new_value"":""refined""}"
2903,1407,358,updated,2025-01-12 10:19:24,"{""field"":""is_active"",""new_value"":""rotated""}"
2904,1485,2,updated,2025-01-20 00:02:20,"{""field"":""original_url"",""new_value"":""https://opswise.net/garden/3812""}"
2905,1717,78,updated,2025-09-24 05:05:19,"{""field"":""is_active"",""new_value"":""patched""}"
2906,864,389,updated,2026-01-10 07:32:51,"{""field"":""original_url"",""new_value"":""https://opswise.net/meadow/1265""}"
2907,959,168,updated,2025-03-24 08:16:49,"{""field"":""original_url"",""new_value"":""https://example.com/valley/5553""}"
2908,470,101,updated,2025-09-25 23:09:03,"{""field"":""is_active"",""new_value"":""promoted""}"
2909,555,106,updated,2026-02-09 11:56:34,"{""field"":""original_url"",""new_value"":""https://opswise.net/signal/2536""}"
2910,718,316,updated,2025-08-21 02:47:23,"{""field"":""original_url"",""new_value"":""https://acme.dev/zenith/5394""}"
2911,753,363,updated,2025-07-24 01:20:11,"{""field"":""original_url"",""new_value"":""https://relay.cloud/pioneer/2204""}"
2912,1385,101,updated,2025-07-14 14:21:42,"{""field"":""is_active"",""new_value"":""refined""}"
2913,1428,61,updated,2025-11-12 04:46:11,"{""field"":""original_url"",""new_value"":""https://seeded.app/meadow/7928""}"
2914,265,354,updated,2025-01-29 08:10:42,"{""field"":""title"",""new_value"":""archived""}"
2915,938,325,updated,2025-10-26 04:07:45,"{""field"":""is_active"",""new_value"":""patched""}"
2916,1059,352,updated,2025-02-23 11:06:56,"{""field"":""original_url"",""new_value"":""https://example.com/meadow/9086""}"
2917,853,244,updated,2025-02-07 01:37:34,"{""field"":""original_url"",""new_value"":""https://hackstack.io/island/1817""}"
2918,783,201,updated,2026-01-28 22:31:58,"{""field"":""original_url"",""new_value"":""https://seeded.app/field/5826""}"
2919,992,314,updated,2025-05-14 12:28:02,"{""field"":""is_active"",""new_value"":""archived""}"
2920,839,373,updated,2025-06-29 16:13:02,"{""field"":""is_active"",""new_value"":""patched""}"
2921,875,357,updated,2025-02-10 21:04:09,"{""field"":""is_active"",""new_value"":""quieted""}"
2922,95,59,updated,2025-08-09 14:52:21,"{""field"":""original_url"",""new_value"":""https://acme.dev/journey/2521""}"
2923,1778,267,updated,2025-07-21 22:21:29,"{""field"":""is_active"",""new_value"":""rotated""}"
2924,229,182,updated,2025-08-27 16:45:52,"{""field"":""title"",""new_value"":""promoted""}"
2925,417,165,updated,2025-10-30 16:28:06,"{""field"":""title"",""new_value"":""rotated""}"
2926,868,184,updated,2026-02-28 09:48:58,"{""field"":""title"",""new_value"":""rotated""}"
2927,1977,400,updated,2025-03-13 06:20:44,"{""field"":""is_active"",""new_value"":""promoted""}"
2928,1316,198,updated,2025-10-16 09:58:28,"{""field"":""original_url"",""new_value"":""https://opswise.net/zenith/9663""}"
2929,1564,366,updated,2026-02-02 01:09:14,"{""field"":""title"",""new_value"":""promoted""}"
2930,1592,153,updated,2025-04-12 22:02:17,"{""field"":""original_url"",""new_value"":""https://opswise.net/island/5733""}"
2931,1575,128,updated,2025-03-07 04:32:01,"{""field"":""title"",""new_value"":""archived""}"
2932,1558,203,updated,2026-02-26 21:02:04,"{""field"":""title"",""new_value"":""rerouted""}"
2933,1505,252,updated,2026-02-18 19:33:34,"{""field"":""title"",""new_value"":""quieted""}"
2934,1897,385,updated,2025-06-16 18:31:33,"{""field"":""title"",""new_value"":""patched""}"
2935,621,64,updated,2025-07-08 00:24:49,"{""field"":""original_url"",""new_value"":""https://opswise.net/quartz/8467""}"
2936,59,55,updated,2025-12-26 08:27:10,"{""field"":""is_active"",""new_value"":""quieted""}"
2937,89,229,updated,2025-09-17 23:15:35,"{""field"":""original_url"",""new_value"":""https://hackstack.io/garden/8056""}"
2938,902,282,updated,2025-07-14 11:25:56,"{""field"":""original_url"",""new_value"":""https://relay.cloud/beacon/6647""}"
2939,1031,330,updated,2026-02-08 14:59:23,"{""field"":""original_url"",""new_value"":""https://acme.dev/kernel/6924""}"
2940,1498,229,updated,2025-04-23 12:22:08,"{""field"":""original_url"",""new_value"":""https://seeded.app/journey/4982""}"
2941,1941,335,updated,2025-04-07 02:47:38,"{""field"":""title"",""new_value"":""boosted""}"
2942,637,243,updated,2025-07-09 10:30:41,"{""field"":""title"",""new_value"":""promoted""}"
2943,1914,68,updated,2025-10-28 11:22:29,"{""field"":""is_active"",""new_value"":""quieted""}"
2944,943,388,updated,2026-01-25 08:16:31,"{""field"":""title"",""new_value"":""rerouted""}"
2945,1945,371,updated,2026-02-21 15:48:25,"{""field"":""title"",""new_value"":""rotated""}"
2946,1065,138,updated,2026-02-15 14:07:53,"{""field"":""is_active"",""new_value"":""rotated""}"
2947,535,249,updated,2026-01-10 22:47:25,"{""field"":""title"",""new_value"":""archived""}"
2948,1970,216,updated,2025-12-15 04:13:01,"{""field"":""title"",""new_value"":""boosted""}"
2949,1707,393,updated,2025-06-28 12:31:03,"{""field"":""original_url"",""new_value"":""https://acme.dev/network/7903""}"
2950,1770,160,updated,2025-04-02 16:32:17,"{""field"":""original_url"",""new_value"":""https://relay.cloud/yard/3737""}"
2951,1245,177,updated,2025-11-17 09:04:16,"{""field"":""original_url"",""new_value"":""https://seeded.app/river/4811""}"
2952,439,180,updated,2025-10-27 03:02:05,"{""field"":""original_url"",""new_value"":""https://opswise.net/field/9164""}"
2953,27,326,updated,2025-07-03 20:34:51,"{""field"":""original_url"",""new_value"":""https://hackstack.io/window/3087""}"
2954,801,101,updated,2025-09-05 05:44:32,"{""field"":""original_url"",""new_value"":""https://relay.cloud/garden/509""}"
2955,628,5,updated,2025-11-15 20:15:15,"{""field"":""is_active"",""new_value"":""rerouted""}"
2956,874,60,updated,2025-05-02 08:27:51,"{""field"":""original_url"",""new_value"":""https://hackstack.io/engine/3559""}"
2957,449,124,updated,2025-10-13 17:31:36,"{""field"":""original_url"",""new_value"":""https://hackstack.io/river/661""}"
2958,995,69,updated,2025-09-23 00:52:18,"{""field"":""original_url"",""new_value"":""https://acme.dev/kernel/1996""}"
2959,28,191,updated,2025-12-06 07:05:31,"{""field"":""is_active"",""new_value"":""boosted""}"
2960,313,246,updated,2025-09-17 10:58:24,"{""field"":""original_url"",""new_value"":""https://example.com/quartz/625""}"
2961,1637,395,updated,2025-07-19 03:35:44,"{""field"":""is_active"",""new_value"":""rotated""}"
2962,770,168,updated,2025-06-15 13:35:37,"{""field"":""title"",""new_value"":""quieted""}"
2963,1292,183,updated,2025-06-29 23:10:12,"{""field"":""original_url"",""new_value"":""https://opswise.net/valley/56""}"
2964,1723,347,updated,2025-10-31 00:27:59,"{""field"":""title"",""new_value"":""quieted""}"
2965,1442,57,updated,2025-01-26 19:04:52,"{""field"":""title"",""new_value"":""rotated""}"
2966,149,130,updated,2025-10-01 16:25:07,"{""field"":""original_url"",""new_value"":""https://seeded.app/pioneer/4341""}"
2967,1590,68,updated,2026-01-01 06:34:54,"{""field"":""title"",""new_value"":""quieted""}"
2968,1384,185,updated,2025-08-31 07:28:20,"{""field"":""is_active"",""new_value"":""promoted""}"
2969,682,173,updated,2025-10-23 21:26:45,"{""field"":""original_url"",""new_value"":""https://seeded.app/network/1996""}"
2970,1943,65,updated,2025-09-04 13:12:51,"{""field"":""original_url"",""new_value"":""https://hackstack.io/zenith/5593""}"
2971,1499,107,updated,2025-12-09 04:10:49,"{""field"":""is_active"",""new_value"":""archived""}"
2972,530,17,updated,2025-06-09 09:13:19,"{""field"":""original_url"",""new_value"":""https://hackstack.io/quartz/6143""}"
2973,1269,12,updated,2025-01-21 22:13:14,"{""field"":""original_url"",""new_value"":""https://seeded.app/island/1675""}"
2974,700,21,updated,2025-02-08 09:24:40,"{""field"":""is_active"",""new_value"":""boosted""}"
2975,514,169,updated,2025-11-28 01:24:58,"{""field"":""original_url"",""new_value"":""https://relay.cloud/delta/5307""}"
2976,1004,74,updated,2025-07-13 13:03:00,"{""field"":""original_url"",""new_value"":""https://seeded.app/orbit/9525""}"
2977,1409,329,updated,2026-01-31 20:16:44,"{""field"":""title"",""new_value"":""promoted""}"
2978,1758,10,updated,2025-03-14 19:31:34,"{""field"":""title"",""new_value"":""quieted""}"
2979,951,209,updated,2026-01-16 03:55:01,"{""field"":""original_url"",""new_value"":""https://opswise.net/uplink/649""}"
2980,1268,151,updated,2025-12-02 06:38:45,"{""field"":""is_active"",""new_value"":""archived""}"
2981,1260,116,updated,2025-03-20 19:47:01,"{""field"":""original_url"",""new_value"":""https://acme.dev/journey/7820""}"
2982,678,186,updated,2025-09-15 22:15:43,"{""field"":""title"",""new_value"":""rotated""}"
2983,825,200,updated,2025-10-18 08:54:12,"{""field"":""title"",""new_value"":""patched""}"
2984,1378,256,updated,2025-07-08 13:39:31,"{""field"":""title"",""new_value"":""rerouted""}"
2985,518,221,updated,2025-09-10 21:44:38,"{""field"":""is_active"",""new_value"":""patched""}"
2986,1466,252,updated,2025-12-05 00:13:41,"{""field"":""title"",""new_value"":""patched""}"
2987,365,358,updated,2025-04-01 16:23:42,"{""field"":""title"",""new_value"":""patched""}"
2988,1390,154,updated,2025-02-25 09:58:00,"{""field"":""is_active"",""new_value"":""archived""}"
2989,1475,374,updated,2025-06-14 01:17:45,"{""field"":""title"",""new_value"":""boosted""}"
2990,627,375,updated,2025-04-26 15:39:10,"{""field"":""is_active"",""new_value"":""boosted""}"
2991,1688,311,updated,2025-12-07 17:15:20,"{""field"":""original_url"",""new_value"":""https://relay.cloud/network/9952""}"
2992,738,36,updated,2025-09-24 02:38:42,"{""field"":""title"",""new_value"":""quieted""}"
2993,622,309,updated,2025-11-02 21:14:00,"{""field"":""title"",""new_value"":""rotated""}"
2994,505,141,updated,2025-10-31 18:04:27,"{""field"":""is_active"",""new_value"":""patched""}"
2995,1901,74,updated,2026-02-23 20:05:33,"{""field"":""is_active"",""new_value"":""quieted""}"
2996,486,390,updated,2025-04-29 19:46:03,"{""field"":""title"",""new_value"":""archived""}"
2997,1543,300,updated,2025-09-12 10:19:13,"{""field"":""is_active"",""new_value"":""archived""}"
2998,272,125,updated,2025-12-21 20:32:19,"{""field"":""title"",""new_value"":""rerouted""}"
2999,1811,390,updated,2025-11-25 12:58:16,"{""field"":""title"",""new_value"":""promoted""}"
3000,305,134,updated,2025-02-17 20:32:43,"{""field"":""title"",""new_value"":""rotated""}"
3001,617,357,updated,2026-02-22 09:35:37,"{""field"":""original_url"",""new_value"":""https://acme.dev/meadow/7544""}"
3002,490,48,updated,2025-01-06 23:56:20,"{""field"":""is_active"",""new_value"":""promoted""}"
3003,401,132,updated,2025-04-06 12:45:18,"{""field"":""is_active"",""new_value"":""rerouted""}"
3004,1838,259,updated,2025-06-25 09:13:40,"{""field"":""title"",""new_value"":""archived""}"
3005,1308,94,updated,2025-04-26 04:35:44,"{""field"":""is_active"",""new_value"":""patched""}"
3006,754,342,updated,2025-09-24 15:33:56,"{""field"":""original_url"",""new_value"":""https://opswise.net/garden/2206""}"
3007,1700,208,updated,2025-10-09 17:07:32,"{""field"":""original_url"",""new_value"":""https://relay.cloud/orbit/8185""}"
3008,96,4,updated,2026-02-24 03:29:57,"{""field"":""title"",""new_value"":""archived""}"
3009,1839,218,updated,2025-04-09 02:16:02,"{""field"":""original_url"",""new_value"":""https://opswise.net/anchor/2509""}"
3010,586,218,updated,2025-01-13 01:42:56,"{""field"":""title"",""new_value"":""rotated""}"
3011,1776,370,updated,2025-04-27 15:13:22,"{""field"":""title"",""new_value"":""promoted""}"
3012,1620,209,updated,2025-02-09 03:13:56,"{""field"":""title"",""new_value"":""promoted""}"
3013,1946,293,updated,2025-01-15 22:00:18,"{""field"":""title"",""new_value"":""rotated""}"
3014,1191,253,updated,2025-11-30 01:42:58,"{""field"":""is_active"",""new_value"":""promoted""}"
3015,1493,283,updated,2025-10-12 10:39:02,"{""field"":""is_active"",""new_value"":""quieted""}"
3016,12,70,updated,2025-09-07 06:32:53,"{""field"":""title"",""new_value"":""archived""}"
3017,1035,103,updated,2025-07-01 18:45:41,"{""field"":""is_active"",""new_value"":""archived""}"
3018,866,166,updated,2025-03-04 05:34:28,"{""field"":""original_url"",""new_value"":""https://acme.dev/signal/9667""}"
3019,1824,355,updated,2025-11-05 05:44:21,"{""field"":""is_active"",""new_value"":""promoted""}"
3020,1555,73,updated,2025-07-15 07:16:05,"{""field"":""is_active"",""new_value"":""rerouted""}"
3021,10,249,updated,2025-02-28 19:51:17,"{""field"":""title"",""new_value"":""rotated""}"
3022,1354,386,updated,2025-10-22 17:39:17,"{""field"":""title"",""new_value"":""quieted""}"
3023,782,145,updated,2025-07-15 12:23:55,"{""field"":""is_active"",""new_value"":""rotated""}"
3024,227,255,updated,2026-01-02 09:42:58,"{""field"":""is_active"",""new_value"":""patched""}"
3025,1438,105,updated,2026-02-09 15:27:30,"{""field"":""is_active"",""new_value"":""archived""}"
3026,155,119,updated,2025-07-15 13:10:50,"{""field"":""title"",""new_value"":""boosted""}"
3027,645,345,updated,2025-01-30 02:37:10,"{""field"":""original_url"",""new_value"":""https://hackstack.io/quartz/5551""}"
3028,1050,279,updated,2025-12-31 05:41:46,"{""field"":""original_url"",""new_value"":""https://hackstack.io/anchor/1297""}"
3029,1889,171,updated,2025-04-27 20:55:46,"{""field"":""is_active"",""new_value"":""rerouted""}"
3030,1999,298,updated,2026-02-22 20:50:25,"{""field"":""is_active"",""new_value"":""refined""}"
3031,126,28,updated,2026-01-07 14:33:53,"{""field"":""original_url"",""new_value"":""https://opswise.net/island/5861""}"
3032,1975,36,updated,2025-10-09 03:20:25,"{""field"":""title"",""new_value"":""quieted""}"
3033,387,216,updated,2025-04-10 14:36:49,"{""field"":""original_url"",""new_value"":""https://opswise.net/signal/3663""}"
3034,712,246,updated,2026-02-03 04:27:09,"{""field"":""title"",""new_value"":""rotated""}"
3035,385,293,updated,2025-10-08 04:14:31,"{""field"":""original_url"",""new_value"":""https://hackstack.io/yard/1965""}"
3036,1109,161,updated,2025-09-20 20:18:58,"{""field"":""title"",""new_value"":""refined""}"
3037,304,308,updated,2025-09-22 13:08:25,"{""field"":""is_active"",""new_value"":""rerouted""}"
3038,1423,116,updated,2026-01-04 05:43:34,"{""field"":""title"",""new_value"":""quieted""}"
3039,1747,381,updated,2025-12-26 17:49:01,"{""field"":""title"",""new_value"":""patched""}"
3040,39,172,updated,2025-07-25 08:07:24,"{""field"":""original_url"",""new_value"":""https://acme.dev/canyon/8751""}"
3041,1762,360,updated,2025-08-25 21:33:36,"{""field"":""title"",""new_value"":""boosted""}"
3042,731,157,updated,2026-02-26 12:31:25,"{""field"":""original_url"",""new_value"":""https://example.com/island/2677""}"
3043,1459,220,updated,2026-02-24 15:18:45,"{""field"":""original_url"",""new_value"":""https://example.com/trail/1052""}"
3044,84,23,updated,2025-11-07 13:17:11,"{""field"":""title"",""new_value"":""rerouted""}"
3045,1126,2,updated,2025-11-01 22:26:45,"{""field"":""title"",""new_value"":""rerouted""}"
3046,523,244,updated,2025-05-28 09:45:18,"{""field"":""title"",""new_value"":""rotated""}"
3047,912,177,updated,2025-07-29 13:41:59,"{""field"":""title"",""new_value"":""refined""}"
3048,345,39,updated,2025-11-25 21:43:26,"{""field"":""title"",""new_value"":""promoted""}"
3049,423,341,updated,2025-10-02 19:22:43,"{""field"":""is_active"",""new_value"":""rerouted""}"
3050,1805,89,updated,2025-10-21 09:40:23,"{""field"":""is_active"",""new_value"":""archived""}"
3051,1675,147,updated,2025-09-17 09:27:31,"{""field"":""original_url"",""new_value"":""https://hackstack.io/engine/6705""}"
3052,1014,160,updated,2026-02-28 08:43:36,"{""field"":""original_url"",""new_value"":""https://seeded.app/zenith/5724""}"
3053,699,61,updated,2025-09-02 19:58:09,"{""field"":""title"",""new_value"":""quieted""}"
3054,1173,37,updated,2025-11-10 01:11:05,"{""field"":""title"",""new_value"":""patched""}"
3055,278,169,updated,2025-01-06 13:07:07,"{""field"":""is_active"",""new_value"":""boosted""}"
3056,414,73,updated,2025-06-03 21:31:49,"{""field"":""is_active"",""new_value"":""archived""}"
3057,1300,335,updated,2026-01-21 16:51:09,"{""field"":""is_active"",""new_value"":""refined""}"
3058,1073,6,updated,2026-01-13 20:36:55,"{""field"":""original_url"",""new_value"":""https://acme.dev/quartz/5788""}"
3059,1810,375,updated,2025-03-28 09:03:57,"{""field"":""title"",""new_value"":""quieted""}"
3060,509,392,updated,2026-01-21 02:01:00,"{""field"":""title"",""new_value"":""refined""}"
3061,721,309,updated,2025-05-26 18:57:23,"{""field"":""title"",""new_value"":""refined""}"
3062,353,196,updated,2025-12-23 03:49:49,"{""field"":""original_url"",""new_value"":""https://example.com/orbit/4372""}"
3063,1325,48,updated,2025-09-11 14:01:57,"{""field"":""title"",""new_value"":""quieted""}"
3064,515,166,updated,2025-11-01 09:22:35,"{""field"":""is_active"",""new_value"":""rerouted""}"
3065,1484,93,updated,2025-03-02 01:45:31,"{""field"":""title"",""new_value"":""boosted""}"
3066,1066,181,updated,2025-03-09 12:10:01,"{""field"":""original_url"",""new_value"":""https://seeded.app/orbit/560""}"
3067,847,304,updated,2025-03-09 20:39:28,"{""field"":""title"",""new_value"":""quieted""}"
3068,1676,5,updated,2025-10-10 18:55:09,"{""field"":""is_active"",""new_value"":""promoted""}"
3069,1877,53,updated,2025-03-31 02:19:37,"{""field"":""is_active"",""new_value"":""refined""}"
3070,1735,316,updated,2026-02-12 21:57:15,"{""field"":""original_url"",""new_value"":""https://example.com/window/7154""}"
3071,1782,324,updated,2025-09-22 07:40:52,"{""field"":""title"",""new_value"":""boosted""}"
3072,1029,49,updated,2026-01-21 20:41:04,"{""field"":""title"",""new_value"":""boosted""}"
3073,364,108,updated,2025-09-08 22:26:50,"{""field"":""title"",""new_value"":""rerouted""}"
3074,430,338,updated,2025-01-30 05:12:15,"{""field"":""title"",""new_value"":""rerouted""}"
3075,1403,391,updated,2025-09-15 22:28:43,"{""field"":""original_url"",""new_value"":""https://hackstack.io/harvest/252""}"
3076,1654,360,updated,2025-09-02 17:09:20,"{""field"":""is_active"",""new_value"":""refined""}"
3077,852,93,updated,2025-11-20 09:52:00,"{""field"":""title"",""new_value"":""boosted""}"
3078,1162,170,updated,2025-04-25 22:24:40,"{""field"":""is_active"",""new_value"":""rerouted""}"
3079,204,144,updated,2025-04-28 06:12:55,"{""field"":""original_url"",""new_value"":""https://hackstack.io/pioneer/7092""}"
3080,1916,271,updated,2025-10-04 11:06:32,"{""field"":""original_url"",""new_value"":""https://example.com/valley/5316""}"
3081,413,7,updated,2025-11-17 06:36:26,"{""field"":""original_url"",""new_value"":""https://relay.cloud/signal/7703""}"
3082,1297,55,updated,2026-02-16 12:09:03,"{""field"":""is_active"",""new_value"":""archived""}"
3083,1846,373,updated,2025-07-06 10:57:48,"{""field"":""original_url"",""new_value"":""https://example.com/harvest/1713""}"
3084,1870,187,updated,2025-12-22 13:20:33,"{""field"":""title"",""new_value"":""archived""}"
3085,656,222,updated,2025-01-10 22:49:46,"{""field"":""original_url"",""new_value"":""https://seeded.app/harvest/7686""}"
3086,1294,250,updated,2025-05-06 06:51:37,"{""field"":""is_active"",""new_value"":""refined""}"
3087,429,132,updated,2025-06-05 00:13:56,"{""field"":""title"",""new_value"":""archived""}"
3088,188,1,updated,2025-07-30 11:44:47,"{""field"":""is_active"",""new_value"":""rotated""}"
3089,739,349,updated,2026-02-25 10:45:06,"{""field"":""original_url"",""new_value"":""https://example.com/trail/1261""}"
3090,1733,264,updated,2025-11-24 11:40:38,"{""field"":""original_url"",""new_value"":""https://opswise.net/yard/1997""}"
3091,1513,44,updated,2025-04-02 02:50:49,"{""field"":""original_url"",""new_value"":""https://example.com/river/6230""}"
3092,1238,19,updated,2025-04-11 09:28:03,"{""field"":""title"",""new_value"":""boosted""}"
3093,48,101,updated,2026-01-29 10:02:31,"{""field"":""title"",""new_value"":""patched""}"
3094,1533,175,updated,2025-10-30 22:24:13,"{""field"":""is_active"",""new_value"":""rotated""}"
3095,1372,183,updated,2025-09-18 22:17:27,"{""field"":""is_active"",""new_value"":""quieted""}"
3096,1283,65,updated,2025-05-27 03:42:37,"{""field"":""original_url"",""new_value"":""https://acme.dev/trail/7564""}"
3097,1714,135,updated,2025-05-21 16:10:30,"{""field"":""title"",""new_value"":""patched""}"
3098,178,24,updated,2025-05-30 03:13:16,"{""field"":""original_url"",""new_value"":""https://hackstack.io/network/9307""}"
3099,361,23,updated,2025-05-11 13:13:10,"{""field"":""title"",""new_value"":""archived""}"
3100,1766,17,updated,2026-02-09 03:59:23,"{""field"":""is_active"",""new_value"":""archived""}"
3101,553,294,updated,2025-03-25 20:24:49,"{""field"":""original_url"",""new_value"":""https://example.com/network/1607""}"
3102,1227,375,updated,2025-02-14 12:48:25,"{""field"":""title"",""new_value"":""archived""}"
3103,88,146,updated,2025-08-05 05:55:44,"{""field"":""is_active"",""new_value"":""promoted""}"
3104,1250,58,updated,2026-01-02 02:03:24,"{""field"":""is_active"",""new_value"":""rotated""}"
3105,662,247,updated,2025-11-08 13:27:06,"{""field"":""original_url"",""new_value"":""https://hackstack.io/island/8505""}"
3106,77,361,updated,2026-02-24 01:22:30,"{""field"":""original_url"",""new_value"":""https://seeded.app/kernel/9979""}"
3107,406,182,updated,2025-03-10 12:22:40,"{""field"":""original_url"",""new_value"":""https://relay.cloud/valley/141""}"
3108,1045,123,updated,2025-06-15 19:29:25,"{""field"":""title"",""new_value"":""boosted""}"
3109,1176,287,updated,2025-11-26 19:54:13,"{""field"":""title"",""new_value"":""promoted""}"
3110,1054,225,updated,2025-09-15 11:40:50,"{""field"":""original_url"",""new_value"":""https://opswise.net/delta/8088""}"
3111,1769,266,updated,2025-05-01 15:51:57,"{""field"":""original_url"",""new_value"":""https://example.com/garden/4928""}"
3112,1885,199,updated,2025-08-14 09:17:20,"{""field"":""title"",""new_value"":""boosted""}"
3113,1338,357,updated,2025-09-09 03:28:07,"{""field"":""original_url"",""new_value"":""https://opswise.net/canyon/3363""}"
3114,673,316,updated,2025-06-12 06:28:58,"{""field"":""is_active"",""new_value"":""archived""}"
3115,1728,245,updated,2025-12-19 13:42:22,"{""field"":""is_active"",""new_value"":""boosted""}"
3116,1603,218,updated,2025-01-16 23:01:59,"{""field"":""original_url"",""new_value"":""https://hackstack.io/signal/4311""}"
3117,144,166,updated,2025-06-24 11:19:27,"{""field"":""is_active"",""new_value"":""boosted""}"
3118,1103,226,updated,2025-12-19 23:02:35,"{""field"":""is_active"",""new_value"":""quieted""}"
3119,169,253,updated,2025-07-16 09:32:41,"{""field"":""is_active"",""new_value"":""boosted""}"
3120,395,335,updated,2026-01-12 16:17:09,"{""field"":""is_active"",""new_value"":""rotated""}"
3121,1431,149,updated,2025-05-25 01:53:52,"{""field"":""title"",""new_value"":""archived""}"
3122,573,199,updated,2026-01-17 12:25:25,"{""field"":""title"",""new_value"":""promoted""}"
3123,654,295,updated,2025-05-24 02:14:45,"{""field"":""title"",""new_value"":""quieted""}"
3124,968,256,updated,2026-01-14 22:16:34,"{""field"":""title"",""new_value"":""rerouted""}"
3125,1394,87,updated,2025-06-03 10:42:42,"{""field"":""original_url"",""new_value"":""https://relay.cloud/engine/4581""}"
3126,1461,173,updated,2025-10-26 14:50:31,"{""field"":""original_url"",""new_value"":""https://acme.dev/yard/5303""}"
3127,225,152,updated,2025-07-07 16:56:00,"{""field"":""title"",""new_value"":""promoted""}"
3128,1346,325,updated,2025-06-23 20:43:33,"{""field"":""is_active"",""new_value"":""quieted""}"
3129,1271,347,updated,2025-12-12 20:16:49,"{""field"":""title"",""new_value"":""patched""}"
3130,893,45,updated,2025-05-10 17:36:03,"{""field"":""is_active"",""new_value"":""rerouted""}"
3131,1745,383,updated,2025-09-19 21:48:58,"{""field"":""is_active"",""new_value"":""rotated""}"
3132,1649,343,updated,2025-09-19 02:40:08,"{""field"":""is_active"",""new_value"":""quieted""}"
3133,1060,166,updated,2025-03-27 12:00:17,"{""field"":""is_active"",""new_value"":""patched""}"
3134,350,54,updated,2025-10-11 20:51:33,"{""field"":""title"",""new_value"":""quieted""}"
3135,288,137,updated,2026-01-02 11:35:20,"{""field"":""title"",""new_value"":""refined""}"
3136,1178,314,updated,2025-10-24 14:11:56,"{""field"":""title"",""new_value"":""refined""}"
3137,487,79,updated,2025-07-22 18:41:52,"{""field"":""original_url"",""new_value"":""https://relay.cloud/garden/7127""}"
3138,1037,376,updated,2025-03-05 10:39:56,"{""field"":""is_active"",""new_value"":""rotated""}"
3139,732,283,updated,2025-01-30 16:45:28,"{""field"":""is_active"",""new_value"":""rotated""}"
3140,805,170,updated,2025-12-29 02:10:14,"{""field"":""original_url"",""new_value"":""https://acme.dev/field/3118""}"
3141,1360,168,updated,2025-05-30 06:22:31,"{""field"":""original_url"",""new_value"":""https://hackstack.io/meadow/9221""}"
3142,1869,357,updated,2025-06-21 13:46:10,"{""field"":""title"",""new_value"":""patched""}"
3143,1355,344,updated,2025-12-30 08:55:54,"{""field"":""original_url"",""new_value"":""https://example.com/island/2153""}"
3144,1429,334,updated,2025-03-15 10:50:25,"{""field"":""title"",""new_value"":""boosted""}"
3145,1286,285,updated,2026-01-03 04:45:48,"{""field"":""is_active"",""new_value"":""promoted""}"
3146,733,133,updated,2025-03-08 17:56:55,"{""field"":""is_active"",""new_value"":""patched""}"
3147,1537,343,updated,2025-11-13 04:27:37,"{""field"":""is_active"",""new_value"":""boosted""}"
3148,1579,50,updated,2025-12-17 05:50:00,"{""field"":""original_url"",""new_value"":""https://example.com/anchor/8206""}"
3149,749,212,updated,2025-11-02 21:59:44,"{""field"":""title"",""new_value"":""refined""}"
3150,1307,397,updated,2025-07-28 18:57:04,"{""field"":""is_active"",""new_value"":""archived""}"
3151,1033,366,updated,2025-05-02 13:23:37,"{""field"":""title"",""new_value"":""rerouted""}"
3152,453,314,updated,2025-12-12 10:35:27,"{""field"":""title"",""new_value"":""refined""}"
3153,1141,298,updated,2026-02-20 18:32:46,"{""field"":""is_active"",""new_value"":""archived""}"
3154,24,110,updated,2025-09-07 22:14:38,"{""field"":""is_active"",""new_value"":""promoted""}"
3155,1211,90,updated,2025-08-09 11:43:12,"{""field"":""title"",""new_value"":""quieted""}"
3156,78,67,updated,2026-01-20 16:05:02,"{""field"":""title"",""new_value"":""rotated""}"
3157,346,330,updated,2025-02-08 03:42:06,"{""field"":""original_url"",""new_value"":""https://seeded.app/canyon/1893""}"
3158,349,120,updated,2025-11-09 05:15:43,"{""field"":""is_active"",""new_value"":""boosted""}"
3159,878,252,updated,2025-06-09 20:25:12,"{""field"":""is_active"",""new_value"":""rotated""}"
3160,1010,97,updated,2025-03-12 00:06:28,"{""field"":""original_url"",""new_value"":""https://hackstack.io/quartz/5000""}"
3161,292,52,updated,2025-06-02 03:52:39,"{""field"":""original_url"",""new_value"":""https://hackstack.io/network/6524""}"
3162,418,95,updated,2025-06-22 02:56:15,"{""field"":""title"",""new_value"":""promoted""}"
3163,506,110,updated,2026-01-19 12:11:24,"{""field"":""original_url"",""new_value"":""https://seeded.app/network/169""}"
3164,658,15,updated,2025-11-24 23:43:44,"{""field"":""is_active"",""new_value"":""refined""}"
3165,1328,344,updated,2025-08-30 18:34:11,"{""field"":""is_active"",""new_value"":""boosted""}"
3166,220,345,updated,2025-09-19 04:31:59,"{""field"":""original_url"",""new_value"":""https://seeded.app/island/2641""}"
3167,1803,16,updated,2025-09-29 08:05:54,"{""field"":""title"",""new_value"":""refined""}"
3168,244,329,updated,2025-04-20 04:24:41,"{""field"":""original_url"",""new_value"":""https://hackstack.io/zenith/6822""}"
3169,90,207,updated,2025-04-26 10:57:01,"{""field"":""original_url"",""new_value"":""https://relay.cloud/garden/7417""}"
3170,736,117,updated,2025-04-07 04:26:37,"{""field"":""title"",""new_value"":""boosted""}"
3171,1958,70,updated,2025-03-26 16:26:35,"{""field"":""is_active"",""new_value"":""refined""}"
3172,454,318,updated,2025-02-19 02:06:17,"{""field"":""title"",""new_value"":""boosted""}"
3173,802,257,updated,2025-09-02 04:49:29,"{""field"":""is_active"",""new_value"":""archived""}"
3174,812,46,updated,2025-07-20 21:35:41,"{""field"":""title"",""new_value"":""promoted""}"
3175,464,118,updated,2026-02-26 15:25:57,"{""field"":""original_url"",""new_value"":""https://example.com/window/1192""}"
3176,408,285,updated,2025-03-04 14:18:16,"{""field"":""original_url"",""new_value"":""https://seeded.app/trail/5556""}"
3177,1257,23,updated,2025-08-17 11:19:21,"{""field"":""original_url"",""new_value"":""https://hackstack.io/delta/4573""}"
3178,891,180,updated,2025-02-23 19:22:12,"{""field"":""original_url"",""new_value"":""https://relay.cloud/window/89""}"
3179,1983,344,updated,2025-07-15 15:33:31,"{""field"":""original_url"",""new_value"":""https://relay.cloud/beacon/6659""}"
3180,1876,176,updated,2025-11-28 14:52:51,"{""field"":""original_url"",""new_value"":""https://opswise.net/lagoon/11""}"
3181,599,376,updated,2025-03-01 10:23:32,"{""field"":""title"",""new_value"":""promoted""}"
3182,1345,99,updated,2025-06-11 12:02:37,"{""field"":""title"",""new_value"":""promoted""}"
3183,937,225,updated,2025-04-21 01:44:04,"{""field"":""original_url"",""new_value"":""https://acme.dev/valley/4347""}"
3184,772,143,updated,2025-07-05 20:53:46,"{""field"":""title"",""new_value"":""rerouted""}"
3185,1057,173,updated,2025-09-16 07:43:18,"{""field"":""title"",""new_value"":""boosted""}"
3186,1989,193,updated,2025-10-25 10:52:13,"{""field"":""is_active"",""new_value"":""refined""}"
3187,1318,107,updated,2025-01-09 02:29:00,"{""field"":""original_url"",""new_value"":""https://seeded.app/anchor/4649""}"
3188,1855,41,updated,2025-09-13 02:29:47,"{""field"":""original_url"",""new_value"":""https://example.com/orbit/4399""}"
3189,921,253,updated,2025-11-03 01:00:46,"{""field"":""is_active"",""new_value"":""rerouted""}"
3190,1562,291,updated,2025-10-31 04:01:01,"{""field"":""original_url"",""new_value"":""https://relay.cloud/orbit/6180""}"
3191,279,3,updated,2025-07-24 02:04:20,"{""field"":""title"",""new_value"":""patched""}"
3192,1820,145,updated,2025-07-07 14:56:31,"{""field"":""title"",""new_value"":""refined""}"
3193,461,303,updated,2025-08-27 02:34:54,"{""field"":""is_active"",""new_value"":""promoted""}"
3194,1928,304,updated,2026-01-01 21:15:22,"{""field"":""is_active"",""new_value"":""archived""}"
3195,1667,315,updated,2025-03-20 23:57:22,"{""field"":""original_url"",""new_value"":""https://hackstack.io/journey/592""}"
3196,174,241,updated,2026-02-09 21:44:52,"{""field"":""original_url"",""new_value"":""https://hackstack.io/beacon/1346""}"
3197,1083,398,updated,2025-06-10 14:53:19,"{""field"":""title"",""new_value"":""refined""}"
3198,1075,322,updated,2025-03-13 19:36:04,"{""field"":""title"",""new_value"":""boosted""}"
3199,767,319,updated,2026-02-26 20:15:06,"{""field"":""original_url"",""new_value"":""https://relay.cloud/lagoon/5257""}"
3200,1024,44,updated,2025-04-03 21:09:51,"{""field"":""is_active"",""new_value"":""refined""}"
3201,838,53,updated,2026-01-29 22:19:47,"{""field"":""original_url"",""new_value"":""https://relay.cloud/harvest/51""}"
3202,1117,78,updated,2025-05-14 08:11:44,"{""field"":""is_active"",""new_value"":""archived""}"
3203,1519,272,updated,2025-09-24 17:42:41,"{""field"":""original_url"",""new_value"":""https://hackstack.io/pioneer/7239""}"
3204,941,307,updated,2025-01-17 07:31:48,"{""field"":""is_active"",""new_value"":""refined""}"
3205,1096,290,updated,2025-10-19 22:28:59,"{""field"":""is_active"",""new_value"":""rotated""}"
3206,1530,98,updated,2025-02-03 06:12:41,"{""field"":""is_active"",""new_value"":""rerouted""}"
3207,1007,104,deleted,2025-12-12 02:59:07,"{""reason"":""user_requested""}"
3208,1254,274,deleted,2026-02-11 15:48:27,"{""reason"":""user_requested""}"
3209,515,166,deleted,2025-03-25 23:46:56,"{""reason"":""expired""}"
3210,1380,201,deleted,2025-11-18 19:22:00,"{""reason"":""user_requested""}"
3211,1573,143,deleted,2026-02-11 20:53:33,"{""reason"":""user_requested""}"
3212,898,268,deleted,2025-09-08 02:20:30,"{""reason"":""user_requested""}"
3213,1234,109,deleted,2025-05-29 03:29:17,"{""reason"":""policy_cleanup""}"
3214,456,129,deleted,2025-12-25 13:06:29,"{""reason"":""policy_cleanup""}"
3215,836,379,deleted,2025-12-16 07:32:00,"{""reason"":""expired""}"
3216,1421,252,deleted,2025-09-06 08:22:07,"{""reason"":""expired""}"
3217,1690,152,deleted,2025-12-27 04:35:55,"{""reason"":""user_requested""}"
3218,396,321,deleted,2025-04-07 18:48:57,"{""reason"":""user_requested""}"
3219,393,237,deleted,2026-01-15 21:35:07,"{""reason"":""expired""}"
3220,1766,17,deleted,2026-01-19 09:42:41,"{""reason"":""policy_cleanup""}"
3221,736,117,deleted,2025-06-14 02:03:36,"{""reason"":""duplicate""}"
3222,1976,229,deleted,2025-03-22 00:10:31,"{""reason"":""user_requested""}"
3223,1172,54,deleted,2025-04-08 20:37:29,"{""reason"":""duplicate""}"
3224,462,363,deleted,2025-11-05 07:16:34,"{""reason"":""user_requested""}"
3225,548,368,deleted,2025-05-09 06:18:41,"{""reason"":""policy_cleanup""}"
3226,988,104,deleted,2025-12-27 18:23:42,"{""reason"":""policy_cleanup""}"
3227,1936,235,deleted,2025-08-03 07:38:15,"{""reason"":""user_requested""}"
3228,1115,56,deleted,2025-03-12 01:52:50,"{""reason"":""duplicate""}"
3229,1941,335,deleted,2025-03-27 20:54:44,"{""reason"":""user_requested""}"
3230,815,246,deleted,2025-02-27 06:31:44,"{""reason"":""policy_cleanup""}"
3231,561,364,deleted,2025-06-15 23:37:02,"{""reason"":""duplicate""}"
3232,1266,169,deleted,2025-01-15 06:26:41,"{""reason"":""policy_cleanup""}"
3233,1703,352,deleted,2025-01-26 23:49:30,"{""reason"":""expired""}"
3234,290,105,deleted,2025-03-01 14:52:47,"{""reason"":""duplicate""}"
3235,320,6,deleted,2026-02-04 15:01:28,"{""reason"":""duplicate""}"
3236,1981,194,deleted,2025-01-14 08:06:15,"{""reason"":""duplicate""}"
3237,336,2,deleted,2026-01-29 03:03:59,"{""reason"":""expired""}"
3238,355,257,deleted,2025-06-23 09:15:48,"{""reason"":""policy_cleanup""}"
3239,79,296,deleted,2025-08-21 00:18:10,"{""reason"":""policy_cleanup""}"
3240,663,165,deleted,2025-10-05 10:57:28,"{""reason"":""user_requested""}"
3241,108,310,deleted,2025-03-22 20:51:08,"{""reason"":""policy_cleanup""}"
3242,314,249,deleted,2026-02-01 19:49:02,"{""reason"":""policy_cleanup""}"
3243,294,239,deleted,2025-07-24 15:28:01,"{""reason"":""expired""}"
3244,1489,31,deleted,2026-01-31 22:12:51,"{""reason"":""user_requested""}"
3245,272,125,deleted,2025-12-11 14:06:48,"{""reason"":""policy_cleanup""}"
3246,1619,30,deleted,2026-01-10 05:09:05,"{""reason"":""duplicate""}"
3247,692,354,deleted,2025-07-04 18:08:23,"{""reason"":""duplicate""}"
3248,201,301,deleted,2025-01-23 21:25:50,"{""reason"":""expired""}"
3249,1885,199,deleted,2025-08-27 00:04:56,"{""reason"":""user_requested""}"
3250,572,262,deleted,2025-12-08 05:22:38,"{""reason"":""expired""}"
3251,1902,350,deleted,2025-01-09 03:50:17,"{""reason"":""user_requested""}"
3252,1993,137,deleted,2025-07-02 18:06:53,"{""reason"":""user_requested""}"
3253,667,142,deleted,2026-02-04 13:52:04,"{""reason"":""duplicate""}"
3254,1796,104,deleted,2025-01-02 00:01:32,"{""reason"":""user_requested""}"
3255,1524,121,deleted,2026-02-19 08:56:41,"{""reason"":""policy_cleanup""}"
3256,1078,386,deleted,2025-06-01 23:42:31,"{""reason"":""user_requested""}"
3257,1104,201,deleted,2026-01-14 17:20:18,"{""reason"":""policy_cleanup""}"
3258,185,371,deleted,2025-12-14 10:27:14,"{""reason"":""duplicate""}"
3259,473,87,deleted,2025-06-04 12:33:03,"{""reason"":""expired""}"
3260,794,176,deleted,2025-09-02 06:24:08,"{""reason"":""duplicate""}"
3261,327,294,deleted,2025-08-10 02:36:46,"{""reason"":""user_requested""}"
3262,278,169,deleted,2025-01-02 12:20:50,"{""reason"":""policy_cleanup""}"
3263,1426,145,deleted,2026-01-31 02:57:32,"{""reason"":""policy_cleanup""}"
3264,1209,3,deleted,2026-01-31 01:37:21,"{""reason"":""user_requested""}"
3265,964,370,deleted,2025-06-12 22:25:00,"{""reason"":""expired""}"
3266,1107,355,deleted,2025-10-07 10:22:48,"{""reason"":""expired""}"
3267,1984,355,deleted,2025-11-02 03:05:35,"{""reason"":""policy_cleanup""}"
3268,577,132,deleted,2025-11-27 21:23:45,"{""reason"":""expired""}"
3269,167,200,deleted,2025-06-11 04:21:55,"{""reason"":""policy_cleanup""}"
3270,466,162,deleted,2025-12-13 13:07:16,"{""reason"":""policy_cleanup""}"
3271,356,1,deleted,2025-07-12 08:27:41,"{""reason"":""expired""}"
3272,1707,393,deleted,2025-11-07 13:21:14,"{""reason"":""user_requested""}"
3273,788,221,deleted,2025-09-29 03:50:51,"{""reason"":""user_requested""}"
3274,427,353,deleted,2025-10-04 21:08:04,"{""reason"":""expired""}"
3275,694,170,deleted,2025-02-14 02:47:32,"{""reason"":""expired""}"
3276,1513,44,deleted,2026-02-01 15:34:49,"{""reason"":""user_requested""}"
3277,1284,124,deleted,2025-01-15 16:45:13,"{""reason"":""policy_cleanup""}"
3278,1425,138,deleted,2025-08-07 10:13:33,"{""reason"":""user_requested""}"
3279,1403,391,deleted,2025-02-25 23:28:43,"{""reason"":""duplicate""}"
3280,1282,258,deleted,2025-07-01 07:20:11,"{""reason"":""policy_cleanup""}"
3281,765,305,deleted,2026-01-21 20:02:22,"{""reason"":""user_requested""}"
3282,1592,153,deleted,2025-10-24 22:15:03,"{""reason"":""policy_cleanup""}"
3283,557,96,deleted,2025-10-18 04:02:49,"{""reason"":""expired""}"
3284,1185,383,deleted,2025-07-02 05:33:18,"{""reason"":""policy_cleanup""}"
3285,258,16,deleted,2025-08-25 09:04:49,"{""reason"":""expired""}"
3286,357,31,deleted,2025-09-28 15:59:52,"{""reason"":""user_requested""}"
3287,505,141,deleted,2025-07-05 06:23:27,"{""reason"":""policy_cleanup""}"
3288,124,315,deleted,2025-11-05 23:17:14,"{""reason"":""policy_cleanup""}"
3289,255,218,deleted,2025-12-07 07:43:09,"{""reason"":""policy_cleanup""}"
3290,171,287,deleted,2025-02-08 19:14:05,"{""reason"":""user_requested""}"
3291,475,337,deleted,2025-10-18 11:23:34,"{""reason"":""expired""}"
3292,1437,72,deleted,2025-10-29 21:12:22,"{""reason"":""policy_cleanup""}"
3293,586,218,deleted,2025-05-12 15:32:43,"{""reason"":""duplicate""}"
3294,784,22,deleted,2025-05-29 14:25:04,"{""reason"":""policy_cleanup""}"
3295,1697,22,deleted,2025-08-07 09:35:34,"{""reason"":""user_requested""}"
3296,1303,38,deleted,2025-04-03 15:39:15,"{""reason"":""user_requested""}"
3297,1858,309,deleted,2025-11-17 00:32:32,"{""reason"":""expired""}"
3298,1834,65,deleted,2025-06-16 19:36:05,"{""reason"":""user_requested""}"
3299,1348,144,deleted,2025-04-07 15:21:28,"{""reason"":""expired""}"
3300,1839,218,deleted,2025-08-21 09:15:27,"{""reason"":""policy_cleanup""}"
3301,848,400,deleted,2025-11-06 10:10:21,"{""reason"":""duplicate""}"
3302,1047,19,deleted,2025-03-24 20:49:19,"{""reason"":""expired""}"
3303,1654,360,deleted,2025-07-23 07:08:58,"{""reason"":""policy_cleanup""}"
3304,578,75,deleted,2025-01-05 02:55:59,"{""reason"":""user_requested""}"
3305,880,76,deleted,2025-04-03 15:18:32,"{""reason"":""expired""}"
3306,363,228,deleted,2025-09-20 07:10:05,"{""reason"":""duplicate""}"
3307,1728,245,deleted,2025-09-29 05:45:58,"{""reason"":""policy_cleanup""}"
3308,763,47,deleted,2025-01-09 23:53:00,"{""reason"":""user_requested""}"
3309,950,169,deleted,2025-01-15 16:34:16,"{""reason"":""user_requested""}"
3310,120,111,deleted,2025-02-11 09:36:26,"{""reason"":""user_requested""}"
3311,978,29,deleted,2025-05-21 08:47:50,"{""reason"":""user_requested""}"
3312,748,273,deleted,2025-09-15 09:01:40,"{""reason"":""user_requested""}"
3313,634,115,deleted,2025-10-21 22:45:29,"{""reason"":""duplicate""}"
3314,200,357,deleted,2025-05-05 06:15:31,"{""reason"":""policy_cleanup""}"
3315,382,193,deleted,2025-11-07 03:34:53,"{""reason"":""policy_cleanup""}"
3316,32,179,deleted,2025-06-30 07:56:10,"{""reason"":""policy_cleanup""}"
3317,1837,203,deleted,2026-02-04 11:34:39,"{""reason"":""expired""}"
3318,166,22,deleted,2025-05-08 06:41:35,"{""reason"":""user_requested""}"
3319,1585,125,deleted,2025-03-14 19:15:03,"{""reason"":""duplicate""}"
3320,1428,61,deleted,2025-06-11 05:06:12,"{""reason"":""expired""}"
3321,624,327,deleted,2025-09-24 05:43:48,"{""reason"":""expired""}"
3322,612,177,deleted,2025-12-14 23:43:16,"{""reason"":""duplicate""}"
3323,940,212,deleted,2025-11-24 20:30:34,"{""reason"":""expired""}"
3324,646,91,deleted,2025-10-04 09:57:55,"{""reason"":""duplicate""}"
3325,923,313,deleted,2025-01-08 19:35:10,"{""reason"":""user_requested""}"
3326,699,61,deleted,2025-10-14 23:11:20,"{""reason"":""user_requested""}"
3327,735,257,deleted,2025-06-24 21:31:56,"{""reason"":""user_requested""}"
3328,649,185,deleted,2025-09-26 01:49:28,"{""reason"":""duplicate""}"
3329,1569,34,deleted,2025-09-17 21:12:15,"{""reason"":""user_requested""}"
3330,948,333,deleted,2025-12-03 18:28:25,"{""reason"":""user_requested""}"
3331,1221,118,deleted,2025-06-11 21:40:09,"{""reason"":""policy_cleanup""}"
3332,252,110,deleted,2025-02-27 23:18:04,"{""reason"":""duplicate""}"
3333,1117,78,deleted,2025-03-25 13:36:50,"{""reason"":""duplicate""}"
3334,1163,199,deleted,2025-06-06 00:56:25,"{""reason"":""duplicate""}"
3335,1906,361,deleted,2025-08-17 05:38:47,"{""reason"":""policy_cleanup""}"
3336,321,299,deleted,2026-02-27 17:12:40,"{""reason"":""expired""}"
3337,579,60,deleted,2025-03-01 13:21:03,"{""reason"":""policy_cleanup""}"
3338,8,397,deleted,2025-03-26 08:29:41,"{""reason"":""policy_cleanup""}"
3339,932,279,deleted,2025-05-30 23:04:12,"{""reason"":""user_requested""}"
3340,912,177,deleted,2025-05-23 02:03:20,"{""reason"":""policy_cleanup""}"
3341,1623,365,deleted,2025-09-18 06:54:57,"{""reason"":""expired""}"
3342,48,101,deleted,2025-07-03 13:46:16,"{""reason"":""user_requested""}"
3343,1908,336,deleted,2025-01-01 21:38:02,"{""reason"":""expired""}"
3344,1905,69,deleted,2025-09-05 11:30:49,"{""reason"":""policy_cleanup""}"
3345,20,116,deleted,2025-04-06 05:30:18,"{""reason"":""expired""}"
3346,531,220,deleted,2025-05-09 22:41:53,"{""reason"":""duplicate""}"
3347,103,247,deleted,2025-05-19 08:19:23,"{""reason"":""policy_cleanup""}"
3348,1427,333,deleted,2025-10-17 17:32:17,"{""reason"":""policy_cleanup""}"
3349,1223,262,deleted,2025-09-16 21:55:15,"{""reason"":""duplicate""}"
3350,1395,267,deleted,2025-04-15 16:05:17,"{""reason"":""expired""}"
3351,825,200,deleted,2025-12-09 01:45:04,"{""reason"":""policy_cleanup""}"
3352,1148,99,deleted,2025-03-14 12:57:01,"{""reason"":""duplicate""}"
3353,92,65,deleted,2025-03-17 02:51:58,"{""reason"":""expired""}"
3354,364,108,deleted,2025-01-10 18:57:17,"{""reason"":""user_requested""}"
3355,1228,157,deleted,2025-11-06 23:25:34,"{""reason"":""user_requested""}"
3356,1285,180,deleted,2025-02-24 12:14:27,"{""reason"":""user_requested""}"
3357,300,147,deleted,2025-09-11 00:15:40,"{""reason"":""user_requested""}"
3358,1881,128,deleted,2025-11-14 17:04:45,"{""reason"":""duplicate""}"
3359,303,7,deleted,2025-08-21 14:23:55,"{""reason"":""user_requested""}"
3360,1475,374,deleted,2025-07-14 08:17:45,"{""reason"":""user_requested""}"
3361,1082,51,deleted,2025-04-02 12:31:22,"{""reason"":""user_requested""}"
3362,1052,337,deleted,2025-01-05 16:35:50,"{""reason"":""duplicate""}"
3363,202,65,deleted,2025-10-13 09:12:32,"{""reason"":""duplicate""}"
3364,129,294,deleted,2025-10-30 14:01:21,"{""reason"":""expired""}"
3365,1521,262,deleted,2025-05-08 13:28:30,"{""reason"":""duplicate""}"
3366,556,331,deleted,2025-06-15 15:12:28,"{""reason"":""policy_cleanup""}"
3367,1279,308,deleted,2025-04-08 09:00:23,"{""reason"":""duplicate""}"
3368,1085,91,deleted,2026-01-17 02:50:58,"{""reason"":""duplicate""}"
3369,14,170,deleted,2025-07-03 06:57:22,"{""reason"":""user_requested""}"
3370,341,101,deleted,2025-05-20 08:17:57,"{""reason"":""expired""}"
3371,631,27,deleted,2025-11-03 08:18:07,"{""reason"":""expired""}"
3372,1514,215,deleted,2025-04-29 16:00:24,"{""reason"":""duplicate""}"
3373,1793,176,deleted,2025-07-07 15:55:56,"{""reason"":""duplicate""}"
3374,281,279,deleted,2025-04-24 02:22:15,"{""reason"":""duplicate""}"
3375,743,302,deleted,2025-07-18 03:45:16,"{""reason"":""duplicate""}"
3376,1308,94,deleted,2025-12-05 21:35:57,"{""reason"":""policy_cleanup""}"
3377,1335,85,deleted,2025-11-10 06:44:27,"{""reason"":""policy_cleanup""}"
3378,1517,341,deleted,2025-02-18 23:03:50,"{""reason"":""duplicate""}"
3379,1606,207,deleted,2025-07-07 20:46:36,"{""reason"":""user_requested""}"
3380,1872,312,deleted,2025-08-30 08:52:58,"{""reason"":""policy_cleanup""}"
3381,425,301,deleted,2025-06-08 09:54:38,"{""reason"":""user_requested""}"
3382,1818,194,deleted,2025-06-15 03:01:23,"{""reason"":""expired""}"
3383,1022,184,deleted,2025-05-19 07:05:10,"{""reason"":""expired""}"
3384,1574,52,deleted,2025-01-16 02:36:16,"{""reason"":""expired""}"
3385,299,327,deleted,2025-06-11 16:34:48,"{""reason"":""policy_cleanup""}"
3386,1210,18,deleted,2025-08-04 20:11:44,"{""reason"":""expired""}"
3387,758,126,deleted,2025-05-04 05:16:42,"{""reason"":""expired""}"
3388,865,209,deleted,2025-03-21 15:02:43,"{""reason"":""expired""}"
3389,510,101,deleted,2025-08-22 20:02:42,"{""reason"":""expired""}"
3390,250,331,deleted,2025-07-08 17:04:24,"{""reason"":""user_requested""}"
3391,451,149,deleted,2025-06-02 14:12:14,"{""reason"":""duplicate""}"
3392,536,398,deleted,2025-04-28 23:31:06,"{""reason"":""expired""}"
3393,1610,362,deleted,2025-04-05 22:29:22,"{""reason"":""expired""}"
3394,851,189,deleted,2025-03-21 13:17:49,"{""reason"":""expired""}"
3395,25,184,deleted,2025-01-08 10:09:49,"{""reason"":""duplicate""}"
3396,783,201,deleted,2025-10-31 06:29:53,"{""reason"":""user_requested""}"
3397,1931,250,deleted,2025-12-06 17:54:30,"{""reason"":""policy_cleanup""}"
3398,1259,129,deleted,2025-11-01 04:55:20,"{""reason"":""duplicate""}"
3399,1671,60,deleted,2026-02-01 08:05:10,"{""reason"":""duplicate""}"
3400,1948,52,deleted,2025-01-12 09:11:32,"{""reason"":""policy_cleanup""}"
3401,1985,354,deleted,2025-11-05 11:53:12,"{""reason"":""duplicate""}"
3402,890,14,deleted,2026-02-05 14:31:26,"{""reason"":""user_requested""}"
3403,522,286,deleted,2025-02-04 22:13:28,"{""reason"":""expired""}"
3404,1069,305,deleted,2025-09-20 10:19:16,"{""reason"":""user_requested""}"
3405,545,321,deleted,2025-02-20 04:07:19,"{""reason"":""user_requested""}"
3406,1688,311,deleted,2025-05-22 19:32:01,"{""reason"":""expired""}"
3407,1770,160,deleted,2025-07-13 10:13:41,"{""reason"":""policy_cleanup""}"
3408,1175,151,deleted,2025-05-01 22:20:21,"{""reason"":""policy_cleanup""}"
3409,1429,334,deleted,2026-01-07 11:57:40,"{""reason"":""policy_cleanup""}"
3410,899,376,deleted,2025-12-26 07:40:30,"{""reason"":""policy_cleanup""}"
3411,1835,272,deleted,2025-01-30 16:24:45,"{""reason"":""user_requested""}"
3412,1106,155,deleted,2025-12-21 21:54:47,"{""reason"":""duplicate""}"
3413,821,19,deleted,2025-12-19 14:14:45,"{""reason"":""user_requested""}"
3414,1630,188,deleted,2025-01-14 01:26:19,"{""reason"":""policy_cleanup""}"
3415,121,65,deleted,2025-08-04 13:45:49,"{""reason"":""user_requested""}"
3416,409,279,deleted,2025-04-21 08:59:43,"{""reason"":""user_requested""}"
3417,344,164,deleted,2025-01-21 21:36:03,"{""reason"":""expired""}"
3418,1833,321,deleted,2026-02-28 15:44:19,"{""reason"":""expired""}"
3419,1454,32,deleted,2025-08-28 08:27:18,"{""reason"":""expired""}"
3420,769,136,deleted,2026-02-18 12:30:32,"{""reason"":""user_requested""}"
3421,373,379,deleted,2025-01-30 01:17:20,"{""reason"":""policy_cleanup""}"
3422,1685,151,deleted,2025-11-01 22:52:34,"{""reason"":""expired""}"
