id,user_id,short_code,original_url,title,is_active,created_at,updated_at
1,1,TIjekh,https://relay.cloud/quiet/orbit/1,Incident notes river,True,2025-06-21 20:20:35,2026-01-17 06:23:24
2,106,2Aou6Q,https://relay.cloud/cobalt/zenith/2,Roadmap update zenith,True,2025-01-22 08:44:58,2025-09-08 15:11:31
3,330,WRvTlO,https://example.com/navy/window/3,Quarterly brief signal,True,2026-01-04 05:20:08,2026-01-26 12:40:38
4,194,noW3mf,https://acme.dev/amber/lagoon/4,Launch deck beacon,True,2025-09-19 10:24:58,2025-11-01 03:28:36
5,98,nCH19h,https://acme.dev/urban/valley/5,Ops review engine,True,2026-01-15 04:02:08,2026-02-15 18:27:33
6,165,TjY9YA,https://acme.dev/jade/orbit/6,Ops review window,True,2025-08-12 16:32:53,2026-01-14 16:40:48
7,288,hP4WQX,https://acme.dev/rapid/river/7,Alert feed beacon,True,2025-12-11 02:31:35,2025-12-24 08:14:24
8,397,5EkCSx,https://relay.cloud/tidy/anchor/8,Service guide signal,True,2025-03-30 12:50:58,2025-10-13 13:24:55
9,329,Z7VWMk,https://relay.cloud/young/window/9,Alert feed kernel,True,2025-09-16 05:34:41,2026-01-06 23:46:21
10,249,IlkcCV,https://acme.dev/ember/window/10,Alert feed beacon,False,2025-12-19 00:46:28,2026-01-11 15:08:23
11,193,7nAyG5,https://relay.cloud/lively/delta/11,Ops review canyon,True,2025-03-31 07:47:55,2025-10-28 12:16:23
12,70,PNlub9,https://hackstack.io/proud/delta/12,Alert feed window,False,2025-05-23 00:55:37,2025-11-03 17:10:47
13,233,CfYUPx,https://example.com/cobalt/meadow/13,Quarterly brief quartz,True,2025-06-18 16:59:18,2025-07-13 12:02:30
14,170,uhHUVY,https://example.com/clear/signal/14,Launch deck island,True,2025-07-05 07:53:58,2026-01-17 23:50:25
15,347,jKeGes,https://hackstack.io/harbor/window/15,Campaign page uplink,True,2025-10-14 09:08:47,2025-11-24 05:11:16
16,354,ID13lz,https://seeded.app/navy/island/16,Ops review network,True,2025-03-30 11:40:13,2025-06-09 00:47:11
17,40,gVoj0E,https://acme.dev/forest/journey/17,Quarterly brief lagoon,True,2025-08-19 20:11:42,2026-02-19 06:58:02
18,65,NYX5uz,https://relay.cloud/amber/harvest/18,Launch deck delta,True,2025-07-18 02:57:12,2025-12-28 14:16:09
19,386,mRGIXO,https://acme.dev/young/kernel/19,Service guide network,False,2025-03-11 19:21:25,2026-01-08 18:08:45
20,116,Etfc01,https://hackstack.io/rapid/engine/20,Launch deck kernel,True,2025-12-22 09:35:50,2026-02-05 19:51:24
21,310,Qiq5eJ,https://relay.cloud/urban/engine/21,Service guide window,True,2025-07-12 08:52:40,2025-07-26 20:22:21
22,231,pMm6M8,https://relay.cloud/forest/pioneer/22,Launch deck journey,True,2025-12-27 14:23:46,2026-01-31 09:56:08
23,111,R0wS2f,https://hackstack.io/vivid/yard/23,Launch deck signal,True,2025-06-29 11:04:44,2025-12-14 09:25:32
24,110,CmhoHy,https://acme.dev/mellow/orbit/24,Demo link journey,True,2026-01-22 07:12:55,2026-02-02 21:47:00
25,184,C9lHbG,https://acme.dev/calm/garden/25,Alert feed trail,False,2025-07-16 18:22:03,2025-08-21 11:50:56
26,243,gCj2dq,https://example.com/mellow/lagoon/26,Alert feed kernel,True,2025-08-25 22:19:31,2025-09-27 01:16:36
27,326,Fx3v8F,https://hackstack.io/cobalt/beacon/27,Incident notes island,True,2025-06-08 05:14:34,2025-06-17 09:51:13
28,191,y6JQZR,https://example.com/young/delta/28,Campaign page meadow,True,2025-05-15 17:10:06,2025-09-02 02:53:27
29,181,TaqXCm,https://example.com/rapid/garden/29,Service guide engine,True,2025-09-23 23:34:44,2025-11-16 21:44:14
30,293,W1WzMk,https://relay.cloud/mellow/yard/30,Roadmap update network,True,2025-01-16 18:48:23,2025-02-13 05:37:45
31,208,Jr6Dtf,https://relay.cloud/warm/orbit/31,Service guide valley,True,2025-10-14 14:06:03,2025-11-15 01:17:39
32,179,bFSgAE,https://example.com/amber/orbit/32,Ops review field,True,2025-02-13 17:04:56,2025-03-12 10:56:30
33,170,nw53HU,https://relay.cloud/silver/anchor/33,Roadmap update engine,True,2025-02-18 17:15:20,2025-06-17 02:07:43
34,247,nEp1fb,https://seeded.app/clear/meadow/34,Alert feed beacon,False,2025-05-09 18:15:48,2025-09-08 10:49:29
35,189,FihugI,https://acme.dev/brisk/journey/35,Campaign page signal,True,2025-07-14 22:32:03,2025-08-19 15:58:31
36,167,5qaE8r,https://hackstack.io/clear/anchor/36,Quarterly brief signal,True,2025-09-02 07:07:42,2025-12-08 14:58:52
37,236,c6jFpS,https://example.com/forest/garden/37,Campaign page kernel,True,2025-12-26 23:14:57,2026-02-02 16:56:40
38,390,XppBd4,https://acme.dev/silver/window/38,Demo link beacon,True,2025-07-07 15:49:17,2025-10-20 09:48:50
39,172,lPvdPF,https://seeded.app/amber/island/39,Quarterly brief journey,True,2025-08-09 03:05:55,2026-01-25 16:43:50
40,12,hDZYLh,https://example.com/jade/anchor/40,Incident notes island,True,2025-06-15 07:45:18,2025-12-07 06:47:14
41,161,Ld1Bd3,https://seeded.app/clear/trail/41,Demo link uplink,True,2025-11-18 16:32:06,2025-12-23 08:24:55
42,241,DiE141,https://hackstack.io/silver/anchor/42,Quarterly brief beacon,False,2026-02-05 02:01:06,2026-02-09 00:19:42
43,352,9UhAwr,https://acme.dev/quiet/canyon/43,Launch deck uplink,True,2025-11-09 06:48:52,2026-01-11 08:46:14
44,14,KeWBfx,https://acme.dev/tidy/quartz/44,Demo link garden,True,2025-12-19 00:01:30,2026-01-11 07:51:10
45,87,x3eGYC,https://relay.cloud/warm/valley/45,Demo link kernel,True,2026-01-24 17:23:24,2026-02-11 05:29:11
46,296,MEI15H,https://relay.cloud/lively/river/46,Roadmap update uplink,True,2025-06-04 15:29:42,2025-12-20 21:23:01
47,346,O2ipFz,https://example.com/mellow/river/47,Roadmap update river,True,2025-12-16 08:55:42,2026-01-02 21:15:21
48,101,GCZlcr,https://seeded.app/silver/uplink/48,Campaign page journey,True,2025-12-23 15:05:33,2026-02-08 10:43:14
49,347,t1FjKv,https://acme.dev/forest/trail/49,Quarterly brief signal,False,2025-12-24 16:18:31,2026-01-17 20:45:47
50,108,LcC0Yz,https://example.com/dawn/engine/50,Launch deck field,True,2025-06-21 12:15:56,2025-07-02 14:51:16
51,164,EAlMHL,https://example.com/rapid/uplink/51,Demo link trail,True,2025-07-28 15:45:11,2026-02-18 08:46:40
52,249,GH7iB1,https://example.com/urban/signal/52,Quarterly brief network,True,2025-01-24 06:54:18,2025-08-13 11:28:14
53,231,LA88VB,https://seeded.app/gold/pioneer/53,Campaign page journey,True,2025-02-12 15:43:56,2025-03-04 19:11:25
54,99,azapwY,https://relay.cloud/keen/valley/54,Launch deck harvest,True,2025-10-17 01:31:51,2025-12-04 07:22:06
55,337,Svq0Yo,https://example.com/brisk/engine/55,Ops review orbit,True,2025-06-15 15:19:56,2025-07-19 10:40:27
56,222,IYKwse,https://acme.dev/cobalt/zenith/56,Ops review river,True,2025-01-26 04:07:26,2025-04-16 20:57:36
57,108,UsjFCo,https://seeded.app/ember/quartz/57,Quarterly brief lagoon,True,2025-02-14 18:16:56,2025-07-21 05:18:44
58,126,EYPd0O,https://example.com/clear/kernel/58,Ops review valley,True,2025-01-03 00:55:17,2025-01-17 13:38:34
59,55,J8WFju,https://example.com/lively/engine/59,Launch deck beacon,True,2025-05-05 16:32:15,2025-11-04 16:28:16
60,23,Hlzy4a,https://seeded.app/young/journey/60,Launch deck journey,True,2025-08-14 15:53:19,2026-02-06 13:31:57
61,249,BR6WCU,https://seeded.app/tidy/garden/61,Incident notes anchor,True,2026-01-30 11:27:04,2026-02-13 08:23:30
62,213,S7UlYU,https://hackstack.io/ember/window/62,Service guide anchor,True,2025-03-10 02:58:25,2025-11-01 17:15:36
63,343,0tsSfi,https://seeded.app/cobalt/river/63,Service guide delta,True,2025-05-15 14:29:05,2025-10-07 20:59:16
64,40,LvVOHZ,https://example.com/amber/uplink/64,Campaign page orbit,False,2025-07-12 09:15:46,2026-01-30 04:00:45
65,202,PoRLEN,https://example.com/silver/orbit/65,Incident notes zenith,True,2025-07-16 21:21:13,2025-09-01 13:38:01
66,60,5m1srL,https://acme.dev/opal/pioneer/66,Demo link trail,True,2025-09-22 17:30:30,2026-01-11 09:02:52
67,372,eyMUts,https://seeded.app/ember/signal/67,Launch deck quartz,True,2025-09-30 05:28:38,2025-10-04 02:33:38
68,219,0ogqJY,https://opswise.net/lively/engine/68,Campaign page window,True,2025-10-01 21:34:02,2026-01-01 07:47:48
69,238,gKkNfG,https://acme.dev/opal/harvest/69,Ops review engine,True,2026-02-17 12:06:49,2026-02-19 06:19:39
70,16,j27N5C,https://relay.cloud/jade/delta/70,Ops review island,True,2025-07-26 02:50:49,2025-09-10 01:00:05
71,123,1QwuDf,https://opswise.net/silver/harvest/71,Alert feed island,True,2025-04-18 05:24:58,2025-06-21 00:33:20
72,350,nVu5KM,https://relay.cloud/young/lagoon/72,Quarterly brief kernel,False,2025-03-30 10:14:35,2025-09-12 00:46:34
73,90,k4trrl,https://example.com/cobalt/uplink/73,Launch deck quartz,False,2025-05-24 23:39:09,2025-08-14 06:20:59
74,263,VP89JA,https://opswise.net/brisk/anchor/74,Alert feed canyon,True,2025-07-13 22:21:02,2025-12-31 04:19:02
75,283,xNa25M,https://acme.dev/tidy/harvest/75,Ops review canyon,True,2025-05-01 16:54:16,2025-10-02 05:39:40
76,31,5rkYMK,https://seeded.app/vivid/delta/76,Alert feed network,True,2025-05-10 23:07:19,2025-06-17 19:11:58
77,361,1QH9aR,https://relay.cloud/dawn/window/77,Launch deck uplink,True,2025-04-05 07:23:40,2025-04-15 20:04:17
78,67,Q3Lutt,https://acme.dev/clear/engine/78,Service guide orbit,True,2025-11-01 01:52:34,2025-12-25 06:57:53
79,296,bB23ov,https://seeded.app/young/delta/79,Alert feed signal,True,2025-10-27 20:50:07,2025-12-29 10:23:21
80,269,vyPBCV,https://relay.cloud/young/engine/80,Ops review harvest,False,2025-06-07 03:33:01,2026-02-07 06:15:34
81,324,AUbZ1I,https://opswise.net/calm/anchor/81,Status board window,False,2025-06-03 12:21:49,2025-12-30 23:13:56
82,117,FZIXuU,https://opswise.net/brisk/trail/82,Quarterly brief window,True,2025-11-23 17:25:02,2025-12-29 03:12:20
83,196,ghcjhC,https://relay.cloud/cobalt/river/83,Campaign page anchor,True,2025-02-17 11:17:59,2025-03-03 21:21:17
84,23,ojykBm,https://example.com/urban/uplink/84,Alert feed lagoon,True,2026-02-10 23:30:40,2026-02-12 04:08:51
85,363,6J3RLM,https://hackstack.io/ember/anchor/85,Incident notes trail,True,2026-01-10 14:21:40,2026-01-17 08:56:36
86,126,Xbv2FG,https://relay.cloud/dawn/pioneer/86,Roadmap update canyon,True,2026-02-11 07:34:56,2026-02-19 17:45:54
87,294,cAgPsf,https://example.com/proud/canyon/87,Quarterly brief uplink,False,2025-06-04 04:02:05,2025-11-29 19:01:45
88,146,QJFaE5,https://hackstack.io/ivory/pioneer/88,Alert feed yard,True,2025-08-05 02:59:08,2025-09-12 08:54:51
89,229,bWA8b6,https://seeded.app/brisk/lagoon/89,Launch deck trail,False,2025-06-02 06:27:15,2025-11-25 15:19:22
90,207,kKNcQv,https://opswise.net/keen/orbit/90,Alert feed window,True,2025-11-19 11:03:38,2026-01-16 01:58:06
91,15,xXX546,https://relay.cloud/calm/window/91,Status board delta,True,2025-10-23 20:22:18,2025-12-07 01:46:38
92,65,lH0GOw,https://relay.cloud/proud/orbit/92,Ops review river,True,2025-12-18 22:03:02,2026-02-07 05:33:09
93,152,GQjSqA,https://opswise.net/young/zenith/93,Quarterly brief network,True,2025-11-18 01:54:17,2026-01-18 16:54:40
94,285,JOZpbJ,https://hackstack.io/vivid/signal/94,Incident notes zenith,True,2025-04-08 06:18:08,2025-10-03 16:14:11
95,59,vt8NFZ,https://seeded.app/brisk/delta/95,Alert feed field,False,2025-09-30 05:54:11,2026-02-05 17:14:27
96,4,4wTlZb,https://relay.cloud/tidy/canyon/96,Status board garden,True,2025-08-12 10:27:58,2025-08-14 00:36:59
97,309,uRruBd,https://opswise.net/cobalt/meadow/97,Incident notes valley,True,2025-06-14 20:15:14,2025-07-29 10:19:23
98,282,YrRZLA,https://seeded.app/keen/beacon/98,Alert feed quartz,False,2025-07-04 11:43:52,2025-10-01 02:25:19
99,54,as77So,https://relay.cloud/rapid/meadow/99,Alert feed trail,True,2025-02-27 12:53:38,2025-12-22 20:24:21
100,211,M2URdq,https://hackstack.io/cobalt/window/100,Roadmap update harvest,True,2025-04-20 16:14:41,2025-07-19 11:03:38
101,279,3Z1K78,https://seeded.app/jade/orbit/101,Launch deck river,True,2025-03-05 07:42:47,2026-02-01 12:59:05
102,376,8tCM37,https://hackstack.io/lively/kernel/102,Alert feed engine,True,2025-12-22 23:18:17,2026-02-19 05:01:18
103,247,2S6EIt,https://hackstack.io/calm/trail/103,Ops review delta,False,2025-01-30 23:59:09,2025-05-14 02:57:27
104,51,TeyF33,https://example.com/ivory/uplink/104,Campaign page quartz,True,2026-01-20 16:57:56,2026-02-07 08:47:34
105,182,VvMUYp,https://hackstack.io/lively/garden/105,Service guide zenith,True,2025-10-15 10:43:53,2026-02-19 02:07:37
106,262,qefxPl,https://relay.cloud/tidy/meadow/106,Ops review trail,True,2025-07-27 09:08:37,2025-09-03 05:23:12
107,62,Es9Pmy,https://example.com/rapid/river/107,Incident notes valley,True,2026-01-15 20:28:27,2026-02-12 12:55:47
108,310,GzR4Xf,https://relay.cloud/proud/journey/108,Launch deck harvest,True,2026-01-08 14:11:54,2026-01-17 02:50:24
109,373,3Zmndk,https://relay.cloud/silver/field/109,Demo link kernel,True,2025-03-05 18:50:28,2025-11-12 18:43:13
110,339,6R4dM8,https://example.com/quiet/delta/110,Quarterly brief kernel,True,2025-02-07 05:55:42,2025-07-30 22:55:46
111,248,QG0tTL,https://acme.dev/dawn/delta/111,Incident notes zenith,False,2025-10-25 00:16:09,2025-12-31 15:26:48
112,389,nQk9CB,https://seeded.app/calm/garden/112,Roadmap update window,True,2025-11-08 00:46:12,2025-11-09 09:47:04
113,77,jMWayQ,https://hackstack.io/opal/yard/113,Roadmap update beacon,True,2025-07-18 19:05:43,2025-11-07 21:07:19
114,37,Rbb6ex,https://seeded.app/dawn/beacon/114,Status board kernel,True,2025-11-11 11:19:47,2025-12-28 20:49:41
115,218,PvEmld,https://acme.dev/jade/engine/115,Alert feed engine,True,2025-05-30 10:38:18,2025-07-21 17:01:33
116,171,kdXihG,https://opswise.net/lively/window/116,Incident notes lagoon,True,2025-06-09 17:27:33,2025-12-11 23:12:16
117,3,SR12de,https://example.com/proud/island/117,Roadmap update garden,True,2025-06-14 12:08:04,2025-07-27 21:16:47
118,27,hYExxC,https://example.com/vivid/zenith/118,Quarterly brief harvest,True,2025-11-21 20:27:06,2026-01-04 02:40:43
119,191,DZrZ53,https://relay.cloud/urban/river/119,Incident notes window,True,2025-03-22 05:49:10,2026-02-01 03:19:55
120,111,eQcstJ,https://seeded.app/ivory/uplink/120,Demo link kernel,True,2025-03-06 14:34:36,2026-01-02 19:47:34
121,65,Eb1Gjm,https://example.com/silver/river/121,Demo link garden,False,2025-04-21 18:20:24,2025-10-18 22:31:57
122,19,7tKKmM,https://example.com/opal/valley/122,Alert feed trail,True,2026-01-01 02:47:33,2026-02-14 06:57:52
123,169,ZEWqt5,https://example.com/quiet/orbit/123,Ops review field,True,2025-05-03 12:35:01,2026-02-16 19:03:24
124,315,a3ZhnA,https://relay.cloud/warm/quartz/124,Service guide island,True,2025-11-09 01:53:03,2025-12-10 15:18:57
125,280,20qhaK,https://relay.cloud/silver/zenith/125,Campaign page kernel,True,2025-10-12 03:46:17,2025-10-19 16:48:40
126,28,eZb9Ve,https://seeded.app/lively/beacon/126,Campaign page lagoon,True,2025-11-11 07:20:09,2025-12-01 03:23:01
127,133,G9ubo4,https://seeded.app/cobalt/zenith/127,Ops review canyon,False,2025-12-09 01:36:59,2026-01-14 10:08:56
128,18,5SM8lD,https://acme.dev/calm/river/128,Incident notes delta,True,2025-01-06 15:35:37,2025-03-16 19:13:37
129,294,4hwInB,https://acme.dev/urban/delta/129,Status board harvest,False,2025-08-24 05:32:10,2025-12-17 23:19:31
130,247,u3SR28,https://opswise.net/dawn/delta/130,Alert feed trail,True,2025-11-19 16:46:20,2026-02-07 18:27:52
131,61,w5woz4,https://hackstack.io/quiet/valley/131,Status board quartz,True,2026-01-14 13:44:33,2026-01-28 14:54:37
132,254,xbmYap,https://hackstack.io/warm/journey/132,Quarterly brief beacon,True,2026-02-19 06:57:17,2026-02-19 16:03:36
133,188,ul29nH,https://seeded.app/harbor/harvest/133,Service guide valley,False,2025-05-23 14:23:23,2025-09-28 07:37:55
134,116,IBctEw,https://seeded.app/jade/harvest/134,Campaign page pioneer,False,2025-03-08 22:13:44,2025-07-22 13:25:01
135,80,XndgAx,https://opswise.net/cobalt/quartz/135,Status board zenith,False,2025-07-28 13:07:09,2026-01-07 15:15:18
136,82,KmEUmB,https://opswise.net/cobalt/engine/136,Incident notes garden,True,2026-01-08 06:46:11,2026-01-12 21:18:47
137,28,3lfPFb,https://opswise.net/young/engine/137,Roadmap update river,True,2025-03-25 04:12:28,2025-11-24 21:44:25
138,247,8MAlHG,https://example.com/tidy/kernel/138,Alert feed pioneer,True,2025-05-21 23:51:43,2025-07-25 16:31:32
139,293,gEaZwg,https://example.com/lively/delta/139,Quarterly brief quartz,True,2026-01-25 13:12:23,2026-02-18 09:08:55
140,272,BkaMCQ,https://relay.cloud/keen/field/140,Alert feed signal,True,2025-06-23 01:33:10,2025-07-21 06:13:22
141,302,JVhmrQ,https://seeded.app/jade/island/141,Campaign page network,True,2026-01-16 05:00:23,2026-01-19 22:19:06
142,52,wJ9ysM,https://example.com/clear/signal/142,Service guide beacon,False,2025-12-19 18:27:11,2026-01-02 23:41:09
143,217,O03iQ5,https://seeded.app/harbor/trail/143,Status board zenith,True,2025-02-01 21:15:27,2025-06-11 15:48:31
144,166,GiBqxd,https://relay.cloud/calm/river/144,Campaign page zenith,True,2025-11-19 03:27:51,2025-11-28 16:15:29
145,32,PwaNtT,https://opswise.net/quiet/network/145,Ops review valley,True,2025-03-07 02:27:16,2026-01-04 02:46:29
146,98,OfK61Q,https://relay.cloud/proud/canyon/146,Quarterly brief canyon,True,2025-02-16 02:40:30,2025-07-02 12:21:21
147,129,qwcC1u,https://example.com/gold/trail/147,Alert feed quartz,True,2025-07-10 20:12:04,2025-10-11 15:28:32
148,309,aYT03q,https://example.com/ember/zenith/148,Status board valley,False,2025-08-29 09:30:27,2025-09-17 19:44:41
149,130,GqYEZ4,https://example.com/young/meadow/149,Incident notes delta,False,2025-01-03 05:17:11,2025-12-19 13:57:35
150,92,okIgUX,https://hackstack.io/silver/quartz/150,Alert feed quartz,True,2025-04-30 01:06:14,2025-06-04 18:18:48
151,123,lPc1YT,https://seeded.app/forest/signal/151,Quarterly brief beacon,False,2025-07-15 19:37:53,2025-07-18 19:20:54
152,57,y6wNMU,https://example.com/harbor/network/152,Ops review river,True,2025-11-05 04:05:14,2025-12-28 09:57:51
153,7,tLkGFj,https://acme.dev/quiet/quartz/153,Service guide field,False,2026-01-03 06:28:49,2026-02-14 09:23:23
154,95,ubzWtE,https://example.com/keen/network/154,Ops review journey,True,2025-08-12 01:58:14,2025-12-09 09:20:54
155,119,XMbWI7,https://opswise.net/ivory/zenith/155,Status board lagoon,False,2025-12-13 18:22:12,2026-01-17 13:03:30
156,146,ooXoRy,https://hackstack.io/ember/island/156,Campaign page yard,True,2025-04-14 11:38:43,2025-05-01 10:41:14
157,50,dKzbHC,https://example.com/navy/lagoon/157,Roadmap update orbit,True,2025-12-06 03:33:34,2026-02-19 01:00:37
158,219,wmBsc1,https://seeded.app/mellow/zenith/158,Campaign page harvest,True,2025-07-29 20:55:28,2025-09-20 14:22:26
159,175,yLQsQv,https://acme.dev/amber/network/159,Incident notes zenith,True,2025-09-14 00:32:31,2026-01-21 10:31:49
160,375,AgTWIP,https://hackstack.io/navy/valley/160,Launch deck anchor,True,2025-10-12 07:19:18,2026-01-22 13:00:20
161,199,8vraFS,https://relay.cloud/ember/lagoon/161,Alert feed trail,True,2025-12-24 22:53:12,2026-01-25 23:43:09
162,222,9CtvM8,https://hackstack.io/silver/network/162,Launch deck harvest,True,2025-06-07 11:06:12,2025-08-15 12:51:41
163,8,oHFvTE,https://hackstack.io/dawn/harvest/163,Quarterly brief yard,False,2025-02-17 15:47:47,2025-03-12 15:55:00
164,128,5dKXj5,https://opswise.net/mellow/zenith/164,Campaign page journey,True,2025-09-25 08:26:18,2025-10-09 04:16:39
165,54,ijUsMG,https://example.com/calm/zenith/165,Status board window,False,2025-11-05 19:00:41,2026-01-27 17:07:30
166,22,vsX88R,https://relay.cloud/young/kernel/166,Status board island,True,2025-09-03 02:08:13,2025-12-06 00:06:40
167,200,FTQjdx,https://seeded.app/rapid/pioneer/167,Service guide trail,False,2025-01-07 15:09:11,2025-05-31 11:56:35
168,151,kYkH5T,https://relay.cloud/navy/window/168,Incident notes engine,True,2025-10-23 01:49:26,2026-02-04 00:55:24
169,253,tsEyUP,https://hackstack.io/amber/uplink/169,Alert feed trail,True,2026-01-27 16:19:25,2026-02-18 12:12:01
170,95,weFRQn,https://relay.cloud/quiet/signal/170,Ops review island,True,2025-11-28 00:49:22,2026-01-18 07:12:29
171,287,JIBLg9,https://seeded.app/navy/yard/171,Incident notes field,True,2025-06-03 11:32:05,2026-01-12 05:29:50
172,207,rwJTzI,https://seeded.app/vivid/engine/172,Launch deck canyon,False,2025-03-07 15:21:02,2025-09-26 22:41:07
173,269,Qr1qQD,https://acme.dev/gold/pioneer/173,Roadmap update network,True,2025-07-17 20:26:19,2025-11-03 12:04:43
174,241,bBIkNS,https://acme.dev/opal/window/174,Service guide pioneer,False,2025-02-05 17:14:52,2025-12-21 17:31:12
175,198,PjxuPV,https://example.com/urban/window/175,Alert feed window,True,2025-02-17 00:57:02,2026-02-13 23:28:13
176,93,VWbJgT,https://hackstack.io/proud/signal/176,Status board signal,True,2025-04-17 13:57:07,2025-04-22 02:41:26
177,171,Cm7i8L,https://acme.dev/clear/island/177,Roadmap update yard,True,2025-02-27 05:28:51,2025-08-26 06:04:00
178,24,xbFIQ4,https://relay.cloud/rapid/quartz/178,Incident notes beacon,True,2025-09-10 06:54:50,2025-10-06 17:37:12
179,174,z5XdBu,https://seeded.app/jade/trail/179,Status board canyon,True,2025-08-13 19:24:53,2025-09-02 08:17:21
180,144,xHchrc,https://seeded.app/ember/journey/180,Status board trail,True,2025-09-30 22:09:20,2025-11-15 15:50:21
181,233,7uIQI1,https://hackstack.io/vivid/uplink/181,Demo link engine,False,2025-07-30 01:25:43,2025-09-14 22:50:32
182,257,NdaJ1W,https://opswise.net/lively/signal/182,Launch deck orbit,True,2025-03-20 03:42:02,2026-02-20 18:36:41
183,98,XEKrgA,https://opswise.net/quiet/network/183,Quarterly brief meadow,True,2025-01-18 15:32:20,2025-02-12 06:28:53
184,398,T9fHb0,https://example.com/young/lagoon/184,Roadmap update field,True,2025-04-11 20:21:27,2025-09-10 04:42:46
185,371,l4zwp8,https://acme.dev/ember/engine/185,Status board field,True,2025-12-27 09:00:00,2026-01-14 20:16:56
186,65,hCGoWF,https://hackstack.io/cobalt/harvest/186,Service guide uplink,False,2025-02-28 04:47:43,2025-04-25 20:10:36
187,164,BUaLrf,https://opswise.net/dawn/beacon/187,Status board delta,True,2025-08-29 16:11:58,2025-09-08 05:30:23
188,1,1AOZo0,https://hackstack.io/cobalt/engine/188,Quarterly brief uplink,True,2025-10-13 00:57:57,2026-02-16 02:14:01
189,121,BWI2a9,https://relay.cloud/brisk/meadow/189,Roadmap update garden,True,2025-02-12 16:44:45,2025-10-15 15:33:15
190,127,5yt0Cr,https://acme.dev/rapid/orbit/190,Demo link anchor,True,2026-01-26 22:17:17,2026-02-04 18:42:28
191,336,u2Pl0U,https://opswise.net/calm/zenith/191,Demo link uplink,True,2025-09-01 03:20:30,2025-11-20 15:36:12
192,388,8iz27y,https://acme.dev/clear/quartz/192,Ops review canyon,True,2025-06-21 12:15:27,2025-08-27 13:55:29
193,378,P9ZIdM,https://example.com/forest/island/193,Alert feed journey,True,2025-06-13 20:11:56,2026-01-21 21:15:25
194,89,CuB2BP,https://acme.dev/young/meadow/194,Alert feed window,True,2026-02-08 13:55:01,2026-02-18 20:43:10
195,349,iA0Nok,https://opswise.net/dawn/zenith/195,Ops review journey,True,2025-07-06 18:59:00,2026-01-25 01:46:29
196,296,7neaAl,https://acme.dev/mellow/network/196,Campaign page journey,True,2025-10-18 16:17:47,2025-12-06 04:20:34
197,311,iFHAS5,https://example.com/clear/engine/197,Service guide delta,True,2025-05-13 09:43:23,2025-12-24 02:22:43
198,31,Xpl6Lv,https://acme.dev/opal/yard/198,Alert feed island,True,2025-07-14 02:39:55,2025-11-14 02:56:22
199,140,d8Ld5H,https://example.com/dawn/kernel/199,Demo link network,True,2025-04-27 17:15:19,2025-10-07 16:50:25
200,357,Zqoa6O,https://example.com/harbor/garden/200,Incident notes quartz,True,2026-01-25 22:42:04,2026-01-30 03:37:31
201,301,BW3W2o,https://example.com/navy/engine/201,Launch deck journey,True,2026-01-27 06:31:27,2026-02-16 07:34:32
202,65,SDbQZl,https://acme.dev/forest/canyon/202,Alert feed orbit,True,2025-07-03 13:34:19,2025-12-15 09:46:35
203,59,Et9YYW,https://example.com/navy/network/203,Launch deck orbit,True,2026-01-04 00:43:42,2026-01-06 15:06:56
204,144,9wqD6t,https://seeded.app/navy/lagoon/204,Ops review garden,True,2025-05-16 14:35:57,2025-10-26 16:48:53
205,140,8j4cMP,https://relay.cloud/dawn/meadow/205,Quarterly brief anchor,True,2025-07-12 19:16:48,2025-08-02 11:05:17
206,246,Wjtlbf,https://example.com/navy/valley/206,Campaign page canyon,True,2025-09-01 02:05:02,2025-09-07 04:42:48
207,2,UC0obS,https://opswise.net/rapid/signal/207,Service guide valley,True,2025-10-20 10:20:17,2025-12-02 05:31:27
208,304,Yo7Cbr,https://opswise.net/dawn/valley/208,Ops review canyon,False,2025-05-06 06:34:01,2025-06-15 13:05:53
209,70,bWVqgV,https://seeded.app/forest/anchor/209,Status board orbit,True,2025-07-05 06:19:33,2026-01-06 21:33:06
210,208,rEmErf,https://opswise.net/amber/signal/210,Demo link kernel,False,2025-02-10 11:41:06,2025-11-15 13:09:46
211,213,GuBKD7,https://seeded.app/lively/field/211,Launch deck anchor,True,2025-07-18 15:54:25,2025-11-07 08:50:39
212,198,lMRgxh,https://acme.dev/ember/harvest/212,Incident notes zenith,True,2025-07-26 23:11:17,2025-08-05 23:27:11
213,56,NnFKWN,https://opswise.net/tidy/pioneer/213,Alert feed window,True,2025-02-02 11:26:11,2025-12-30 01:46:43
214,126,y3ZA5z,https://hackstack.io/proud/delta/214,Demo link yard,True,2025-03-15 01:58:06,2025-09-24 07:10:55
215,322,ftv3Tk,https://seeded.app/silver/network/215,Launch deck garden,True,2025-08-24 02:06:28,2025-11-09 23:53:51
216,156,6BwJMW,https://opswise.net/keen/garden/216,Launch deck valley,True,2025-06-27 19:23:45,2025-10-28 17:09:18
217,142,JnB7J2,https://example.com/forest/kernel/217,Ops review delta,True,2025-07-31 08:25:27,2025-10-13 02:05:42
218,290,0COllX,https://seeded.app/navy/island/218,Roadmap update harvest,True,2025-09-11 16:15:24,2025-10-22 14:31:37
219,173,pJ78Kn,https://relay.cloud/jade/garden/219,Incident notes anchor,False,2025-06-03 18:25:32,2025-08-11 02:32:45
220,345,9gT09o,https://relay.cloud/brisk/zenith/220,Quarterly brief uplink,True,2025-04-23 23:22:23,2025-12-17 15:22:44
221,285,cSKeWG,https://acme.dev/jade/anchor/221,Ops review garden,False,2025-03-02 16:04:31,2025-11-08 20:31:48
222,315,E6xFa7,https://seeded.app/warm/meadow/222,Demo link window,False,2025-03-11 11:09:07,2025-11-23 11:08:56
223,305,1QTEJc,https://seeded.app/jade/signal/223,Alert feed yard,True,2025-03-27 11:43:45,2025-12-12 02:06:34
224,373,Pt29Ws,https://hackstack.io/navy/signal/224,Ops review window,True,2025-02-08 21:34:20,2025-11-07 05:43:16
225,152,pocOOU,https://acme.dev/mellow/orbit/225,Demo link yard,True,2026-01-14 03:14:50,2026-02-10 02:50:48
226,335,xzMvag,https://example.com/gold/network/226,Status board harvest,True,2025-12-19 19:37:10,2025-12-22 06:07:23
227,255,0NEiI6,https://acme.dev/proud/meadow/227,Status board lagoon,True,2026-01-22 08:15:48,2026-02-09 07:02:34
228,292,L11f5c,https://acme.dev/lively/network/228,Alert feed field,True,2026-01-05 12:47:32,2026-02-03 22:20:28
229,182,BEuC9G,https://hackstack.io/lively/network/229,Status board garden,True,2025-12-31 15:55:53,2026-02-02 01:28:51
230,93,SB4ujj,https://example.com/brisk/kernel/230,Service guide orbit,True,2025-09-11 00:38:25,2025-12-14 04:04:49
231,78,x3KVTn,https://acme.dev/silver/window/231,Incident notes signal,True,2025-04-28 16:53:57,2025-06-12 16:27:27
232,236,7MdTE8,https://example.com/tidy/quartz/232,Status board garden,True,2025-05-19 07:39:17,2026-02-20 11:13:53
233,233,rNvg6K,https://example.com/clear/quartz/233,Status board uplink,True,2025-07-04 04:47:16,2025-09-02 23:55:11
234,164,FzuloY,https://hackstack.io/dawn/island/234,Campaign page network,False,2025-03-26 05:50:23,2025-11-09 09:59:51
235,195,axujjX,https://acme.dev/young/delta/235,Ops review network,True,2025-07-09 08:18:51,2025-09-17 06:17:20
236,92,N4lTRB,https://relay.cloud/ember/beacon/236,Quarterly brief journey,True,2025-10-27 02:11:18,2025-11-13 17:14:12
237,351,PxcPyx,https://hackstack.io/rapid/zenith/237,Quarterly brief signal,True,2025-03-28 17:33:52,2025-09-19 07:48:10
238,11,ZqIdwr,https://opswise.net/warm/delta/238,Alert feed field,True,2026-01-22 14:01:31,2026-02-10 10:03:49
239,203,QATfke,https://seeded.app/ivory/zenith/239,Quarterly brief zenith,True,2025-05-14 18:32:25,2025-10-14 20:28:25
240,197,04xzjK,https://example.com/silver/uplink/240,Launch deck orbit,True,2025-12-17 04:23:17,2026-01-02 08:17:44
241,371,PchdO8,https://seeded.app/proud/lagoon/241,Service guide orbit,True,2025-02-17 05:06:25,2025-04-28 00:25:16
242,342,9pFlLa,https://seeded.app/tidy/network/242,Campaign page delta,False,2025-03-10 15:07:25,2026-02-13 10:01:41
243,45,SMDa1p,https://seeded.app/opal/kernel/243,Demo link pioneer,True,2025-02-08 03:08:16,2025-10-13 01:23:12
244,329,eA9qFt,https://example.com/mellow/beacon/244,Launch deck island,False,2025-08-18 21:40:48,2026-01-17 06:14:21
245,354,yX2VpO,https://opswise.net/forest/island/245,Service guide zenith,True,2025-01-25 08:01:30,2025-04-15 18:53:43
246,294,IwP64y,https://hackstack.io/warm/network/246,Incident notes yard,False,2025-11-22 05:35:28,2026-01-10 01:08:23
247,223,rprEqn,https://opswise.net/ember/zenith/247,Launch deck anchor,True,2025-06-13 04:26:29,2025-11-17 23:09:42
248,304,eDBd6Y,https://seeded.app/tidy/kernel/248,Ops review field,True,2025-09-14 00:43:21,2026-01-26 09:41:19
249,325,y6T0s0,https://acme.dev/tidy/quartz/249,Status board island,True,2026-02-04 21:18:53,2026-02-09 05:12:20
250,331,JIqibU,https://opswise.net/dawn/journey/250,Demo link lagoon,True,2025-12-16 13:35:26,2025-12-22 00:33:25
251,296,pUaUl4,https://relay.cloud/ember/pioneer/251,Launch deck engine,True,2025-05-01 10:05:21,2025-10-10 03:59:33
252,110,ruTVga,https://hackstack.io/ivory/orbit/252,Ops review pioneer,True,2025-11-04 12:55:19,2025-12-24 11:48:08
253,315,QkYCqR,https://seeded.app/cobalt/valley/253,Service guide delta,True,2025-12-30 04:23:50,2026-01-10 13:24:06
254,198,7Vlj14,https://seeded.app/harbor/journey/254,Launch deck beacon,False,2025-09-14 19:17:18,2025-12-28 10:04:34
255,218,RiF5Sc,https://opswise.net/cobalt/river/255,Incident notes meadow,True,2026-02-07 15:18:54,2026-02-15 20:01:44
256,351,zwO3vE,https://relay.cloud/harbor/field/256,Alert feed field,True,2025-05-21 18:39:12,2025-08-30 03:30:35
257,253,kb8A2n,https://example.com/opal/signal/257,Quarterly brief meadow,False,2025-03-22 21:37:07,2025-05-15 02:43:04
258,16,5vJ76N,https://hackstack.io/urban/beacon/258,Service guide orbit,True,2025-04-17 00:17:45,2025-07-01 16:08:46
259,171,CSggaN,https://acme.dev/keen/delta/259,Demo link window,True,2025-12-07 04:17:20,2026-02-20 19:29:53
260,332,TZNGce,https://example.com/tidy/delta/260,Ops review lagoon,True,2025-11-21 20:57:25,2025-12-06 12:13:30
261,114,xRuYS0,https://hackstack.io/jade/field/261,Demo link valley,True,2026-01-26 23:05:15,2026-02-02 02:58:16
262,185,4RpVGq,https://hackstack.io/keen/window/262,Status board network,True,2025-12-08 18:42:37,2026-01-10 20:50:14
263,368,RsS2Mu,https://hackstack.io/opal/window/263,Campaign page pioneer,True,2025-08-18 07:07:32,2026-01-30 01:14:43
264,287,ifiSvL,https://example.com/warm/delta/264,Demo link signal,False,2025-07-10 12:53:27,2025-10-01 07:03:49
265,354,BdnTLo,https://seeded.app/cobalt/window/265,Launch deck lagoon,True,2025-08-18 07:10:08,2025-09-16 15:55:24
266,128,VT8Yx7,https://example.com/keen/yard/266,Demo link orbit,True,2025-07-30 21:41:11,2026-01-19 23:47:58
267,127,AtALaA,https://relay.cloud/amber/canyon/267,Alert feed yard,False,2025-04-30 17:55:14,2025-12-02 14:08:57
268,7,21N2js,https://opswise.net/amber/pioneer/268,Quarterly brief river,True,2025-01-09 02:23:50,2025-10-11 16:06:48
269,24,EsWRtV,https://example.com/lively/valley/269,Status board zenith,True,2025-07-10 22:15:50,2025-11-29 04:38:35
270,233,XsJouQ,https://example.com/rapid/yard/270,Launch deck canyon,False,2025-09-09 10:54:45,2025-10-09 00:51:15
271,124,HNHqnC,https://acme.dev/harbor/delta/271,Demo link beacon,True,2025-07-08 16:41:37,2025-07-30 18:43:08
272,125,xSXzQp,https://acme.dev/clear/window/272,Launch deck network,True,2025-05-20 12:43:14,2025-06-10 06:09:02
273,277,Pef9Pg,https://relay.cloud/ember/network/273,Quarterly brief uplink,True,2025-02-26 23:02:38,2025-09-16 18:46:27
274,188,8sh2ch,https://relay.cloud/forest/signal/274,Quarterly brief pioneer,True,2025-06-22 10:42:01,2025-08-05 08:00:03
275,118,QSciOX,https://relay.cloud/tidy/quartz/275,Campaign page trail,True,2025-06-08 08:58:07,2025-07-23 13:59:35
276,204,PbsWjM,https://example.com/mellow/river/276,Demo link garden,True,2025-01-06 22:09:56,2026-01-12 17:36:04
277,265,0kQxkb,https://acme.dev/keen/harvest/277,Status board network,True,2025-06-05 17:36:51,2025-07-03 02:09:01
278,169,0uZOnc,https://seeded.app/warm/window/278,Demo link quartz,True,2025-05-24 14:12:12,2025-08-26 08:32:05
279,3,voARrz,https://example.com/navy/garden/279,Quarterly brief uplink,True,2025-03-23 16:16:47,2025-11-07 18:09:08
280,394,SJCoEa,https://seeded.app/ivory/delta/280,Roadmap update island,True,2025-02-18 09:01:15,2026-02-14 07:26:22
281,279,Hs35AP,https://example.com/forest/island/281,Campaign page journey,True,2025-07-25 17:26:56,2025-12-23 20:54:23
282,235,HL5Vlc,https://seeded.app/proud/pioneer/282,Quarterly brief meadow,True,2025-10-05 04:56:46,2025-11-17 15:24:49
283,211,BOojOk,https://hackstack.io/vivid/journey/283,Incident notes garden,True,2025-07-20 06:35:45,2025-12-07 02:48:36
284,318,wNCB4G,https://seeded.app/keen/engine/284,Incident notes lagoon,True,2025-07-02 01:25:24,2025-08-23 03:35:54
285,188,Aos9KS,https://seeded.app/jade/kernel/285,Demo link orbit,True,2025-11-25 22:49:13,2025-12-27 12:51:46
286,115,fteg6u,https://relay.cloud/amber/engine/286,Demo link garden,True,2025-12-26 05:06:57,2026-02-01 15:22:59
287,189,rdYvRO,https://opswise.net/dawn/window/287,Quarterly brief anchor,False,2025-05-29 14:41:10,2025-11-24 02:14:22
288,137,oaIfMw,https://opswise.net/amber/journey/288,Incident notes trail,True,2025-04-01 11:25:41,2025-08-27 23:22:50
289,102,4x9tr2,https://example.com/amber/field/289,Status board island,True,2025-02-24 14:01:14,2026-01-17 16:28:51
290,105,p7dXVm,https://example.com/jade/pioneer/290,Service guide field,True,2025-04-17 09:40:56,2025-10-28 13:40:37
291,139,b4JFZ5,https://opswise.net/brisk/canyon/291,Quarterly brief yard,True,2025-08-21 15:46:23,2025-08-22 17:12:08
292,52,cw7Tnh,https://example.com/clear/garden/292,Alert feed quartz,True,2025-08-28 05:57:53,2025-12-20 13:36:44
293,99,kNUD73,https://relay.cloud/ember/meadow/293,Service guide orbit,True,2026-01-05 05:35:34,2026-01-18 01:34:27
294,239,IOeGNR,https://seeded.app/dawn/lagoon/294,Status board field,True,2025-08-02 17:02:53,2025-08-03 14:57:51
295,107,5VFw1W,https://example.com/forest/meadow/295,Incident notes beacon,False,2025-05-15 19:20:28,2025-08-05 08:23:47
296,360,PT6Vmw,https://seeded.app/clear/garden/296,Alert feed meadow,True,2025-01-26 21:23:00,2025-07-29 00:15:26
297,378,kJ9UVx,https://seeded.app/lively/beacon/297,Status board kernel,True,2025-12-02 12:25:31,2026-02-18 08:19:54
298,256,E88cZG,https://example.com/ember/meadow/298,Quarterly brief kernel,True,2025-06-19 02:48:35,2026-02-05 23:28:12
299,327,LQPJgG,https://relay.cloud/ember/zenith/299,Alert feed valley,True,2025-01-08 09:42:55,2025-12-28 16:54:50
300,147,QU0EEu,https://example.com/forest/engine/300,Service guide quartz,True,2025-09-09 20:30:51,2026-01-07 06:44:49
301,183,v3uIf3,https://example.com/forest/river/301,Incident notes network,True,2025-07-01 21:43:24,2025-09-22 05:45:53
302,134,61osWu,https://relay.cloud/keen/delta/302,Ops review island,False,2025-01-07 07:40:30,2025-06-03 09:59:07
303,7,cIyBC4,https://seeded.app/lively/river/303,Roadmap update field,True,2025-09-16 09:07:46,2025-12-12 10:05:03
304,308,ygXazC,https://seeded.app/young/uplink/304,Ops review engine,True,2025-03-25 16:49:38,2025-11-11 04:21:18
305,134,nDwwrW,https://example.com/gold/yard/305,Alert feed meadow,True,2025-07-07 15:33:54,2025-08-13 17:08:47
306,179,7hWuhu,https://relay.cloud/keen/river/306,Launch deck beacon,True,2025-11-30 13:32:46,2026-02-17 07:38:21
307,81,NkSNIx,https://relay.cloud/young/field/307,Service guide uplink,False,2025-01-08 16:12:18,2025-08-28 16:35:49
308,235,ck21oM,https://opswise.net/cobalt/delta/308,Alert feed network,True,2025-09-23 17:32:52,2026-02-09 20:22:34
309,158,qOXcUs,https://example.com/vivid/field/309,Roadmap update field,True,2025-08-05 13:33:28,2026-02-17 04:29:34
310,220,003fpR,https://hackstack.io/warm/garden/310,Launch deck trail,True,2025-09-02 02:53:35,2026-01-08 15:55:42
311,106,gBbQnr,https://hackstack.io/opal/zenith/311,Alert feed canyon,True,2026-01-05 23:43:30,2026-02-11 02:33:40
312,45,UtACub,https://hackstack.io/tidy/engine/312,Incident notes lagoon,True,2025-08-18 23:44:44,2025-09-20 09:49:01
313,246,Eoaezq,https://example.com/opal/canyon/313,Demo link river,True,2025-01-02 14:57:21,2025-07-05 04:22:44
314,249,NZs3Qa,https://hackstack.io/ember/delta/314,Quarterly brief kernel,True,2026-02-15 15:18:33,2026-02-16 07:36:49
315,219,Gh6iZN,https://seeded.app/clear/field/315,Service guide journey,True,2025-10-23 20:04:43,2026-01-13 17:24:12
316,286,uZdFrg,https://relay.cloud/brisk/delta/316,Roadmap update meadow,True,2026-01-13 16:35:52,2026-02-04 20:53:53
317,309,1WVRec,https://hackstack.io/proud/journey/317,Demo link valley,True,2025-11-20 14:32:41,2026-01-05 19:59:45
318,125,vVLzYu,https://example.com/forest/island/318,Campaign page engine,True,2025-10-26 17:42:18,2026-01-14 11:17:16
319,58,0KcQi4,https://seeded.app/harbor/quartz/319,Incident notes lagoon,True,2025-05-08 00:39:12,2025-08-02 21:57:34
320,6,c6vife,https://example.com/rapid/beacon/320,Demo link valley,True,2025-09-07 02:16:28,2026-02-15 14:55:29
321,299,eOZlYK,https://relay.cloud/forest/canyon/321,Roadmap update beacon,True,2025-07-08 16:31:56,2025-12-26 16:06:21
322,87,8Q5qR0,https://example.com/keen/orbit/322,Alert feed island,True,2026-01-31 01:38:18,2026-02-20 16:04:48
323,285,i8IZs9,https://example.com/vivid/meadow/323,Launch deck canyon,True,2025-04-11 06:19:36,2025-11-19 08:47:41
324,198,IFK8wb,https://acme.dev/vivid/yard/324,Status board field,True,2025-01-20 15:19:04,2026-02-20 06:07:06
325,377,XfVB8X,https://opswise.net/calm/pioneer/325,Alert feed canyon,True,2025-10-04 02:15:19,2025-12-18 07:52:01
326,55,CPMV1H,https://hackstack.io/mellow/pioneer/326,Campaign page harvest,False,2025-05-09 23:01:05,2025-09-19 08:56:35
327,294,mKBP3A,https://example.com/ember/journey/327,Demo link uplink,True,2025-11-13 10:41:58,2026-01-28 03:27:07
328,325,FABMTf,https://acme.dev/mellow/anchor/328,Ops review harvest,True,2025-03-10 02:47:45,2025-05-21 13:00:34
329,244,uuXgP3,https://relay.cloud/harbor/kernel/329,Quarterly brief signal,True,2025-04-13 02:34:49,2025-10-18 20:28:49
330,180,mPYtSj,https://seeded.app/rapid/engine/330,Roadmap update journey,True,2025-05-02 12:43:02,2025-11-20 06:11:41
331,258,iEMvc4,https://example.com/vivid/journey/331,Incident notes anchor,True,2025-02-28 09:06:36,2025-06-13 04:21:16
332,188,Ac4MT9,https://relay.cloud/vivid/zenith/332,Roadmap update garden,True,2025-11-25 14:01:58,2025-12-23 06:24:40
333,329,EhWucz,https://hackstack.io/warm/uplink/333,Incident notes delta,True,2025-09-15 21:41:26,2025-11-09 13:14:15
334,210,uOvOU5,https://seeded.app/clear/quartz/334,Launch deck beacon,True,2025-04-09 04:24:31,2025-07-12 02:59:12
335,24,Ek2Tze,https://example.com/calm/harvest/335,Launch deck field,True,2025-12-12 21:03:27,2026-02-08 09:20:53
336,2,yiTyIr,https://example.com/silver/beacon/336,Alert feed yard,True,2025-04-07 16:38:21,2025-09-02 10:48:56
337,302,rKdN7m,https://opswise.net/mellow/meadow/337,Campaign page engine,True,2025-09-25 06:22:07,2025-10-06 15:27:28
338,213,5ayz4m,https://example.com/vivid/engine/338,Status board harvest,True,2025-11-03 20:50:02,2026-01-24 20:38:03
339,385,of9fcs,https://relay.cloud/amber/kernel/339,Status board valley,False,2025-01-03 16:01:59,2025-06-28 12:13:06
340,136,CuW2RX,https://relay.cloud/gold/journey/340,Roadmap update quartz,True,2025-11-07 19:20:55,2025-12-20 08:06:50
341,101,OpH0FX,https://relay.cloud/gold/river/341,Alert feed pioneer,True,2025-05-15 03:21:50,2026-01-21 03:20:03
342,217,MIsGuG,https://acme.dev/urban/network/342,Campaign page engine,True,2025-04-24 16:15:18,2025-11-09 08:15:40
343,369,gDyrlB,https://opswise.net/vivid/harvest/343,Status board trail,False,2025-02-24 20:31:09,2025-03-21 10:56:51
344,164,FDcy5o,https://opswise.net/tidy/trail/344,Roadmap update window,True,2025-03-12 02:21:19,2025-11-20 06:17:12
345,39,kIUJD5,https://opswise.net/opal/orbit/345,Status board field,True,2025-10-07 00:57:30,2025-10-07 12:53:01
346,330,mHCMlP,https://opswise.net/keen/orbit/346,Quarterly brief journey,True,2025-07-03 06:27:25,2025-12-30 07:58:27
347,297,e67EIr,https://seeded.app/dawn/journey/347,Status board journey,True,2026-02-05 02:06:41,2026-02-13 11:31:08
348,239,HwVzKn,https://relay.cloud/cobalt/anchor/348,Roadmap update uplink,False,2025-09-11 14:07:03,2025-11-28 09:25:32
349,120,o0rkvs,https://opswise.net/young/valley/349,Demo link island,True,2025-06-14 06:46:20,2025-11-21 06:03:45
350,54,XRJd5M,https://relay.cloud/proud/harvest/350,Service guide signal,True,2025-03-05 16:09:47,2025-10-09 22:14:35
351,383,ZjUsNV,https://seeded.app/tidy/yard/351,Demo link journey,True,2026-01-02 08:43:55,2026-02-11 15:20:37
352,329,amYHu1,https://hackstack.io/urban/valley/352,Roadmap update network,True,2025-08-12 02:19:38,2026-02-16 16:08:17
353,196,PJgSaX,https://opswise.net/quiet/network/353,Ops review garden,True,2025-05-10 06:33:40,2025-12-28 01:44:15
354,228,IMsHvk,https://seeded.app/opal/uplink/354,Quarterly brief meadow,True,2025-06-27 05:26:03,2025-09-20 17:22:03
355,257,HA4UpJ,https://hackstack.io/young/garden/355,Demo link kernel,True,2025-06-07 20:57:31,2025-07-22 22:09:51
356,1,Er5nbO,https://seeded.app/opal/river/356,Incident notes orbit,True,2025-03-05 04:20:20,2025-09-12 16:14:42
357,31,GXfX1T,https://opswise.net/calm/harvest/357,Ops review lagoon,True,2025-03-28 18:07:36,2025-07-31 11:30:53
358,144,EqYDWZ,https://opswise.net/amber/trail/358,Quarterly brief field,True,2025-03-26 05:09:52,2025-05-26 05:28:55
359,304,p5NL1m,https://relay.cloud/opal/trail/359,Incident notes delta,True,2025-08-14 20:12:26,2025-11-04 07:51:06
360,301,jHKvs6,https://seeded.app/silver/beacon/360,Roadmap update yard,True,2025-03-08 09:17:46,2025-12-09 00:32:09
361,23,TDat4k,https://seeded.app/cobalt/field/361,Launch deck signal,True,2025-10-16 00:30:59,2025-12-12 05:24:26
362,395,qriMmn,https://hackstack.io/young/signal/362,Incident notes lagoon,False,2026-02-12 09:49:23,2026-02-20 18:41:41
363,228,2DLqHR,https://example.com/warm/valley/363,Roadmap update delta,True,2025-03-09 17:39:00,2025-06-03 13:18:47
364,108,7bpnGN,https://opswise.net/harbor/window/364,Service guide trail,False,2025-01-03 00:18:46,2025-10-20 15:27:07
365,358,Bctm2E,https://relay.cloud/tidy/valley/365,Alert feed delta,True,2025-03-26 01:39:24,2025-10-28 22:59:21
366,370,L7jb8W,https://relay.cloud/proud/uplink/366,Alert feed yard,False,2025-05-11 13:24:58,2025-10-18 17:14:54
367,363,AQQMva,https://example.com/vivid/window/367,Quarterly brief pioneer,True,2025-10-04 04:26:14,2026-01-20 01:20:57
368,126,E158iS,https://seeded.app/amber/orbit/368,Roadmap update engine,True,2025-08-26 08:16:06,2026-02-16 02:17:01
369,228,l1AZgH,https://seeded.app/cobalt/engine/369,Launch deck trail,False,2025-05-22 00:32:00,2025-08-22 04:30:44
370,77,rOMdoc,https://seeded.app/young/valley/370,Ops review kernel,True,2025-01-16 08:39:27,2026-01-30 09:48:33
371,267,hO6RwR,https://relay.cloud/opal/yard/371,Quarterly brief journey,True,2025-04-11 12:45:38,2025-07-17 12:04:09
372,226,hMf9i3,https://seeded.app/harbor/island/372,Alert feed lagoon,False,2025-11-14 18:37:00,2025-12-22 20:51:32
373,379,4rB5rX,https://seeded.app/opal/island/373,Service guide garden,True,2025-09-02 17:51:54,2025-09-12 17:32:46
374,39,m5PkLH,https://seeded.app/urban/beacon/374,Campaign page harvest,True,2025-09-09 11:20:18,2025-12-24 18:02:37
375,78,PWzZh5,https://seeded.app/clear/kernel/375,Service guide anchor,True,2025-10-24 23:35:12,2026-01-16 02:22:32
376,143,RHBybM,https://hackstack.io/jade/engine/376,Ops review pioneer,True,2025-11-23 16:14:43,2026-01-05 07:15:12
377,90,beZQzw,https://example.com/harbor/canyon/377,Alert feed pioneer,True,2025-11-14 19:34:57,2026-02-17 06:48:17
378,142,FQAICH,https://seeded.app/cobalt/orbit/378,Campaign page quartz,True,2025-10-23 21:06:45,2026-02-02 21:53:12
379,149,a06Nut,https://relay.cloud/warm/valley/379,Incident notes island,True,2025-01-09 22:16:29,2026-02-12 14:51:38
380,2,o8owSv,https://hackstack.io/brisk/yard/380,Service guide harvest,True,2025-02-15 04:50:47,2025-07-08 19:06:49
381,30,r0v7yu,https://opswise.net/urban/yard/381,Ops review meadow,True,2025-03-20 02:41:53,2025-07-08 01:35:02
382,193,FG3zf2,https://opswise.net/calm/trail/382,Status board trail,False,2025-11-04 16:39:53,2026-01-04 02:49:20
383,295,AjNbgT,https://opswise.net/cobalt/engine/383,Alert feed river,True,2025-06-13 11:26:16,2026-01-17 12:42:18
384,339,w4MpAK,https://acme.dev/silver/anchor/384,Quarterly brief garden,True,2025-06-30 06:58:32,2025-12-13 19:21:09
385,293,j2LGDr,https://example.com/dawn/trail/385,Incident notes delta,True,2025-11-10 14:45:42,2026-01-13 13:42:48
386,186,gqLwiq,https://example.com/opal/engine/386,Launch deck garden,True,2025-02-09 05:40:37,2025-09-16 17:43:00
387,216,3z7xJL,https://hackstack.io/opal/quartz/387,Ops review yard,True,2025-07-10 07:34:38,2025-12-31 21:00:58
388,319,qw4YOj,https://relay.cloud/clear/orbit/388,Alert feed network,True,2025-09-16 01:11:44,2025-11-29 22:50:52
389,141,ttbI78,https://seeded.app/ivory/yard/389,Alert feed pioneer,True,2025-02-24 14:36:42,2025-12-08 12:17:23
390,247,VvCDAM,https://hackstack.io/calm/engine/390,Ops review beacon,True,2025-04-19 04:57:18,2026-02-06 01:16:05
391,304,XIFgsj,https://acme.dev/brisk/anchor/391,Demo link engine,True,2025-12-14 00:36:44,2026-02-01 22:44:39
392,267,IqmImk,https://acme.dev/proud/engine/392,Launch deck lagoon,True,2025-08-01 04:44:13,2025-12-06 21:46:26
393,237,Bc8kK1,https://relay.cloud/brisk/lagoon/393,Launch deck trail,False,2025-12-23 07:11:21,2025-12-30 11:47:37
394,159,AYMxpj,https://seeded.app/proud/signal/394,Roadmap update valley,True,2025-07-14 21:24:42,2026-01-17 05:08:07
395,335,b3QFiF,https://hackstack.io/silver/orbit/395,Launch deck quartz,True,2025-01-08 15:04:26,2025-09-12 05:06:23
396,321,2v5qK6,https://acme.dev/dawn/window/396,Ops review kernel,True,2026-01-28 06:43:28,2026-02-18 22:55:21
397,200,uDNo5j,https://opswise.net/jade/river/397,Roadmap update canyon,True,2025-08-20 18:41:05,2025-11-13 00:51:21
398,289,SXTZhK,https://seeded.app/young/uplink/398,Service guide delta,True,2025-06-20 04:09:44,2026-01-20 18:13:52
399,235,68UNU8,https://acme.dev/lively/valley/399,Incident notes window,True,2025-09-02 13:54:25,2025-11-02 11:18:27
400,103,WsEIdc,https://seeded.app/forest/garden/400,Alert feed meadow,True,2025-03-19 07:58:26,2026-01-30 16:55:19
401,132,CQx8if,https://relay.cloud/tidy/journey/401,Quarterly brief yard,True,2025-06-22 04:51:42,2025-09-06 19:53:52
402,187,zzbfRz,https://opswise.net/clear/quartz/402,Service guide meadow,True,2025-03-08 06:51:28,2025-05-23 18:34:37
403,338,RJoLaa,https://acme.dev/young/beacon/403,Demo link delta,True,2025-03-06 19:24:43,2025-10-28 23:09:37
404,329,FL1Iqf,https://hackstack.io/vivid/engine/404,Service guide uplink,True,2025-02-10 12:50:29,2025-07-18 06:16:21
405,63,ePBCfT,https://relay.cloud/keen/anchor/405,Campaign page trail,True,2025-08-26 20:34:20,2026-01-07 20:06:43
406,182,KUgHIx,https://acme.dev/vivid/kernel/406,Status board island,True,2025-07-14 15:08:44,2025-07-26 13:44:58
407,174,dJeaCV,https://seeded.app/harbor/lagoon/407,Incident notes valley,True,2025-11-08 13:11:56,2025-11-24 04:35:25
408,285,YVydVf,https://seeded.app/calm/pioneer/408,Alert feed engine,True,2025-07-13 15:09:29,2025-11-20 19:30:17
409,279,5WYCb3,https://acme.dev/navy/meadow/409,Demo link window,True,2026-01-18 21:02:20,2026-02-04 03:49:57
410,139,Ub5c22,https://opswise.net/jade/island/410,Ops review journey,True,2025-02-28 22:50:23,2026-01-18 02:04:40
411,130,iUjsg3,https://hackstack.io/harbor/river/411,Campaign page zenith,False,2025-06-23 01:57:19,2025-07-03 22:08:35
412,37,FuiVOL,https://opswise.net/amber/harvest/412,Quarterly brief lagoon,True,2026-02-08 21:47:15,2026-02-09 16:01:08
413,7,VNLsNp,https://acme.dev/clear/trail/413,Campaign page quartz,True,2025-08-26 06:05:21,2025-09-22 09:33:59
414,73,ncYZhT,https://acme.dev/cobalt/quartz/414,Incident notes canyon,True,2025-03-08 17:06:57,2025-12-05 10:41:12
415,107,8Sy59G,https://acme.dev/warm/lagoon/415,Incident notes harvest,True,2025-12-10 18:11:18,2026-01-28 10:25:53
416,389,CQ1H04,https://hackstack.io/tidy/delta/416,Quarterly brief journey,False,2025-05-30 04:49:16,2025-07-12 16:40:58
417,165,asOZjP,https://hackstack.io/forest/zenith/417,Demo link valley,True,2025-05-07 17:41:16,2025-06-18 01:19:58
418,95,2EBiyR,https://seeded.app/rapid/canyon/418,Incident notes zenith,False,2025-11-13 18:34:38,2026-02-20 11:36:11
419,200,kP9ZLC,https://seeded.app/calm/river/419,Ops review journey,True,2025-02-01 19:04:57,2025-10-08 04:12:50
420,36,mUdREF,https://relay.cloud/clear/pioneer/420,Service guide valley,False,2025-12-20 03:31:22,2025-12-23 01:37:22
421,172,TBSLiV,https://relay.cloud/quiet/pioneer/421,Quarterly brief trail,True,2025-08-14 17:06:41,2025-12-31 12:07:31
422,350,0oll9Q,https://relay.cloud/cobalt/orbit/422,Campaign page garden,True,2025-07-22 23:19:34,2025-12-07 22:26:34
423,341,ZpVwto,https://acme.dev/cobalt/beacon/423,Ops review anchor,False,2025-01-01 11:07:18,2026-01-07 07:32:04
424,329,NWN8PE,https://acme.dev/keen/lagoon/424,Incident notes river,True,2025-01-22 17:46:14,2025-06-20 13:27:08
425,301,BB427g,https://seeded.app/brisk/zenith/425,Status board signal,True,2025-07-01 16:51:33,2026-02-01 06:02:32
426,156,dx3LGq,https://acme.dev/vivid/trail/426,Status board engine,True,2025-10-25 15:25:15,2025-11-07 03:00:21
427,353,TnEJtX,https://hackstack.io/young/orbit/427,Demo link harvest,True,2025-11-06 05:00:48,2025-12-05 11:42:20
428,400,3w7Q29,https://relay.cloud/ivory/quartz/428,Status board garden,False,2025-11-16 11:45:20,2025-11-23 09:23:32
429,132,YGiZBi,https://opswise.net/young/trail/429,Launch deck journey,True,2025-01-31 07:58:52,2025-07-26 15:17:29
430,338,OeL6BC,https://acme.dev/cobalt/trail/430,Status board field,True,2025-06-02 03:45:51,2025-06-10 11:08:01
431,360,rCOWZt,https://hackstack.io/amber/signal/431,Service guide window,True,2025-02-21 17:39:10,2025-03-27 16:20:23
432,317,r6fQ84,https://relay.cloud/ember/beacon/432,Campaign page meadow,False,2025-09-07 06:29:25,2025-10-31 20:21:47
433,322,kQWdmq,https://hackstack.io/navy/kernel/433,Alert feed zenith,True,2025-12-03 20:16:19,2025-12-07 07:00:58
434,278,uJDhBF,https://hackstack.io/ivory/kernel/434,Incident notes orbit,True,2025-09-11 11:17:44,2025-10-22 09:45:41
435,212,JrfdqB,https://acme.dev/jade/orbit/435,Campaign page garden,False,2025-09-01 02:52:56,2025-11-08 01:23:59
436,32,HIe6d0,https://relay.cloud/vivid/uplink/436,Incident notes yard,True,2025-05-05 00:59:31,2026-02-06 19:13:59
437,207,nOJxd1,https://hackstack.io/urban/garden/437,Demo link zenith,True,2025-09-25 19:44:57,2026-01-23 06:50:40
438,205,N1VFId,https://relay.cloud/lively/engine/438,Quarterly brief delta,True,2025-02-19 20:43:14,2026-01-29 19:00:11
439,180,qh3h7a,https://seeded.app/dawn/canyon/439,Quarterly brief delta,True,2025-09-12 00:31:53,2026-01-29 20:19:03
440,163,q83bCv,https://example.com/warm/garden/440,Demo link signal,True,2025-06-26 05:50:27,2025-12-21 18:35:25
441,348,PeFEfO,https://seeded.app/calm/harvest/441,Launch deck signal,True,2025-08-15 10:21:25,2025-12-25 02:49:13
442,11,YKk0ht,https://acme.dev/calm/lagoon/442,Quarterly brief network,True,2025-10-31 17:36:41,2025-12-11 19:19:06
443,293,w6TPdC,https://example.com/calm/beacon/443,Demo link network,True,2025-04-03 12:01:14,2025-04-15 04:29:36
444,366,3kxIyb,https://example.com/urban/lagoon/444,Service guide journey,True,2026-01-07 01:36:22,2026-01-11 08:34:48
445,327,UiV2HY,https://relay.cloud/young/beacon/445,Campaign page delta,True,2025-11-01 00:27:20,2026-01-31 09:32:04
446,398,WNb4dG,https://opswise.net/dawn/anchor/446,Alert feed engine,False,2025-06-05 21:05:52,2025-09-04 13:25:42
447,240,qISj8S,https://seeded.app/gold/river/447,Launch deck signal,True,2025-06-25 17:37:26,2026-02-09 08:53:23
448,279,GDD2zq,https://hackstack.io/tidy/delta/448,Campaign page field,True,2025-09-14 07:58:42,2025-12-16 23:59:04
449,124,urKgjV,https://example.com/silver/island/449,Ops review signal,False,2025-07-15 15:49:19,2026-02-10 01:18:28
450,213,8CfFP4,https://hackstack.io/tidy/lagoon/450,Roadmap update anchor,True,2025-12-29 08:50:58,2026-01-12 09:39:17
451,149,ut85m0,https://seeded.app/ember/valley/451,Quarterly brief canyon,True,2026-01-30 12:49:02,2026-02-19 04:18:03
452,265,X2Q3Me,https://hackstack.io/urban/uplink/452,Demo link uplink,True,2025-10-14 16:48:40,2026-02-19 23:13:13
453,314,HFnqAk,https://seeded.app/amber/engine/453,Launch deck harvest,True,2025-06-12 18:40:51,2025-09-26 00:03:28
454,318,kR1zoT,https://hackstack.io/gold/meadow/454,Demo link harvest,True,2025-11-17 00:17:08,2025-11-20 04:20:14
455,339,tsMEfM,https://acme.dev/rapid/beacon/455,Service guide kernel,True,2026-02-13 08:34:32,2026-02-14 10:55:57
456,129,Kh0ktF,https://example.com/navy/signal/456,Campaign page engine,True,2025-10-09 00:17:33,2026-01-11 01:28:53
457,164,5qVCxV,https://example.com/young/uplink/457,Demo link harvest,True,2026-01-14 06:30:26,2026-01-19 06:50:59
458,400,tChmka,https://relay.cloud/lively/journey/458,Incident notes pioneer,True,2026-02-19 16:10:47,2026-02-19 21:40:55
459,27,cXr0ls,https://opswise.net/brisk/delta/459,Service guide river,True,2025-10-10 13:15:38,2026-02-11 08:13:12
460,328,7cj4B4,https://relay.cloud/clear/garden/460,Alert feed river,False,2025-05-21 03:50:04,2025-10-12 03:05:57
461,303,rLLga9,https://example.com/silver/trail/461,Status board valley,True,2025-04-23 15:48:04,2025-04-29 19:13:53
462,363,Qmi8Ae,https://seeded.app/keen/kernel/462,Status board delta,True,2025-08-10 15:38:19,2025-09-25 01:12:36
463,363,Rfgvic,https://example.com/young/yard/463,Service guide uplink,False,2025-03-07 04:16:40,2025-12-06 18:08:57
464,118,BBKIl4,https://hackstack.io/silver/field/464,Alert feed kernel,True,2025-06-29 20:00:58,2025-06-29 20:27:32
465,27,q44luS,https://acme.dev/opal/valley/465,Quarterly brief beacon,True,2025-08-09 21:42:42,2026-01-03 16:23:42
466,162,mzG1aj,https://acme.dev/vivid/kernel/466,Service guide uplink,True,2025-05-08 00:24:32,2025-08-19 01:51:19
467,301,pGtDeN,https://example.com/navy/valley/467,Roadmap update anchor,True,2025-02-20 02:17:03,2025-02-23 06:45:30
468,200,NisPy3,https://relay.cloud/gold/quartz/468,Demo link garden,True,2025-11-26 06:20:43,2025-11-26 19:56:28
469,26,HQN5NW,https://example.com/tidy/trail/469,Launch deck window,True,2025-01-25 07:22:49,2025-08-25 17:39:44
470,101,R4Vt7o,https://hackstack.io/brisk/river/470,Status board zenith,False,2026-02-01 12:10:00,2026-02-18 06:07:07
471,176,s08iNK,https://opswise.net/opal/quartz/471,Demo link pioneer,True,2025-07-28 16:56:07,2025-08-25 01:58:31
472,7,eWcmNs,https://hackstack.io/vivid/canyon/472,Status board delta,True,2025-08-24 17:20:24,2025-09-21 07:55:04
473,87,qReRKi,https://opswise.net/cobalt/pioneer/473,Ops review window,False,2026-02-15 22:21:15,2026-02-19 18:35:21
474,18,56FZFW,https://example.com/harbor/garden/474,Demo link anchor,True,2025-08-04 04:54:41,2026-02-13 14:33:25
475,337,ZRYFSs,https://relay.cloud/cobalt/meadow/475,Launch deck yard,True,2025-03-12 02:39:34,2025-11-27 00:03:07
476,51,fiIAUN,https://acme.dev/jade/valley/476,Ops review anchor,False,2025-01-10 13:54:13,2026-02-10 19:32:58
477,26,UJDscT,https://opswise.net/gold/signal/477,Launch deck harvest,True,2025-06-19 23:36:19,2025-10-08 06:27:23
478,173,122ukc,https://seeded.app/urban/valley/478,Campaign page uplink,True,2025-12-28 10:36:28,2025-12-31 14:31:48
479,74,A1txgZ,https://acme.dev/clear/engine/479,Incident notes pioneer,True,2025-06-20 03:02:12,2025-07-12 08:18:22
480,397,LbFQaQ,https://seeded.app/vivid/garden/480,Incident notes anchor,True,2025-04-23 07:59:22,2025-05-10 12:06:07
481,210,4ozoDG,https://example.com/young/delta/481,Status board lagoon,True,2025-03-22 03:37:17,2026-01-31 08:54:25
482,16,ICFANx,https://example.com/amber/zenith/482,Status board harvest,False,2025-04-22 15:35:47,2025-06-30 22:24:46
483,156,BoF77i,https://relay.cloud/mellow/uplink/483,Quarterly brief window,True,2025-11-28 16:47:21,2025-12-10 05:05:24
484,357,vuMp6D,https://example.com/vivid/beacon/484,Campaign page beacon,True,2025-01-30 22:13:16,2025-09-12 01:07:03
485,313,WKZXEH,https://relay.cloud/urban/island/485,Launch deck quartz,True,2026-01-22 13:17:29,2026-02-03 12:25:26
486,390,XyF8sK,https://example.com/keen/valley/486,Alert feed lagoon,True,2025-09-11 20:30:34,2026-02-03 17:04:40
487,79,Cy12iv,https://opswise.net/jade/window/487,Ops review beacon,True,2025-01-28 12:41:00,2025-10-16 04:04:42
488,258,0YMtGk,https://opswise.net/proud/quartz/488,Ops review beacon,True,2025-01-28 20:29:06,2025-09-24 21:50:27
489,84,SPxPmL,https://hackstack.io/tidy/network/489,Quarterly brief journey,True,2025-07-27 07:41:25,2026-01-10 05:48:56
490,48,drjQUW,https://hackstack.io/amber/river/490,Roadmap update zenith,True,2025-09-05 01:09:03,2026-01-04 05:50:48
491,248,I6DnDU,https://acme.dev/harbor/beacon/491,Incident notes valley,True,2025-02-16 04:36:30,2025-04-28 02:33:20
492,130,mrbTSz,https://seeded.app/vivid/kernel/492,Demo link zenith,True,2026-01-03 09:32:52,2026-02-18 23:58:23
493,5,S0vfzU,https://acme.dev/clear/quartz/493,Ops review beacon,True,2025-05-06 05:35:16,2025-08-30 00:58:37
494,177,HJYTSP,https://example.com/dawn/valley/494,Quarterly brief uplink,True,2025-12-21 22:26:46,2025-12-28 13:01:16
495,388,j9n0po,https://opswise.net/ivory/window/495,Demo link quartz,True,2025-07-20 02:47:30,2025-08-29 15:21:23
496,304,P1LYHp,https://example.com/brisk/window/496,Incident notes window,True,2025-07-07 23:16:38,2025-11-17 22:38:37
497,392,luiuSO,https://relay.cloud/harbor/zenith/497,Ops review uplink,True,2025-04-14 23:26:50,2025-12-14 09:04:14
498,382,fxQ8Jo,https://example.com/proud/pioneer/498,Incident notes river,True,2025-12-13 09:12:37,2025-12-29 02:44:52
499,287,EkOEfG,https://relay.cloud/rapid/canyon/499,Roadmap update network,True,2025-03-13 02:29:25,2025-10-14 07:09:06
500,123,584hFk,https://seeded.app/clear/quartz/500,Status board kernel,False,2025-03-18 02:10:56,2025-07-26 09:49:26
501,281,aOEmCu,https://seeded.app/quiet/engine/501,Quarterly brief orbit,True,2025-05-12 19:59:59,2026-01-18 01:57:36
502,383,RvOtwZ,https://relay.cloud/proud/zenith/502,Ops review quartz,True,2025-10-14 21:30:53,2026-02-18 19:21:43
503,365,26QPAQ,https://opswise.net/opal/garden/503,Incident notes orbit,True,2025-02-10 06:02:28,2025-11-09 20:30:25
504,98,5vO1mV,https://seeded.app/proud/pioneer/504,Quarterly brief pioneer,True,2025-10-16 07:51:24,2025-10-28 08:50:11
505,141,5mnuPk,https://example.com/young/beacon/505,Demo link network,True,2025-01-22 04:03:52,2025-06-16 08:40:31
506,110,f03vqs,https://hackstack.io/clear/yard/506,Campaign page river,False,2025-08-06 07:15:21,2026-01-18 22:23:49
507,298,U6mz2n,https://hackstack.io/jade/zenith/507,Service guide garden,True,2025-11-08 01:45:17,2025-12-13 12:43:03
508,278,Zg3Qav,https://opswise.net/warm/harvest/508,Ops review kernel,True,2025-02-14 21:51:09,2025-05-11 08:02:22
509,392,bp1zfL,https://seeded.app/calm/field/509,Alert feed journey,False,2025-06-26 06:43:41,2025-07-08 20:09:57
510,101,fc2QtQ,https://opswise.net/amber/garden/510,Demo link signal,True,2025-03-22 12:45:40,2025-07-02 03:32:35
511,162,FowqgA,https://example.com/ember/quartz/511,Campaign page network,True,2025-10-24 05:51:09,2025-12-25 01:01:45
512,267,Ig3oYn,https://example.com/urban/window/512,Service guide orbit,True,2025-05-02 23:29:07,2025-07-17 09:18:41
513,288,ziLUDc,https://relay.cloud/harbor/orbit/513,Quarterly brief journey,True,2025-03-14 10:55:54,2025-12-04 08:53:32
514,169,KXnRXE,https://example.com/vivid/quartz/514,Ops review lagoon,True,2025-01-10 01:24:41,2025-05-16 22:00:54
515,166,qkhSYI,https://acme.dev/forest/valley/515,Incident notes quartz,True,2025-02-24 14:03:47,2025-07-01 09:48:41
516,130,I3f5e1,https://acme.dev/tidy/pioneer/516,Demo link window,True,2025-05-15 16:08:14,2025-09-29 07:03:54
517,209,ukm3Pb,https://seeded.app/silver/uplink/517,Quarterly brief garden,True,2025-06-10 19:38:32,2026-01-22 05:14:51
518,221,MwcCKA,https://example.com/clear/island/518,Demo link field,True,2025-01-22 06:52:51,2026-02-15 10:29:53
519,123,PgEUu2,https://hackstack.io/forest/orbit/519,Launch deck meadow,False,2025-02-10 06:58:23,2025-12-23 19:04:43
520,224,JsIRnM,https://opswise.net/harbor/engine/520,Demo link delta,True,2025-10-26 12:31:31,2026-02-01 04:41:34
521,253,bC7jTS,https://seeded.app/gold/anchor/521,Ops review zenith,False,2025-01-23 09:05:35,2025-02-23 04:04:12
522,286,5pZl6M,https://example.com/ember/harvest/522,Roadmap update valley,True,2025-07-30 01:39:53,2025-11-23 00:33:54
523,244,eU4oWM,https://opswise.net/gold/beacon/523,Roadmap update field,False,2025-11-27 13:45:53,2026-02-05 14:31:38
524,221,jUKHyq,https://seeded.app/harbor/uplink/524,Ops review network,True,2025-09-17 13:08:14,2026-01-03 13:52:50
525,86,ugpAyc,https://example.com/calm/journey/525,Ops review meadow,True,2025-09-17 22:29:24,2026-02-11 09:05:41
526,342,b1iCCz,https://acme.dev/young/valley/526,Quarterly brief river,True,2025-07-22 12:12:38,2026-02-16 02:49:37
527,155,bghuY7,https://hackstack.io/dawn/network/527,Status board valley,True,2026-01-23 06:33:33,2026-02-07 19:44:28
528,283,m46ql5,https://opswise.net/silver/yard/528,Status board signal,True,2025-10-07 21:55:45,2025-10-15 13:02:59
529,383,1YLLpU,https://relay.cloud/quiet/engine/529,Alert feed kernel,True,2025-03-05 06:09:22,2025-10-09 00:56:19
530,17,A9YzMd,https://relay.cloud/lively/meadow/530,Ops review garden,True,2025-08-30 09:36:30,2025-12-28 03:04:23
531,220,ikKDUH,https://opswise.net/ivory/valley/531,Status board anchor,True,2025-07-30 01:37:59,2025-10-20 20:58:43
532,138,CDh5zb,https://relay.cloud/dawn/window/532,Incident notes window,True,2025-01-16 15:00:25,2025-02-02 08:23:39
533,172,fbc1Uz,https://example.com/silver/anchor/533,Status board canyon,True,2025-06-29 18:41:06,2025-12-02 18:58:06
534,188,bcvnqF,https://hackstack.io/navy/zenith/534,Campaign page field,True,2025-10-24 13:03:17,2025-11-20 10:53:46
535,249,NLJrB1,https://hackstack.io/urban/field/535,Demo link lagoon,True,2025-02-25 10:30:53,2025-08-12 14:25:27
536,398,mdcltL,https://example.com/rapid/canyon/536,Ops review delta,True,2025-12-24 10:08:32,2026-01-13 03:26:32
537,307,wCDixE,https://relay.cloud/mellow/uplink/537,Campaign page kernel,False,2025-09-04 20:44:05,2025-09-23 00:24:01
538,169,oQJCd6,https://opswise.net/forest/harvest/538,Quarterly brief valley,True,2025-07-04 11:36:47,2025-12-12 07:03:51
539,170,6wylNF,https://acme.dev/vivid/uplink/539,Demo link delta,True,2025-06-03 11:25:13,2025-08-04 15:14:57
540,329,PTjHPX,https://hackstack.io/quiet/garden/540,Service guide orbit,True,2026-02-17 03:53:55,2026-02-19 01:33:12
541,367,MWV7GQ,https://relay.cloud/proud/river/541,Demo link quartz,True,2025-04-19 11:55:18,2025-07-04 17:33:38
542,78,fbsjHe,https://acme.dev/forest/delta/542,Service guide canyon,False,2025-10-20 18:43:20,2026-02-07 20:52:22
543,319,Xs36Mz,https://relay.cloud/navy/window/543,Quarterly brief kernel,True,2025-06-26 12:57:37,2026-01-25 21:11:46
544,23,iYHJ36,https://hackstack.io/cobalt/orbit/544,Service guide river,True,2025-12-30 01:13:37,2026-01-09 08:28:30
545,321,9DBEkf,https://seeded.app/forest/delta/545,Alert feed meadow,True,2025-09-05 16:53:44,2025-09-28 23:49:18
546,219,MzQERT,https://acme.dev/vivid/beacon/546,Service guide network,True,2025-11-18 08:54:50,2026-01-23 18:08:49
547,82,MMSbiW,https://relay.cloud/silver/zenith/547,Service guide yard,False,2025-09-29 08:54:08,2026-01-14 01:57:08
548,368,bRpYYC,https://relay.cloud/proud/trail/548,Service guide beacon,True,2025-10-11 06:13:49,2026-02-11 00:15:16
549,1,eR8wuv,https://acme.dev/harbor/engine/549,Roadmap update beacon,False,2025-05-19 09:13:32,2025-11-16 02:15:02
550,79,q8026Y,https://seeded.app/lively/trail/550,Incident notes field,False,2025-07-28 07:15:02,2026-02-15 06:42:15
551,114,ZwILl6,https://seeded.app/keen/trail/551,Alert feed harvest,True,2025-07-10 22:32:47,2025-08-27 05:05:42
552,41,FJgWPs,https://seeded.app/keen/beacon/552,Quarterly brief delta,False,2025-03-21 16:19:43,2025-07-11 07:55:54
553,294,BcBdzZ,https://acme.dev/quiet/beacon/553,Campaign page canyon,True,2025-05-15 15:55:51,2026-01-03 11:16:52
554,198,luQu0G,https://example.com/silver/trail/554,Incident notes island,True,2025-05-26 23:17:30,2025-11-15 13:08:52
555,106,XUTImf,https://relay.cloud/vivid/anchor/555,Service guide field,False,2025-01-22 17:26:28,2025-06-14 06:12:29
556,331,rWywo7,https://seeded.app/dawn/quartz/556,Incident notes trail,True,2025-12-16 22:42:21,2026-02-18 18:05:32
557,96,e6RAMQ,https://hackstack.io/quiet/anchor/557,Campaign page orbit,False,2025-11-02 09:50:09,2025-12-31 02:01:41
558,344,bn2RN6,https://opswise.net/warm/lagoon/558,Service guide meadow,True,2025-03-08 09:42:12,2025-05-24 23:08:49
559,196,ZsoW1I,https://acme.dev/ember/network/559,Demo link beacon,True,2025-06-16 04:43:52,2025-08-22 05:23:46
560,53,qNe1Tg,https://example.com/young/pioneer/560,Roadmap update yard,True,2025-11-23 19:59:30,2026-02-05 01:12:14
561,364,gElE0e,https://relay.cloud/keen/river/561,Ops review canyon,True,2025-09-13 07:53:23,2025-10-17 11:24:55
562,223,l15nqL,https://hackstack.io/lively/garden/562,Status board yard,True,2025-11-08 14:35:07,2026-02-02 09:44:11
563,174,YkN3lU,https://example.com/quiet/garden/563,Incident notes beacon,True,2026-02-08 19:22:56,2026-02-09 18:26:34
564,104,IqFaYL,https://hackstack.io/brisk/meadow/564,Quarterly brief journey,True,2025-08-19 16:56:26,2025-09-08 22:16:58
565,106,CbAzmh,https://relay.cloud/harbor/meadow/565,Campaign page delta,True,2025-08-29 11:05:52,2026-02-08 01:43:30
566,261,3T13oN,https://hackstack.io/ivory/beacon/566,Incident notes journey,True,2025-04-20 16:38:36,2025-05-26 08:18:39
567,399,NuweGT,https://acme.dev/calm/yard/567,Roadmap update lagoon,True,2025-10-31 20:07:43,2026-01-24 02:16:29
568,225,nLfw9l,https://opswise.net/tidy/orbit/568,Demo link delta,True,2025-10-26 11:26:30,2026-01-05 10:56:19
569,64,f6UKLN,https://opswise.net/ivory/journey/569,Ops review kernel,True,2025-07-12 10:25:33,2025-08-20 21:15:02
570,129,RYEnl3,https://hackstack.io/harbor/uplink/570,Roadmap update river,False,2026-02-16 03:16:42,2026-02-18 12:36:02
571,308,2XTjDc,https://seeded.app/quiet/quartz/571,Launch deck trail,False,2025-01-03 14:39:28,2025-09-11 13:15:49
572,262,aHBs7E,https://opswise.net/calm/beacon/572,Ops review engine,True,2025-02-15 08:16:02,2026-01-29 13:50:15
573,199,JLQALg,https://hackstack.io/navy/quartz/573,Quarterly brief network,True,2025-06-21 19:55:49,2025-07-02 13:51:51
574,67,qzl0yF,https://relay.cloud/ember/engine/574,Demo link window,True,2025-08-22 20:02:41,2026-01-03 13:52:18
575,261,RT1Q8J,https://hackstack.io/young/trail/575,Demo link orbit,True,2025-08-03 08:16:02,2025-09-22 13:12:27
576,241,FBGEbx,https://relay.cloud/cobalt/window/576,Ops review harvest,False,2025-12-09 11:13:49,2025-12-17 01:04:20
577,132,bRi6uR,https://relay.cloud/forest/engine/577,Campaign page signal,True,2025-12-13 18:39:56,2026-02-16 17:32:38
578,75,KNnkpM,https://hackstack.io/proud/garden/578,Demo link signal,True,2025-05-30 12:06:56,2025-10-30 01:54:33
579,60,1vDfj3,https://seeded.app/ivory/orbit/579,Alert feed field,True,2025-03-16 18:14:52,2025-06-25 03:22:29
580,288,VMgIiJ,https://opswise.net/young/garden/580,Ops review engine,True,2025-12-11 19:22:01,2026-02-02 15:05:10
581,30,lSC0Uu,https://acme.dev/forest/island/581,Status board island,True,2025-06-15 18:39:06,2025-12-16 23:19:24
582,61,l2Sbbt,https://relay.cloud/jade/yard/582,Service guide beacon,True,2026-02-17 13:58:39,2026-02-20 21:26:27
583,58,895RaF,https://hackstack.io/lively/signal/583,Demo link field,True,2025-08-16 00:39:32,2025-12-10 11:12:48
584,81,mz07mY,https://hackstack.io/opal/window/584,Incident notes anchor,True,2025-12-15 14:13:54,2026-01-30 10:13:21
585,151,jl5V2q,https://relay.cloud/lively/signal/585,Roadmap update zenith,True,2025-08-05 11:07:16,2025-12-04 03:08:57
586,218,zGi8Do,https://example.com/harbor/journey/586,Campaign page quartz,True,2025-09-03 21:30:49,2025-09-16 04:09:17
587,306,htLChm,https://opswise.net/vivid/network/587,Launch deck yard,True,2025-09-30 07:00:20,2026-02-05 09:08:08
588,62,ThlEmh,https://relay.cloud/tidy/pioneer/588,Campaign page delta,True,2026-02-07 14:15:43,2026-02-19 19:23:38
589,65,dKN1xs,https://example.com/calm/field/589,Launch deck beacon,True,2025-11-08 01:38:09,2026-01-01 00:50:53
590,37,fIaCBZ,https://seeded.app/dawn/beacon/590,Incident notes engine,True,2025-12-02 15:54:30,2025-12-30 17:41:03
591,388,2a7ucR,https://acme.dev/tidy/orbit/591,Ops review field,True,2025-06-12 11:44:16,2026-02-03 06:27:51
592,160,YWMvL5,https://relay.cloud/quiet/window/592,Quarterly brief orbit,False,2025-06-10 09:34:33,2025-11-20 23:13:36
593,258,qooFao,https://opswise.net/rapid/uplink/593,Status board field,True,2025-07-16 09:00:22,2025-09-12 08:52:57
594,118,6s6RiG,https://acme.dev/harbor/orbit/594,Incident notes meadow,True,2025-01-01 04:06:45,2025-11-11 15:55:03
595,167,7kJ4B0,https://example.com/brisk/signal/595,Demo link anchor,True,2025-06-07 03:03:28,2025-07-23 21:42:22
596,41,O3oEfw,https://seeded.app/warm/zenith/596,Quarterly brief meadow,True,2025-02-18 19:27:11,2025-06-30 17:19:52
597,204,I8PAR5,https://seeded.app/silver/zenith/597,Alert feed quartz,True,2025-06-28 12:26:20,2025-09-11 12:07:57
598,342,BJKTeA,https://acme.dev/forest/trail/598,Status board anchor,True,2025-12-10 21:49:22,2026-01-31 10:11:45
599,376,3uCB5E,https://relay.cloud/cobalt/pioneer/599,Service guide uplink,True,2025-07-21 20:51:06,2026-02-09 16:47:57
600,192,bgfUox,https://opswise.net/calm/network/600,Demo link engine,False,2025-06-02 12:05:53,2026-01-04 22:29:06
601,295,n6dFOD,https://hackstack.io/proud/garden/601,Campaign page harvest,True,2025-12-27 09:29:52,2026-01-10 17:28:24
602,317,ZVzKj3,https://hackstack.io/forest/engine/602,Quarterly brief delta,True,2025-11-29 23:18:40,2026-01-11 10:10:37
603,232,bPxdiK,https://hackstack.io/brisk/lagoon/603,Quarterly brief signal,True,2025-06-25 19:27:29,2025-09-16 03:48:37
604,9,kx9ySE,https://seeded.app/ivory/field/604,Launch deck anchor,True,2025-10-06 13:34:48,2026-02-10 23:08:37
605,213,HyDqqi,https://opswise.net/lively/delta/605,Quarterly brief valley,True,2026-02-04 13:14:41,2026-02-13 23:28:36
606,390,Z9OfW9,https://acme.dev/keen/garden/606,Incident notes signal,True,2025-02-03 16:21:11,2025-11-24 04:32:27
607,133,RT9uhd,https://hackstack.io/proud/delta/607,Roadmap update orbit,True,2025-04-03 11:36:07,2026-02-14 19:39:17
608,157,Kwwxug,https://seeded.app/young/journey/608,Ops review trail,True,2025-07-01 01:08:19,2026-01-10 18:31:44
609,348,V1z3gw,https://opswise.net/clear/canyon/609,Status board canyon,True,2025-05-21 22:28:46,2026-01-15 12:11:01
610,79,lDJ3mS,https://seeded.app/forest/anchor/610,Quarterly brief field,False,2025-12-16 22:52:12,2026-01-23 14:33:50
611,173,SjlunU,https://hackstack.io/ivory/quartz/611,Status board field,True,2025-03-06 04:44:36,2025-12-05 15:56:34
612,177,SxCTMH,https://seeded.app/quiet/signal/612,Quarterly brief garden,True,2025-03-26 15:27:05,2025-05-26 00:05:17
613,202,EK1CZu,https://relay.cloud/ivory/trail/613,Campaign page island,True,2025-07-23 08:42:54,2025-12-13 00:00:38
614,382,IO19VH,https://example.com/lively/valley/614,Demo link harvest,True,2026-01-19 03:06:31,2026-01-23 05:03:10
615,125,iD1YKf,https://opswise.net/navy/engine/615,Demo link engine,True,2025-04-22 07:19:52,2025-11-05 03:29:11
616,228,xLsPA1,https://acme.dev/amber/network/616,Launch deck journey,True,2025-01-31 08:07:03,2025-08-09 09:14:56
617,357,17aeUH,https://acme.dev/silver/river/617,Incident notes field,True,2025-06-14 16:38:13,2025-08-21 10:42:03
618,226,6OLu2L,https://opswise.net/proud/journey/618,Ops review pioneer,True,2025-06-08 00:49:17,2025-08-01 11:43:04
619,46,Kt39XE,https://seeded.app/brisk/zenith/619,Quarterly brief field,True,2025-10-15 03:24:07,2025-11-07 07:50:50
620,205,CvPKE2,https://seeded.app/jade/orbit/620,Alert feed garden,False,2025-09-10 11:38:38,2026-01-26 12:28:17
621,64,HudItS,https://seeded.app/harbor/lagoon/621,Service guide orbit,True,2025-07-13 15:52:30,2025-08-01 22:26:17
622,309,m5OkPe,https://opswise.net/ivory/harvest/622,Incident notes meadow,True,2025-06-07 17:34:45,2025-11-01 12:15:47
623,42,gNuobb,https://hackstack.io/forest/valley/623,Incident notes delta,True,2025-11-10 20:51:24,2025-11-26 06:05:10
624,327,vI4Ov0,https://acme.dev/dawn/kernel/624,Service guide yard,True,2025-08-30 16:16:46,2026-01-31 17:52:30
625,323,pCMc4X,https://seeded.app/clear/network/625,Campaign page beacon,True,2025-03-23 15:40:32,2025-07-17 01:52:29
626,315,F5fOlt,https://opswise.net/gold/yard/626,Service guide garden,True,2025-12-07 04:32:08,2026-02-15 22:44:17
627,375,ZclmYA,https://hackstack.io/cobalt/orbit/627,Quarterly brief uplink,True,2026-02-09 05:27:07,2026-02-13 08:52:11
628,5,PuKBtu,https://hackstack.io/rapid/beacon/628,Incident notes network,True,2025-02-17 00:35:12,2025-04-13 07:01:42
629,331,Zq5JpX,https://opswise.net/ember/uplink/629,Demo link field,True,2025-09-17 17:40:10,2025-10-23 08:39:24
630,106,GzPmGh,https://example.com/opal/quartz/630,Roadmap update canyon,True,2025-02-10 03:33:45,2025-08-22 04:19:39
631,27,LF0Zfw,https://acme.dev/quiet/zenith/631,Demo link quartz,True,2025-03-08 00:09:45,2025-09-05 06:00:27
632,30,PxAVtY,https://acme.dev/mellow/field/632,Incident notes zenith,True,2025-04-15 17:25:32,2025-12-10 01:26:09
633,272,MFP8th,https://seeded.app/calm/canyon/633,Alert feed network,True,2025-07-14 10:49:55,2025-11-12 09:23:14
634,115,emw7Ln,https://relay.cloud/quiet/journey/634,Ops review canyon,True,2026-01-31 16:37:01,2026-02-12 05:45:56
635,306,2FH1t2,https://opswise.net/cobalt/canyon/635,Status board zenith,False,2026-02-05 08:59:32,2026-02-10 23:51:27
636,24,drcdlW,https://opswise.net/opal/trail/636,Service guide window,False,2025-04-30 00:24:49,2025-11-09 07:03:01
637,243,8OnZeW,https://opswise.net/gold/delta/637,Alert feed garden,True,2025-04-12 12:34:28,2025-11-11 05:15:21
638,137,WZzOox,https://hackstack.io/harbor/harvest/638,Campaign page pioneer,True,2025-07-27 21:21:05,2025-07-30 07:31:34
639,133,CIXjCp,https://relay.cloud/forest/anchor/639,Service guide journey,True,2025-01-29 16:26:35,2025-05-23 02:50:19
640,390,3kzBDc,https://example.com/amber/valley/640,Demo link delta,True,2025-11-30 11:19:08,2025-12-14 02:27:46
641,256,cU4Lxb,https://hackstack.io/proud/meadow/641,Quarterly brief meadow,True,2025-07-06 08:53:18,2025-11-22 12:33:03
642,132,sgbqHi,https://seeded.app/lively/kernel/642,Launch deck trail,True,2025-06-10 11:38:31,2026-02-13 13:22:40
643,95,3yZjN1,https://acme.dev/amber/pioneer/643,Launch deck anchor,True,2025-10-14 07:42:36,2026-01-23 14:10:42
644,352,MTGgtc,https://example.com/urban/quartz/644,Launch deck window,True,2025-09-04 16:21:41,2025-09-05 21:04:02
645,345,qVbYL2,https://hackstack.io/tidy/zenith/645,Quarterly brief harvest,True,2025-07-18 16:27:07,2025-09-30 03:35:21
646,91,3MZmz1,https://acme.dev/gold/orbit/646,Alert feed trail,True,2025-11-10 01:28:06,2026-02-09 08:16:27
647,327,p19rXQ,https://example.com/quiet/zenith/647,Campaign page beacon,False,2025-02-18 00:13:41,2025-11-09 09:25:28
648,7,Ov4iUc,https://relay.cloud/ivory/beacon/648,Status board journey,True,2025-01-18 17:42:12,2025-01-31 05:45:57
649,185,SVcsJU,https://seeded.app/jade/signal/649,Launch deck garden,True,2025-09-09 08:24:39,2026-02-11 22:47:15
650,197,m4Y5mw,https://relay.cloud/cobalt/trail/650,Quarterly brief anchor,True,2025-08-17 07:52:10,2025-09-04 13:28:53
651,339,JCKW5A,https://opswise.net/amber/delta/651,Demo link trail,False,2025-10-23 21:21:51,2026-01-10 08:14:21
652,264,PZchmV,https://relay.cloud/urban/meadow/652,Alert feed trail,False,2025-03-08 22:24:05,2025-09-02 02:00:41
653,182,RI1dEF,https://relay.cloud/amber/delta/653,Ops review quartz,False,2025-10-06 16:03:42,2025-12-30 04:40:41
654,295,F60Lzy,https://acme.dev/lively/journey/654,Launch deck garden,True,2025-02-05 16:22:49,2025-06-24 23:07:16
655,186,DZkNpg,https://hackstack.io/rapid/anchor/655,Quarterly brief pioneer,True,2025-11-11 15:26:43,2026-01-31 07:23:15
656,222,SVcpEK,https://acme.dev/silver/river/656,Alert feed network,True,2025-05-03 21:59:03,2025-08-17 04:37:47
657,237,6PTUqI,https://acme.dev/opal/network/657,Roadmap update trail,False,2025-03-19 18:45:02,2025-09-10 04:54:35
658,15,F4E2Xf,https://example.com/keen/lagoon/658,Status board kernel,True,2026-01-13 08:13:07,2026-02-19 10:34:36
659,236,Z9XmaQ,https://acme.dev/young/uplink/659,Status board garden,True,2025-05-03 12:35:26,2025-07-31 17:35:11
660,175,0UeeF5,https://opswise.net/lively/quartz/660,Alert feed meadow,True,2025-04-23 19:31:25,2025-05-27 15:30:02
661,130,7gVPWi,https://relay.cloud/navy/field/661,Launch deck signal,True,2025-12-24 15:39:59,2025-12-24 16:49:53
662,247,dCVRkg,https://example.com/opal/delta/662,Alert feed network,True,2025-02-10 00:37:50,2025-05-06 17:27:43
663,165,KZ4jl5,https://hackstack.io/calm/kernel/663,Launch deck canyon,False,2025-10-07 07:21:31,2026-02-20 01:06:39
664,86,JuIoRd,https://hackstack.io/navy/anchor/664,Ops review field,True,2025-07-02 10:22:16,2025-10-09 02:13:49
665,89,dQj9uA,https://example.com/forest/meadow/665,Service guide meadow,True,2025-08-09 09:36:41,2026-01-18 14:01:34
666,51,Epl5ks,https://example.com/clear/uplink/666,Roadmap update uplink,True,2026-02-09 18:16:00,2026-02-11 19:12:50
667,142,Dsa3EV,https://opswise.net/tidy/river/667,Ops review harvest,False,2025-08-15 03:48:39,2025-11-19 20:34:03
668,3,HUYFHL,https://opswise.net/mellow/island/668,Roadmap update meadow,True,2025-08-03 08:39:59,2025-11-15 21:53:05
669,266,XZs6JC,https://relay.cloud/ivory/uplink/669,Quarterly brief valley,True,2025-10-07 01:17:04,2026-02-09 20:18:01
670,73,FYZVwM,https://acme.dev/amber/delta/670,Alert feed meadow,True,2025-08-01 14:04:09,2025-11-01 03:55:30
671,333,8vfZLb,https://relay.cloud/navy/lagoon/671,Demo link island,True,2025-07-30 12:11:43,2025-12-22 23:25:41
672,214,6n8ZpC,https://example.com/ember/window/672,Ops review uplink,True,2026-02-01 08:49:27,2026-02-04 07:26:43
673,316,TTWSbx,https://opswise.net/opal/zenith/673,Launch deck lagoon,True,2025-01-26 12:00:48,2025-04-21 14:29:56
674,214,EOxy8a,https://hackstack.io/calm/island/674,Campaign page kernel,False,2025-11-21 00:54:06,2025-11-23 06:41:47
675,160,cVCxlu,https://hackstack.io/mellow/orbit/675,Alert feed river,True,2025-12-28 13:13:43,2026-02-15 17:44:38
676,386,CMRIcz,https://hackstack.io/opal/river/676,Status board pioneer,True,2025-08-01 13:36:15,2025-08-05 23:09:13
677,377,nCFmqB,https://seeded.app/lively/river/677,Status board beacon,True,2025-07-21 21:38:22,2025-12-28 09:33:23
678,186,bf2znx,https://example.com/young/journey/678,Campaign page quartz,True,2025-06-17 22:41:21,2026-01-04 05:33:46
679,122,IGUN4V,https://hackstack.io/gold/delta/679,Incident notes delta,True,2026-02-04 06:35:52,2026-02-05 01:15:04
680,178,8ePOt4,https://relay.cloud/keen/signal/680,Roadmap update quartz,True,2025-09-05 20:12:01,2026-01-22 16:16:48
681,126,Xdr5gW,https://opswise.net/opal/meadow/681,Ops review meadow,True,2025-10-31 22:20:23,2025-12-09 00:25:44
682,173,wBf7a9,https://acme.dev/harbor/valley/682,Roadmap update quartz,True,2025-05-21 11:28:29,2025-07-03 08:18:02
683,213,K6DYT8,https://example.com/dawn/yard/683,Alert feed valley,True,2025-04-11 21:24:42,2026-02-13 21:08:54
684,168,25rT2n,https://relay.cloud/cobalt/journey/684,Service guide zenith,True,2025-06-24 20:32:52,2025-07-08 16:26:55
685,235,LSSW1i,https://acme.dev/calm/garden/685,Service guide uplink,True,2025-11-21 23:14:57,2026-01-31 17:27:28
686,116,wK1RPA,https://hackstack.io/dawn/anchor/686,Campaign page trail,False,2025-06-10 04:48:28,2025-09-22 01:23:48
687,150,FJv3Ux,https://acme.dev/brisk/journey/687,Launch deck yard,True,2025-08-25 23:05:50,2026-02-18 22:34:52
688,146,WlKqh4,https://seeded.app/silver/pioneer/688,Quarterly brief meadow,True,2025-09-12 14:17:36,2026-02-06 06:54:56
689,163,JZoQdc,https://acme.dev/dawn/anchor/689,Ops review island,True,2025-10-19 03:27:39,2025-12-12 05:58:58
690,246,gzHkhP,https://acme.dev/opal/kernel/690,Ops review island,True,2025-08-14 14:52:24,2025-12-10 15:43:19
691,374,8GvoMI,https://opswise.net/navy/garden/691,Incident notes delta,True,2025-02-16 09:11:07,2025-08-15 18:41:10
692,354,gkAlYl,https://hackstack.io/quiet/harvest/692,Demo link beacon,True,2025-09-02 03:58:16,2025-11-11 01:57:34
693,289,qJpxgb,https://relay.cloud/navy/kernel/693,Campaign page window,True,2025-04-18 17:12:51,2025-12-09 17:12:19
694,170,YnCgzM,https://acme.dev/keen/lagoon/694,Launch deck island,True,2025-04-02 17:41:55,2025-11-01 18:37:33
695,233,xBtRwq,https://opswise.net/cobalt/pioneer/695,Quarterly brief meadow,True,2025-03-13 03:31:38,2025-08-01 22:22:57
696,262,OtgYYh,https://acme.dev/brisk/field/696,Incident notes canyon,True,2026-02-05 05:06:37,2026-02-15 10:49:17
697,26,ArIOp2,https://hackstack.io/amber/signal/697,Incident notes island,True,2025-02-15 08:16:54,2025-07-12 03:09:43
698,338,pjSRqV,https://seeded.app/dawn/quartz/698,Status board lagoon,True,2025-01-27 16:57:32,2026-01-04 21:37:55
699,61,tXk3i5,https://acme.dev/ember/network/699,Incident notes quartz,True,2025-02-24 00:50:05,2025-03-02 02:00:26
700,21,BxPUVr,https://seeded.app/lively/pioneer/700,Status board uplink,True,2025-11-28 00:46:10,2026-01-26 20:21:06
701,376,FA3oGk,https://relay.cloud/cobalt/orbit/701,Ops review kernel,True,2025-01-09 09:41:27,2025-02-21 13:09:36
702,100,1fzFAZ,https://example.com/jade/orbit/702,Demo link journey,False,2025-03-14 19:25:15,2025-08-15 08:37:20
703,321,jsMlKC,https://acme.dev/clear/beacon/703,Alert feed window,True,2025-12-30 07:38:42,2026-01-13 11:10:20
704,73,QnEZuL,https://opswise.net/navy/engine/704,Quarterly brief network,True,2025-02-25 06:21:23,2025-08-03 12:11:38
705,134,CAGJbh,https://example.com/clear/quartz/705,Roadmap update pioneer,True,2025-09-08 11:01:19,2025-12-29 17:16:29
706,85,Ea8WW6,https://example.com/urban/field/706,Status board island,True,2025-05-23 00:36:32,2025-11-11 23:48:30
707,248,i6aJPo,https://opswise.net/harbor/valley/707,Service guide pioneer,True,2025-05-06 05:04:12,2025-12-19 23:07:55
708,254,ZxhoU5,https://hackstack.io/ivory/journey/708,Incident notes zenith,True,2025-12-29 06:33:19,2026-01-15 05:48:08
709,368,u6rvuU,https://acme.dev/amber/orbit/709,Status board uplink,True,2025-10-15 01:59:45,2025-10-28 20:19:11
710,58,Tnt04M,https://opswise.net/ivory/uplink/710,Ops review engine,True,2025-10-29 11:05:40,2026-01-21 06:54:29
711,28,PMDMGj,https://example.com/young/beacon/711,Alert feed kernel,True,2025-03-25 13:46:23,2025-08-26 10:11:14
712,246,KUmydF,https://example.com/jade/quartz/712,Demo link canyon,False,2025-11-17 16:37:01,2025-12-17 22:39:30
713,7,KEiFIj,https://acme.dev/tidy/garden/713,Launch deck valley,True,2026-01-01 22:49:20,2026-01-10 20:59:17
714,1,iBiGwj,https://example.com/gold/river/714,Quarterly brief beacon,True,2025-09-03 01:17:58,2025-11-06 21:52:12
715,375,4Ojv7C,https://relay.cloud/cobalt/engine/715,Launch deck engine,True,2025-05-23 07:07:57,2025-11-27 15:17:39
716,32,1efQFj,https://opswise.net/lively/journey/716,Launch deck anchor,True,2025-05-20 19:05:24,2026-02-06 02:57:28
717,307,MhNq2y,https://hackstack.io/lively/quartz/717,Incident notes garden,False,2026-01-31 11:22:33,2026-02-18 07:17:47
718,316,FDT33a,https://opswise.net/silver/field/718,Campaign page quartz,True,2025-05-03 14:22:44,2026-01-23 00:51:45
719,345,LMpCNV,https://relay.cloud/harbor/anchor/719,Campaign page quartz,True,2025-04-09 01:49:19,2025-07-05 15:21:14
720,53,kkCSYa,https://hackstack.io/clear/signal/720,Status board garden,True,2025-03-10 04:21:48,2025-08-20 03:24:50
721,309,wkyTP8,https://acme.dev/quiet/window/721,Incident notes window,True,2025-08-30 12:18:58,2025-10-20 00:42:51
722,353,6UUhWA,https://example.com/ivory/orbit/722,Status board quartz,True,2025-01-08 19:56:36,2026-01-19 17:33:14
723,34,vWfMdF,https://opswise.net/vivid/anchor/723,Incident notes kernel,False,2026-02-14 17:15:00,2026-02-16 11:00:06
724,7,iLWAXG,https://relay.cloud/clear/quartz/724,Alert feed anchor,True,2025-02-21 09:02:00,2025-09-16 23:07:24
725,54,EwCRSx,https://opswise.net/navy/pioneer/725,Ops review quartz,True,2025-04-25 03:04:21,2026-01-02 03:26:27
726,115,qF78zN,https://acme.dev/jade/quartz/726,Alert feed delta,True,2025-11-04 07:45:23,2025-11-20 21:20:02
727,384,duokdX,https://acme.dev/navy/yard/727,Launch deck journey,False,2025-02-12 06:42:02,2025-07-25 02:27:23
728,164,5lNvFW,https://hackstack.io/calm/orbit/728,Roadmap update garden,True,2025-04-22 06:11:00,2025-11-25 10:07:20
729,263,UEHTEs,https://hackstack.io/keen/valley/729,Quarterly brief zenith,True,2025-08-06 08:14:59,2025-10-16 11:37:31
730,281,0NGW6Z,https://relay.cloud/mellow/lagoon/730,Roadmap update meadow,True,2026-02-19 23:21:56,2026-02-20 07:29:19
731,157,i99QI2,https://example.com/vivid/garden/731,Service guide harvest,True,2025-06-10 10:18:41,2025-07-05 03:50:04
732,283,K6VPzd,https://acme.dev/dawn/uplink/732,Demo link island,True,2025-11-10 01:52:55,2025-12-06 03:38:51
733,133,o92hnv,https://seeded.app/mellow/harvest/733,Incident notes trail,True,2025-03-18 07:59:42,2025-04-16 07:38:48
734,347,ej0CWv,https://opswise.net/dawn/anchor/734,Launch deck orbit,True,2025-07-31 03:06:32,2025-09-04 06:21:58
735,257,HLqiNM,https://opswise.net/quiet/pioneer/735,Roadmap update garden,True,2025-06-23 03:16:08,2025-10-16 19:48:15
736,117,lpUlnI,https://example.com/cobalt/kernel/736,Status board meadow,True,2025-05-13 13:27:23,2025-07-29 03:14:00
737,258,LPGNCn,https://example.com/silver/river/737,Alert feed engine,True,2025-12-18 22:17:40,2026-01-13 18:50:35
738,36,lEFtGp,https://acme.dev/tidy/yard/738,Quarterly brief garden,True,2026-02-10 17:18:46,2026-02-13 06:26:47
739,349,nHCSC1,https://seeded.app/cobalt/harvest/739,Roadmap update delta,True,2025-03-10 10:22:17,2025-06-15 10:05:51
740,385,pvIVcS,https://example.com/cobalt/field/740,Campaign page lagoon,True,2025-09-07 16:51:44,2026-01-08 22:03:13
741,315,qd8fm4,https://acme.dev/vivid/valley/741,Incident notes network,False,2025-10-31 15:52:34,2026-01-01 16:16:52
742,342,czwNDC,https://example.com/cobalt/quartz/742,Ops review trail,True,2025-12-01 02:50:11,2026-02-04 03:42:38
743,302,hlJ72l,https://hackstack.io/ember/meadow/743,Launch deck kernel,False,2025-12-12 03:14:38,2025-12-15 10:46:59
744,120,mSkzNy,https://relay.cloud/clear/valley/744,Service guide orbit,True,2025-10-28 04:52:24,2025-11-14 10:33:02
745,314,xoMECW,https://seeded.app/lively/harvest/745,Roadmap update engine,True,2026-02-03 10:06:09,2026-02-18 21:54:31
746,27,De5tgU,https://relay.cloud/brisk/network/746,Launch deck signal,True,2025-03-27 12:47:45,2025-10-13 17:50:47
747,69,Dux2kU,https://hackstack.io/urban/pioneer/747,Roadmap update kernel,True,2025-12-03 01:29:56,2026-01-11 17:38:14
748,273,EiaHb9,https://acme.dev/keen/delta/748,Incident notes zenith,True,2025-06-12 05:53:32,2025-09-25 11:48:38
749,212,Hgj4MA,https://relay.cloud/amber/uplink/749,Alert feed engine,True,2025-02-14 10:37:17,2026-01-10 23:56:07
750,389,trqbfU,https://relay.cloud/cobalt/yard/750,Ops review yard,True,2025-07-05 15:02:42,2025-10-11 20:38:59
751,386,rDJ0VC,https://acme.dev/navy/trail/751,Launch deck pioneer,False,2025-04-14 20:00:29,2025-06-17 19:28:03
752,231,EqYl2g,https://hackstack.io/mellow/anchor/752,Demo link river,True,2025-07-31 21:58:34,2026-02-15 14:59:37
753,363,aLWKXW,https://hackstack.io/proud/zenith/753,Demo link delta,True,2025-01-28 23:59:15,2025-02-16 23:01:27
754,342,FJWwx1,https://relay.cloud/harbor/pioneer/754,Roadmap update lagoon,True,2025-07-21 15:29:37,2025-11-01 00:05:27
755,376,1ROHcv,https://relay.cloud/vivid/kernel/755,Roadmap update meadow,True,2025-09-03 00:25:24,2026-01-09 17:19:51
756,248,m8C4Eh,https://relay.cloud/silver/kernel/756,Roadmap update anchor,True,2025-10-31 05:39:02,2026-01-19 23:56:55
757,168,U3FhqI,https://example.com/tidy/garden/757,Incident notes signal,False,2025-02-12 21:23:17,2025-05-22 18:14:13
758,126,lmIPvk,https://example.com/ember/engine/758,Quarterly brief anchor,True,2025-12-20 19:32:01,2026-01-21 09:02:37
759,65,5wPui6,https://hackstack.io/navy/kernel/759,Status board canyon,True,2026-02-18 19:42:35,2026-02-20 05:15:19
760,265,KSZ0Gb,https://opswise.net/opal/engine/760,Service guide delta,True,2025-07-30 18:12:11,2026-01-03 19:43:18
761,317,BMvExk,https://opswise.net/calm/valley/761,Ops review uplink,True,2025-04-16 09:36:26,2025-11-15 00:31:24
762,114,j6qFSX,https://acme.dev/mellow/kernel/762,Service guide river,True,2025-07-02 15:54:34,2025-10-26 04:05:39
763,47,wCoPQJ,https://relay.cloud/clear/island/763,Roadmap update island,False,2025-07-25 14:18:50,2025-10-23 16:29:26
764,391,bWJDP7,https://example.com/clear/beacon/764,Demo link yard,True,2025-03-27 17:55:11,2025-09-27 19:50:16
765,305,dJYnIY,https://hackstack.io/mellow/beacon/765,Service guide window,False,2025-11-12 17:00:57,2026-02-18 02:06:39
766,199,4louIR,https://relay.cloud/brisk/zenith/766,Demo link island,False,2025-01-14 15:29:10,2025-05-22 16:02:32
767,319,VHUgWy,https://opswise.net/vivid/kernel/767,Quarterly brief uplink,True,2025-02-18 12:19:06,2025-03-14 09:11:17
768,145,q6ELR9,https://acme.dev/ember/uplink/768,Service guide uplink,True,2025-06-23 18:38:24,2025-08-18 10:28:17
769,136,IDcRWm,https://relay.cloud/clear/kernel/769,Ops review orbit,True,2025-06-19 16:34:12,2025-12-31 05:39:46
770,168,ns7t0r,https://acme.dev/tidy/river/770,Campaign page meadow,True,2025-09-14 11:25:05,2026-01-30 12:44:16
771,39,DYjLdb,https://example.com/forest/orbit/771,Alert feed beacon,False,2025-06-13 23:59:18,2026-01-02 13:59:38
772,143,8C7awG,https://acme.dev/calm/river/772,Incident notes zenith,True,2025-04-11 05:54:37,2025-06-02 06:11:38
773,34,PeLGKS,https://acme.dev/dawn/anchor/773,Quarterly brief garden,True,2025-05-22 03:46:07,2025-06-16 07:57:02
774,128,GRrdec,https://example.com/amber/signal/774,Launch deck field,True,2025-10-13 01:21:56,2025-11-20 15:50:32
775,113,8hjMRB,https://acme.dev/lively/signal/775,Demo link orbit,True,2025-10-05 18:15:58,2025-10-21 22:23:20
776,58,j1unsa,https://acme.dev/jade/beacon/776,Campaign page anchor,True,2025-01-27 23:16:16,2025-02-04 16:52:32
777,61,qTZpuo,https://example.com/rapid/zenith/777,Status board beacon,True,2025-01-03 10:28:56,2025-09-09 15:21:18
778,187,0UsC5f,https://acme.dev/ember/pioneer/778,Roadmap update kernel,True,2025-10-19 22:39:49,2025-10-23 14:21:23
779,339,jdTQLL,https://acme.dev/mellow/canyon/779,Alert feed island,True,2025-07-18 08:25:21,2025-08-23 19:39:19
780,27,YZjrpA,https://seeded.app/young/valley/780,Ops review journey,True,2025-12-02 05:50:44,2026-02-06 11:36:58
781,76,B14Wug,https://example.com/forest/uplink/781,Quarterly brief journey,True,2025-07-31 00:15:38,2025-10-28 08:19:13
782,145,ZGASzW,https://hackstack.io/silver/beacon/782,Demo link quartz,True,2025-12-29 06:13:49,2026-01-25 13:34:46
783,201,VgmiNV,https://example.com/brisk/pioneer/783,Campaign page yard,True,2025-10-22 22:31:45,2025-11-04 22:56:36
784,22,UVND92,https://acme.dev/ember/field/784,Launch deck orbit,True,2025-11-16 12:38:36,2026-02-09 12:41:16
785,27,hjLD0A,https://example.com/harbor/field/785,Demo link island,False,2025-08-01 09:11:24,2025-11-24 12:40:11
786,149,PiohEu,https://seeded.app/silver/field/786,Demo link kernel,True,2025-10-23 23:23:32,2025-12-08 12:35:55
787,11,HndmZS,https://example.com/calm/orbit/787,Quarterly brief trail,True,2025-11-05 01:10:04,2025-11-17 20:37:42
788,221,DOKnGt,https://opswise.net/silver/window/788,Launch deck journey,True,2025-11-10 00:28:35,2025-12-11 18:56:04
789,34,e6ECTS,https://example.com/ember/valley/789,Campaign page river,False,2025-05-02 06:57:08,2025-09-09 16:22:33
790,92,lwmqI1,https://opswise.net/cobalt/trail/790,Alert feed quartz,True,2025-06-20 09:34:40,2025-12-05 14:54:30
791,99,AzcR0e,https://hackstack.io/navy/window/791,Campaign page signal,False,2025-10-14 08:19:39,2025-10-14 20:34:48
792,144,vPgVg0,https://seeded.app/ivory/meadow/792,Roadmap update quartz,True,2025-09-05 07:00:05,2025-11-10 01:13:11
793,70,DBW7Te,https://example.com/quiet/yard/793,Incident notes signal,False,2025-04-14 21:55:28,2026-01-17 04:19:33
794,176,SUIzpO,https://relay.cloud/dawn/yard/794,Roadmap update network,True,2025-05-09 10:57:27,2025-06-03 19:48:07
795,299,k0J4k3,https://seeded.app/ivory/lagoon/795,Quarterly brief pioneer,True,2025-06-30 21:45:04,2025-12-27 04:02:30
796,161,eN53xb,https://seeded.app/ember/quartz/796,Launch deck engine,True,2025-11-03 07:01:31,2025-11-12 16:29:39
797,12,YqUX9V,https://hackstack.io/young/orbit/797,Service guide harvest,True,2025-04-09 09:44:49,2025-08-15 02:25:41
798,171,h3PW3D,https://example.com/calm/quartz/798,Launch deck meadow,True,2025-06-16 01:34:33,2025-11-29 21:54:40
799,365,jp3Xmg,https://opswise.net/urban/meadow/799,Roadmap update pioneer,True,2025-05-10 05:29:34,2025-07-01 05:00:26
800,181,nlUf6I,https://hackstack.io/urban/engine/800,Service guide river,False,2025-07-27 12:43:06,2025-11-30 16:37:11
801,101,Sty0Zs,https://opswise.net/mellow/anchor/801,Status board anchor,True,2025-10-22 10:07:08,2025-10-22 10:42:35
802,257,lmFEeD,https://seeded.app/opal/field/802,Alert feed uplink,True,2025-06-04 06:02:07,2026-01-09 08:22:57
803,98,tB7d6D,https://relay.cloud/ember/network/803,Campaign page network,True,2025-09-19 12:08:38,2025-11-22 12:58:02
804,341,AXyZLU,https://hackstack.io/jade/orbit/804,Campaign page kernel,True,2025-10-31 19:04:13,2026-01-19 21:38:22
805,170,S7tdLe,https://acme.dev/harbor/river/805,Alert feed pioneer,True,2025-12-23 11:21:37,2026-01-18 09:51:30
806,279,g0FzG3,https://relay.cloud/mellow/yard/806,Status board delta,False,2025-06-13 19:11:10,2025-09-02 16:18:31
807,58,AB2DiT,https://relay.cloud/rapid/meadow/807,Demo link kernel,True,2025-01-29 11:41:51,2025-09-11 05:51:06
808,88,2bt79C,https://opswise.net/calm/lagoon/808,Launch deck pioneer,False,2025-03-05 14:36:14,2025-07-31 17:44:40
809,224,Yw5m63,https://example.com/calm/engine/809,Quarterly brief lagoon,True,2025-09-19 21:08:01,2025-11-02 15:41:14
810,125,a8ccQq,https://relay.cloud/vivid/field/810,Status board uplink,False,2025-07-01 17:18:01,2025-12-07 10:29:22
811,37,GyznIN,https://opswise.net/gold/zenith/811,Incident notes trail,True,2025-03-10 06:38:36,2026-01-07 02:03:34
812,46,3lt454,https://seeded.app/brisk/island/812,Roadmap update field,True,2025-07-30 16:19:56,2025-10-25 04:29:57
813,287,Fefogj,https://example.com/rapid/harvest/813,Demo link kernel,True,2025-12-29 12:19:04,2026-01-08 09:17:31
814,184,jaugG0,https://acme.dev/calm/signal/814,Incident notes kernel,False,2025-05-15 17:23:48,2025-12-04 05:07:21
815,246,FUHiK7,https://relay.cloud/jade/zenith/815,Campaign page pioneer,True,2025-05-04 09:10:55,2025-10-18 17:40:11
816,25,nkWxw0,https://relay.cloud/mellow/harvest/816,Quarterly brief lagoon,True,2026-01-11 03:00:38,2026-01-17 02:47:45
817,140,JrKjtZ,https://example.com/vivid/orbit/817,Service guide meadow,True,2025-03-18 18:20:30,2025-09-14 22:37:19
818,390,g4qi8D,https://relay.cloud/calm/network/818,Status board signal,True,2025-09-23 15:03:19,2025-11-12 16:47:03
819,94,2a5O52,https://relay.cloud/gold/meadow/819,Demo link harvest,False,2025-10-05 02:48:36,2025-12-10 20:47:29
820,387,tbcZTM,https://opswise.net/mellow/meadow/820,Service guide uplink,True,2025-08-22 15:08:47,2025-10-10 18:41:42
821,19,LPYdcl,https://seeded.app/jade/meadow/821,Incident notes zenith,True,2025-07-28 06:34:14,2025-08-11 00:04:43
822,178,EI77gf,https://example.com/mellow/signal/822,Roadmap update network,True,2026-01-24 03:19:55,2026-02-17 16:31:32
823,32,m0yYGS,https://hackstack.io/navy/canyon/823,Alert feed meadow,True,2025-12-15 01:38:49,2026-01-08 09:20:01
824,396,vLAJ2D,https://example.com/urban/network/824,Incident notes canyon,True,2025-04-30 06:14:33,2025-09-03 20:58:57
825,200,eVMhQY,https://seeded.app/vivid/meadow/825,Ops review kernel,True,2025-08-19 02:07:33,2025-12-23 06:55:43
826,4,mtZPhK,https://example.com/brisk/journey/826,Quarterly brief network,True,2025-09-04 07:47:10,2025-12-14 08:41:43
827,108,9OrKyw,https://acme.dev/forest/pioneer/827,Demo link anchor,False,2025-09-01 14:07:59,2025-10-02 18:30:38
828,33,BncUUC,https://hackstack.io/young/garden/828,Demo link field,True,2025-03-09 05:21:25,2025-11-07 21:10:42
829,316,cpdaf6,https://relay.cloud/silver/valley/829,Quarterly brief pioneer,True,2025-09-19 08:34:48,2025-10-09 11:11:05
830,271,UPXraS,https://acme.dev/opal/engine/830,Campaign page engine,True,2025-10-09 10:36:54,2026-01-19 22:42:04
831,163,BvGZmm,https://relay.cloud/young/signal/831,Incident notes pioneer,True,2025-12-03 18:42:38,2026-01-11 18:32:12
832,289,9h93SO,https://opswise.net/clear/window/832,Demo link network,True,2025-03-04 03:42:26,2025-05-23 04:26:53
833,266,8K8QoW,https://opswise.net/quiet/signal/833,Status board network,True,2025-04-01 13:04:16,2025-05-12 00:43:36
834,4,GLVexI,https://opswise.net/dawn/delta/834,Alert feed anchor,False,2025-11-18 05:03:03,2026-01-01 10:44:24
835,365,3hEN4e,https://hackstack.io/ember/uplink/835,Incident notes lagoon,True,2025-11-18 00:30:49,2025-11-24 09:58:20
836,379,zKuoi0,https://hackstack.io/clear/anchor/836,Service guide anchor,True,2025-05-22 10:07:43,2025-08-13 05:09:45
837,275,3GU9tr,https://relay.cloud/harbor/meadow/837,Status board quartz,True,2025-05-28 17:34:34,2026-02-01 18:26:29
838,53,cNEqGc,https://relay.cloud/tidy/kernel/838,Service guide signal,True,2025-10-26 16:11:47,2026-01-03 09:02:55
839,373,l9U1an,https://hackstack.io/navy/signal/839,Demo link anchor,True,2025-08-12 13:01:25,2025-11-10 23:04:30
840,90,fn9QnU,https://example.com/clear/orbit/840,Service guide zenith,True,2025-03-07 00:30:44,2025-12-26 17:35:20
841,101,vHgZTo,https://hackstack.io/vivid/anchor/841,Status board island,True,2025-08-09 23:26:56,2025-08-16 06:15:35
842,234,sHj6V9,https://hackstack.io/warm/harvest/842,Campaign page network,True,2025-09-11 02:54:18,2026-01-21 09:34:00
843,258,JUTaw2,https://acme.dev/ivory/journey/843,Alert feed garden,False,2025-08-28 13:16:18,2025-11-06 22:39:35
844,112,Wots3P,https://opswise.net/young/garden/844,Incident notes network,True,2025-02-16 16:59:54,2025-05-02 01:05:38
845,294,roY271,https://acme.dev/mellow/signal/845,Roadmap update lagoon,True,2025-09-19 18:23:44,2026-02-14 07:19:19
846,326,ZllSys,https://opswise.net/forest/beacon/846,Launch deck zenith,True,2025-10-14 20:07:43,2025-11-07 08:12:59
847,304,uvJQ0t,https://seeded.app/cobalt/kernel/847,Campaign page signal,True,2025-05-11 08:05:40,2026-02-06 06:40:56
848,400,sHGI8X,https://seeded.app/opal/island/848,Service guide signal,True,2025-03-30 03:11:20,2025-11-17 16:50:28
849,376,ZKfwT6,https://opswise.net/dawn/journey/849,Campaign page journey,True,2025-05-21 15:49:01,2025-10-07 02:36:50
850,272,ApDLax,https://relay.cloud/silver/anchor/850,Ops review kernel,True,2025-03-19 09:36:11,2025-12-18 21:13:21
851,189,tH7XMh,https://hackstack.io/rapid/quartz/851,Launch deck field,False,2026-02-15 09:47:31,2026-02-18 20:12:21
852,93,t57VQW,https://example.com/urban/meadow/852,Launch deck field,True,2025-12-04 02:25:25,2026-01-25 21:56:56
853,244,YdrxsJ,https://seeded.app/amber/valley/853,Roadmap update beacon,False,2025-04-07 18:11:17,2025-08-19 10:10:09
854,86,V8QJdf,https://seeded.app/proud/trail/854,Campaign page zenith,True,2025-04-19 09:02:03,2026-01-10 03:56:16
855,37,K2HgnG,https://hackstack.io/opal/window/855,Status board window,True,2025-08-20 16:45:20,2025-12-12 04:02:32
856,277,gGuW2B,https://relay.cloud/mellow/beacon/856,Demo link window,True,2025-12-27 04:47:44,2026-01-03 23:54:29
857,234,iUuaxt,https://hackstack.io/calm/field/857,Incident notes beacon,True,2025-10-28 18:05:33,2025-12-29 19:39:36
858,394,fa3ECl,https://seeded.app/mellow/meadow/858,Service guide field,True,2025-06-15 11:02:31,2025-08-21 08:13:21
859,102,lMhsgt,https://seeded.app/gold/zenith/859,Campaign page kernel,True,2025-09-03 01:16:37,2025-10-10 02:05:32
860,387,q9SrZ2,https://hackstack.io/opal/garden/860,Status board canyon,True,2025-10-13 01:14:22,2026-01-13 05:35:40
861,158,WoKNpm,https://hackstack.io/ember/river/861,Service guide pioneer,True,2025-12-13 16:27:24,2026-02-05 16:51:42
862,229,NWEibC,https://hackstack.io/keen/orbit/862,Roadmap update signal,True,2025-09-16 17:01:16,2025-10-19 00:23:41
863,234,eGYL6P,https://example.com/warm/orbit/863,Quarterly brief orbit,True,2025-09-24 17:13:14,2025-10-15 09:16:12
864,389,awJREG,https://hackstack.io/amber/uplink/864,Ops review network,True,2025-08-23 14:37:44,2026-01-08 04:57:30
865,209,8ve0to,https://opswise.net/ivory/quartz/865,Roadmap update zenith,False,2025-09-18 03:59:21,2025-12-05 15:16:29
866,166,FxF7Ce,https://relay.cloud/ember/uplink/866,Demo link beacon,True,2025-11-25 01:38:20,2025-12-15 12:32:37
867,286,8pvO0d,https://seeded.app/brisk/meadow/867,Quarterly brief trail,True,2026-02-20 03:20:06,2026-02-20 07:43:33
868,184,3TbG2y,https://acme.dev/mellow/pioneer/868,Quarterly brief canyon,True,2026-02-06 04:14:47,2026-02-09 08:29:42
869,286,WOgjix,https://relay.cloud/dawn/kernel/869,Quarterly brief lagoon,True,2025-11-11 04:33:15,2025-12-24 19:14:29
870,375,Yrvo3E,https://hackstack.io/cobalt/window/870,Status board kernel,True,2025-09-21 15:40:56,2026-01-06 22:00:31
871,74,3VlNpM,https://relay.cloud/navy/beacon/871,Alert feed network,True,2025-10-05 17:19:29,2025-11-05 10:29:00
872,252,22zXt1,https://acme.dev/navy/network/872,Quarterly brief window,False,2025-04-26 19:06:15,2025-07-16 02:59:45
873,62,B8dL7r,https://acme.dev/ember/valley/873,Demo link trail,True,2025-09-23 05:32:26,2026-01-02 00:46:58
874,60,krL7jK,https://opswise.net/dawn/pioneer/874,Campaign page harvest,True,2025-10-19 01:36:03,2026-02-10 16:42:45
875,357,SwugcZ,https://example.com/quiet/trail/875,Alert feed river,False,2025-11-07 08:50:08,2026-02-02 19:02:34
876,234,ReNnBl,https://seeded.app/rapid/yard/876,Campaign page yard,True,2025-09-03 17:13:49,2026-01-17 04:08:57
877,56,IL19rl,https://relay.cloud/amber/orbit/877,Alert feed canyon,False,2025-07-07 21:55:21,2026-02-04 05:52:34
878,252,WkR0un,https://example.com/warm/orbit/878,Roadmap update garden,True,2025-07-23 01:20:14,2025-12-30 20:57:00
879,205,Y4iKNL,https://relay.cloud/young/quartz/879,Launch deck signal,False,2025-11-16 23:33:03,2025-11-25 21:15:57
880,76,QXo9PU,https://relay.cloud/tidy/river/880,Demo link lagoon,True,2025-05-31 18:53:18,2025-07-12 00:47:19
881,319,c6r5Wl,https://relay.cloud/young/quartz/881,Demo link journey,False,2025-08-24 22:05:32,2026-01-03 20:09:16
882,175,JoDidr,https://example.com/forest/pioneer/882,Service guide lagoon,False,2026-02-01 06:59:12,2026-02-18 03:15:48
883,35,wPJnBa,https://seeded.app/keen/network/883,Alert feed window,False,2025-05-11 07:18:26,2026-01-23 23:38:32
884,98,wde3F7,https://seeded.app/silver/island/884,Campaign page garden,False,2025-02-10 08:53:33,2026-02-03 17:12:12
885,239,rQ441B,https://relay.cloud/silver/field/885,Quarterly brief network,True,2025-08-28 01:26:10,2025-12-25 14:54:26
886,244,0iazTd,https://example.com/ivory/river/886,Service guide delta,True,2025-01-26 14:21:56,2025-07-01 07:05:29
887,14,7pjltA,https://example.com/tidy/lagoon/887,Campaign page garden,True,2025-06-13 00:56:22,2025-09-21 01:08:58
888,288,YuTr2Z,https://acme.dev/jade/valley/888,Launch deck delta,True,2025-04-26 13:30:10,2025-07-27 10:32:45
889,113,vK08Nz,https://opswise.net/jade/quartz/889,Status board trail,True,2025-01-09 09:28:01,2025-01-21 19:41:34
890,14,tTb16v,https://example.com/gold/trail/890,Quarterly brief field,True,2025-01-05 19:16:58,2025-01-22 02:08:32
891,180,kOMW1x,https://relay.cloud/rapid/pioneer/891,Quarterly brief field,True,2025-11-24 17:07:16,2025-12-09 18:26:59
892,63,VMdjpf,https://relay.cloud/ivory/zenith/892,Status board kernel,True,2025-09-07 13:48:30,2026-02-02 11:03:44
893,45,fowteS,https://seeded.app/brisk/beacon/893,Service guide garden,True,2026-01-17 18:31:01,2026-02-16 05:49:31
894,84,KoQoBr,https://example.com/quiet/island/894,Quarterly brief beacon,True,2025-04-18 22:37:19,2025-05-28 07:38:20
895,134,5UVMc2,https://hackstack.io/navy/journey/895,Service guide beacon,True,2025-10-04 16:45:07,2025-11-23 21:53:07
896,20,oYwe78,https://relay.cloud/harbor/beacon/896,Quarterly brief journey,True,2025-01-25 22:23:55,2025-07-25 01:49:30
897,229,hvIg3X,https://acme.dev/cobalt/uplink/897,Status board yard,True,2025-12-22 00:31:18,2025-12-23 19:42:29
898,268,o2WTBK,https://hackstack.io/clear/field/898,Campaign page network,True,2025-12-02 13:28:14,2026-01-02 10:19:10
899,376,qb20tF,https://opswise.net/urban/trail/899,Launch deck garden,True,2025-09-13 13:27:32,2026-01-13 04:33:02
900,337,MchsMr,https://seeded.app/urban/zenith/900,Quarterly brief yard,False,2025-09-27 20:32:29,2025-11-15 16:29:02
901,230,JJe90u,https://opswise.net/urban/journey/901,Quarterly brief engine,True,2025-11-30 09:56:40,2026-01-04 21:05:42
902,282,X4qpXq,https://hackstack.io/proud/island/902,Alert feed trail,True,2025-07-03 05:29:04,2026-01-07 19:38:51
903,45,qMxFYq,https://example.com/urban/harvest/903,Demo link meadow,False,2025-09-12 06:42:04,2026-02-11 23:44:26
904,151,3WEEDp,https://relay.cloud/lively/uplink/904,Ops review journey,True,2025-09-28 00:38:08,2026-01-17 12:28:35
905,286,u4KTpx,https://relay.cloud/ember/lagoon/905,Demo link trail,True,2025-06-12 09:02:23,2025-08-04 17:29:01
906,33,jcMcIx,https://seeded.app/vivid/kernel/906,Roadmap update river,True,2025-08-17 19:03:16,2026-01-25 13:16:20
907,115,6mqMDl,https://example.com/ivory/beacon/907,Ops review trail,True,2026-02-19 13:11:43,2026-02-19 13:32:54
908,20,ddB2BF,https://acme.dev/jade/delta/908,Launch deck yard,True,2025-12-14 18:28:25,2025-12-21 13:03:41
909,22,dJLPdh,https://seeded.app/brisk/orbit/909,Roadmap update yard,True,2025-11-19 04:17:55,2025-11-20 07:56:24
910,198,hJugzy,https://seeded.app/lively/garden/910,Roadmap update harvest,True,2025-10-03 01:55:17,2026-02-08 18:54:39
911,55,bexbiq,https://opswise.net/vivid/pioneer/911,Incident notes island,False,2025-04-29 21:26:42,2025-08-14 06:55:38
912,177,IlZvCY,https://example.com/jade/delta/912,Service guide river,True,2025-12-27 21:04:14,2026-01-11 23:20:32
913,364,KHLigv,https://acme.dev/ember/anchor/913,Campaign page lagoon,True,2025-07-16 20:30:39,2025-09-27 04:08:13
914,62,Hq6ZhB,https://acme.dev/vivid/harvest/914,Quarterly brief signal,True,2025-06-10 12:08:36,2025-06-17 18:35:02
915,27,Qa4mxP,https://example.com/forest/anchor/915,Campaign page window,True,2025-10-21 20:55:19,2025-12-04 19:56:15
916,321,I7vTt5,https://acme.dev/silver/yard/916,Campaign page river,True,2025-02-24 13:38:18,2025-05-04 22:40:31
917,98,bOivZK,https://opswise.net/forest/river/917,Quarterly brief garden,True,2025-03-23 07:54:01,2026-02-19 13:01:20
918,219,Hw8rYb,https://seeded.app/lively/engine/918,Quarterly brief yard,True,2025-03-19 18:00:19,2025-03-28 11:57:15
919,77,EhRou3,https://opswise.net/opal/engine/919,Incident notes orbit,True,2025-12-19 21:25:41,2026-01-30 03:52:06
920,150,MUbJZl,https://relay.cloud/harbor/trail/920,Alert feed zenith,True,2025-03-15 18:09:29,2025-04-18 17:08:58
921,253,d5SKf4,https://acme.dev/keen/anchor/921,Campaign page uplink,False,2025-07-11 23:19:23,2025-07-14 01:39:38
922,254,E0h0Ko,https://acme.dev/forest/network/922,Alert feed garden,False,2025-06-13 07:19:18,2025-09-30 10:39:51
923,313,ecUCuh,https://relay.cloud/forest/network/923,Ops review orbit,True,2025-12-28 21:34:26,2026-02-14 20:10:24
924,88,48gfO7,https://example.com/dawn/uplink/924,Status board anchor,True,2025-01-11 14:12:20,2025-08-28 16:51:25
925,325,Ye02pS,https://relay.cloud/calm/trail/925,Campaign page zenith,True,2025-11-29 15:30:28,2025-12-16 17:41:58
926,357,dFa6rx,https://seeded.app/opal/meadow/926,Incident notes field,True,2025-02-19 04:21:58,2025-05-12 23:03:38
927,134,TAvxWh,https://opswise.net/silver/field/927,Quarterly brief canyon,True,2025-06-01 18:30:46,2025-11-26 15:25:31
928,181,qIwkDt,https://seeded.app/tidy/river/928,Service guide garden,True,2025-09-07 04:35:38,2025-12-27 10:43:46
929,365,9BspIx,https://seeded.app/silver/garden/929,Status board garden,True,2025-06-20 17:36:54,2025-10-13 21:22:08
930,205,9zVbYA,https://example.com/calm/anchor/930,Alert feed field,True,2025-10-24 10:43:35,2025-10-29 02:46:21
931,179,XA1wdh,https://seeded.app/quiet/kernel/931,Quarterly brief zenith,True,2025-06-02 02:44:39,2025-11-23 00:58:38
932,279,enoAzF,https://relay.cloud/ivory/canyon/932,Ops review meadow,True,2025-10-19 07:17:34,2026-02-17 21:51:11
933,316,riDMQN,https://seeded.app/forest/canyon/933,Demo link island,True,2025-07-27 02:44:45,2025-08-14 17:47:42
934,67,dWLV4e,https://relay.cloud/vivid/beacon/934,Quarterly brief window,False,2025-07-10 05:33:14,2025-11-18 07:08:17
935,389,3DoPDt,https://opswise.net/brisk/signal/935,Campaign page delta,True,2025-09-23 08:58:41,2025-11-27 06:18:45
936,226,ZV4D3h,https://seeded.app/gold/meadow/936,Ops review canyon,True,2025-08-10 11:19:03,2026-01-21 21:33:45
937,225,rn9qjT,https://opswise.net/urban/beacon/937,Status board lagoon,True,2025-05-30 05:38:47,2025-09-05 03:44:34
938,325,FCGvEf,https://opswise.net/ivory/valley/938,Roadmap update uplink,True,2025-11-22 15:30:29,2026-01-21 01:13:46
939,83,6mYjBY,https://acme.dev/gold/pioneer/939,Campaign page delta,False,2026-01-16 05:48:01,2026-02-09 15:37:08
940,212,4DR01P,https://relay.cloud/keen/trail/940,Campaign page meadow,True,2025-09-16 05:43:13,2026-02-20 13:22:29
941,307,SNIs5L,https://opswise.net/opal/journey/941,Roadmap update island,False,2025-07-25 16:57:56,2025-09-28 20:37:38
942,239,ShnZmW,https://example.com/cobalt/yard/942,Alert feed valley,True,2025-02-02 15:46:59,2025-03-15 11:51:19
943,388,S2jsFZ,https://seeded.app/gold/island/943,Alert feed valley,True,2025-09-13 15:56:48,2025-11-23 12:33:27
944,193,Z2Y3Te,https://opswise.net/proud/delta/944,Alert feed meadow,True,2025-06-29 07:01:48,2025-12-23 04:59:41
945,214,40EkUb,https://seeded.app/urban/quartz/945,Ops review quartz,True,2025-02-02 00:59:59,2025-05-03 08:31:06
946,53,erB0vG,https://acme.dev/ember/canyon/946,Service guide window,True,2025-11-06 16:49:52,2025-12-04 12:06:28
947,357,IWlGaZ,https://seeded.app/tidy/beacon/947,Incident notes orbit,False,2025-03-15 20:46:22,2026-01-01 07:36:35
948,333,6OwhsH,https://example.com/silver/canyon/948,Campaign page anchor,True,2025-10-06 03:36:27,2025-11-10 19:43:10
949,18,LwshdX,https://hackstack.io/ivory/signal/949,Demo link kernel,False,2025-01-26 02:36:04,2025-05-03 20:01:39
950,169,AEzCum,https://seeded.app/ember/signal/950,Status board river,True,2025-06-10 04:59:58,2025-12-10 08:35:16
951,209,UUBxPV,https://opswise.net/harbor/field/951,Service guide network,True,2025-01-01 01:24:42,2025-04-26 13:40:13
952,106,ETwWbY,https://opswise.net/warm/signal/952,Launch deck uplink,True,2025-01-01 14:58:20,2025-09-14 17:29:56
953,248,2YpEEA,https://acme.dev/urban/network/953,Roadmap update quartz,False,2025-10-05 19:46:08,2025-11-22 05:39:21
954,71,Wt47HC,https://example.com/mellow/beacon/954,Incident notes river,True,2025-11-27 06:14:55,2025-12-01 07:51:39
955,139,yWA0xR,https://acme.dev/harbor/harvest/955,Ops review beacon,True,2025-05-31 04:13:18,2025-09-24 20:00:31
956,57,OxtLXq,https://hackstack.io/calm/quartz/956,Incident notes pioneer,True,2025-05-04 18:40:28,2025-07-03 20:33:34
957,47,2sg1U2,https://opswise.net/lively/trail/957,Service guide kernel,True,2025-07-31 05:45:32,2026-01-14 03:14:55
958,93,wDJOHD,https://acme.dev/amber/beacon/958,Launch deck beacon,True,2025-02-16 05:45:31,2025-06-20 09:15:27
959,168,ABaVEd,https://opswise.net/forest/pioneer/959,Incident notes pioneer,True,2025-02-18 17:22:08,2026-02-07 16:44:53
960,242,g8yG3a,https://relay.cloud/quiet/kernel/960,Launch deck valley,True,2025-03-07 17:17:52,2026-02-02 13:59:38
961,111,GsD1SS,https://relay.cloud/brisk/uplink/961,Demo link river,True,2025-06-30 02:37:50,2025-10-31 02:44:22
962,392,CpD6BE,https://example.com/calm/zenith/962,Incident notes engine,True,2025-06-12 21:41:39,2025-06-27 16:46:10
963,365,6jhVO3,https://opswise.net/dawn/engine/963,Launch deck kernel,True,2025-12-11 15:56:51,2025-12-30 08:12:16
964,370,GBk1wz,https://acme.dev/amber/kernel/964,Roadmap update pioneer,True,2025-11-10 18:21:30,2025-12-05 15:07:05
965,58,OesoU9,https://hackstack.io/harbor/signal/965,Ops review river,True,2026-02-08 07:32:19,2026-02-20 16:01:29
966,329,7SQPFv,https://seeded.app/silver/network/966,Alert feed journey,True,2026-01-04 08:13:43,2026-02-08 09:55:34
967,283,3jp849,https://hackstack.io/proud/yard/967,Demo link delta,True,2025-12-10 11:34:30,2025-12-24 19:00:28
968,256,XSfhg4,https://hackstack.io/forest/field/968,Service guide yard,True,2025-04-26 11:52:43,2025-10-12 14:19:06
969,284,RiUcMN,https://opswise.net/rapid/orbit/969,Demo link delta,True,2025-01-04 04:05:33,2025-04-09 23:28:24
970,295,BkzeKV,https://opswise.net/vivid/uplink/970,Demo link garden,True,2025-08-17 06:10:16,2025-10-25 01:13:55
971,167,Uoc6cc,https://seeded.app/navy/signal/971,Demo link field,False,2025-06-28 07:26:26,2025-09-02 10:19:37
972,354,BM4aZX,https://hackstack.io/vivid/island/972,Demo link journey,True,2025-01-19 22:27:51,2025-12-08 10:24:54
973,188,v6nmx9,https://seeded.app/young/network/973,Roadmap update yard,True,2025-02-09 16:33:23,2026-01-25 22:16:04
974,157,bv5a0c,https://seeded.app/quiet/meadow/974,Ops review field,False,2025-10-12 14:27:26,2025-11-19 01:45:14
975,143,a1o7Fw,https://acme.dev/clear/valley/975,Quarterly brief pioneer,True,2025-04-20 12:39:47,2025-05-05 01:03:27
976,235,G98fgI,https://relay.cloud/ember/meadow/976,Launch deck orbit,False,2025-12-22 13:38:05,2025-12-23 02:19:18
977,210,3eGXbQ,https://seeded.app/jade/meadow/977,Alert feed valley,True,2025-08-19 21:03:24,2025-12-02 13:42:29
978,29,uNTOYb,https://acme.dev/ember/beacon/978,Roadmap update engine,False,2025-08-14 21:40:25,2025-11-02 20:36:11
979,311,l18eFr,https://opswise.net/cobalt/trail/979,Status board zenith,True,2025-07-07 23:15:15,2025-11-12 14:09:14
980,170,IhbOEM,https://example.com/opal/canyon/980,Service guide valley,True,2025-07-19 13:45:48,2025-08-23 17:17:11
981,358,HIwPfp,https://hackstack.io/cobalt/canyon/981,Campaign page network,True,2025-02-12 19:07:59,2025-12-12 15:46:42
982,53,GgRA26,https://seeded.app/young/delta/982,Roadmap update network,True,2026-01-18 02:48:43,2026-02-16 17:24:06
983,215,FcxM9R,https://acme.dev/dawn/journey/983,Ops review window,True,2025-07-15 14:12:29,2026-02-10 15:58:28
984,161,6F8dy8,https://acme.dev/ivory/signal/984,Status board signal,True,2025-04-07 02:12:38,2025-10-11 18:20:28
985,124,bPHMGd,https://opswise.net/mellow/orbit/985,Launch deck journey,True,2025-03-17 13:01:07,2026-01-13 11:40:36
986,148,4QbcC1,https://acme.dev/rapid/anchor/986,Roadmap update trail,True,2025-03-27 04:50:55,2025-09-18 23:59:40
987,372,K53pK3,https://relay.cloud/mellow/trail/987,Alert feed river,True,2025-01-25 17:58:57,2025-08-17 19:56:57
988,104,DLKbGi,https://opswise.net/keen/delta/988,Status board valley,True,2025-07-23 06:22:32,2025-12-11 22:03:08
989,8,bRr1XH,https://example.com/proud/river/989,Demo link zenith,True,2025-08-04 06:00:14,2026-02-15 17:34:03
990,240,tGioCg,https://acme.dev/calm/delta/990,Incident notes anchor,True,2025-12-28 14:39:16,2026-02-06 10:55:52
991,372,H90W8O,https://seeded.app/quiet/island/991,Roadmap update river,True,2025-08-03 07:02:39,2025-09-09 23:09:54
992,314,MuhKjK,https://example.com/brisk/anchor/992,Alert feed window,True,2026-01-25 21:54:40,2026-02-09 02:40:07
993,100,G1gr9M,https://example.com/rapid/canyon/993,Demo link quartz,True,2025-08-20 18:07:49,2025-10-30 02:34:40
994,280,h1XgWr,https://opswise.net/jade/canyon/994,Service guide valley,False,2025-04-10 21:39:27,2026-02-04 14:42:34
995,69,OyljaX,https://example.com/harbor/river/995,Demo link meadow,True,2025-01-08 16:41:02,2025-05-09 11:57:06
996,150,9u71mD,https://opswise.net/warm/quartz/996,Incident notes delta,True,2025-06-25 22:07:31,2026-01-19 22:45:56
997,98,Iyp6JT,https://hackstack.io/amber/engine/997,Service guide lagoon,True,2025-09-20 21:54:00,2025-10-05 08:04:19
998,214,L9t6kY,https://seeded.app/quiet/lagoon/998,Roadmap update orbit,True,2025-05-05 16:12:28,2025-07-19 02:45:16
999,340,5ZJtLn,https://example.com/mellow/canyon/999,Demo link kernel,True,2025-06-17 04:57:26,2025-09-30 00:31:14
1000,28,iGrwpd,https://hackstack.io/tidy/field/1000,Roadmap update valley,True,2025-01-07 18:34:31,2025-09-08 03:29:17
1001,141,Rxkg8Z,https://hackstack.io/warm/garden/1001,Incident notes window,True,2025-12-09 07:54:46,2025-12-25 02:24:00
1002,173,5Oye6E,https://seeded.app/young/signal/1002,Incident notes yard,True,2025-11-29 08:05:40,2025-12-01 19:17:57
1003,248,5CvEvq,https://opswise.net/clear/lagoon/1003,Service guide network,True,2025-10-14 03:54:28,2025-12-23 21:55:09
1004,74,OX1r2z,https://opswise.net/young/window/1004,Alert feed window,True,2025-03-07 05:05:12,2025-06-12 08:01:07
1005,320,m0Kvxj,https://opswise.net/brisk/yard/1005,Roadmap update engine,False,2025-06-02 03:49:52,2025-12-15 14:21:11
1006,118,jkpJze,https://example.com/mellow/network/1006,Roadmap update canyon,True,2025-05-14 03:56:12,2025-12-28 02:13:06
1007,104,7Wkri7,https://opswise.net/silver/island/1007,Quarterly brief delta,True,2026-01-10 15:27:53,2026-01-23 18:35:22
1008,14,ZLyoPL,https://hackstack.io/proud/uplink/1008,Alert feed quartz,False,2025-01-04 22:40:04,2025-03-03 03:38:58
1009,269,7IU74w,https://acme.dev/navy/valley/1009,Campaign page meadow,True,2025-03-09 05:01:29,2025-12-02 23:04:05
1010,97,lpFNoz,https://seeded.app/amber/field/1010,Status board harvest,True,2025-05-03 09:16:03,2025-08-01 12:10:42
1011,31,djVIZS,https://hackstack.io/cobalt/garden/1011,Campaign page lagoon,True,2025-05-06 14:31:11,2025-07-29 09:45:52
1012,40,2seru1,https://opswise.net/mellow/yard/1012,Alert feed journey,True,2025-03-01 02:43:12,2025-11-26 02:55:41
1013,185,n0ksQ2,https://seeded.app/vivid/field/1013,Ops review field,True,2025-11-02 12:47:28,2026-01-16 11:51:22
1014,160,CrGl17,https://acme.dev/amber/island/1014,Ops review anchor,True,2025-11-20 14:34:57,2026-02-16 12:30:07
1015,84,erSffU,https://relay.cloud/opal/journey/1015,Roadmap update garden,True,2025-12-01 00:30:30,2026-02-14 13:18:50
1016,392,UWTQoz,https://example.com/cobalt/engine/1016,Ops review pioneer,True,2025-01-14 08:47:50,2025-10-25 00:45:14
1017,82,hgfBR1,https://example.com/vivid/pioneer/1017,Launch deck signal,True,2025-03-02 22:52:50,2025-06-02 10:21:58
1018,236,K8JLYu,https://example.com/jade/garden/1018,Service guide kernel,True,2025-01-19 07:44:12,2026-01-09 15:19:56
1019,249,xQpuuF,https://seeded.app/calm/field/1019,Service guide valley,True,2025-09-08 19:24:40,2026-02-01 23:45:55
1020,26,DdYuzb,https://relay.cloud/urban/river/1020,Launch deck uplink,False,2025-10-25 16:18:56,2025-11-07 10:49:59
1021,388,1iAVU2,https://example.com/gold/uplink/1021,Launch deck journey,False,2025-11-05 02:01:21,2025-11-18 07:16:01
1022,184,vAoGvT,https://opswise.net/gold/canyon/1022,Status board engine,False,2026-01-24 16:33:49,2026-02-06 17:25:14
1023,95,vxkENe,https://seeded.app/proud/delta/1023,Launch deck quartz,False,2025-09-10 18:31:02,2025-10-19 05:05:30
1024,44,DiZH2x,https://relay.cloud/rapid/engine/1024,Roadmap update lagoon,True,2026-01-18 12:11:36,2026-02-05 16:24:38
1025,371,3mpyDm,https://opswise.net/keen/kernel/1025,Status board journey,True,2025-08-08 21:34:04,2026-01-13 00:38:31
1026,57,H5P7q1,https://relay.cloud/harbor/field/1026,Service guide delta,True,2025-03-22 12:01:43,2025-04-27 12:57:33
1027,208,xISzve,https://opswise.net/harbor/valley/1027,Service guide beacon,False,2026-01-27 09:00:10,2026-02-15 17:33:26
1028,162,lmwSZi,https://acme.dev/vivid/window/1028,Alert feed trail,True,2025-09-20 00:53:04,2025-09-23 02:18:10
1029,49,qRPIzq,https://relay.cloud/mellow/meadow/1029,Ops review river,True,2025-11-13 16:45:55,2025-12-01 06:56:28
1030,188,ksLobe,https://hackstack.io/proud/valley/1030,Status board canyon,False,2025-01-07 09:31:38,2025-03-17 09:54:55
1031,330,eW5fjw,https://relay.cloud/proud/delta/1031,Alert feed zenith,True,2026-02-04 05:43:14,2026-02-19 17:13:18
1032,71,RwzUlR,https://opswise.net/clear/kernel/1032,Service guide garden,True,2025-08-27 15:46:09,2025-10-01 05:22:47
1033,366,VD52Vh,https://opswise.net/amber/trail/1033,Quarterly brief journey,True,2025-02-15 22:13:39,2025-08-16 17:32:18
1034,99,9ad8cO,https://relay.cloud/gold/meadow/1034,Demo link valley,True,2026-01-26 09:26:03,2026-02-08 08:42:07
1035,103,O0QL5R,https://seeded.app/rapid/anchor/1035,Ops review trail,True,2025-04-15 08:15:55,2025-06-05 16:12:19
1036,48,FUTPIr,https://acme.dev/gold/harvest/1036,Launch deck delta,True,2025-05-20 01:59:23,2025-12-22 13:00:38
1037,376,Dt9m1k,https://example.com/vivid/window/1037,Alert feed journey,True,2025-07-30 10:57:54,2025-11-30 06:56:41
1038,288,aWgssz,https://relay.cloud/vivid/trail/1038,Incident notes window,True,2025-10-25 23:00:55,2026-01-13 17:50:10
1039,357,sI1Fzd,https://seeded.app/dawn/anchor/1039,Roadmap update kernel,True,2026-01-03 18:44:30,2026-01-04 14:53:19
1040,173,DUOITg,https://relay.cloud/lively/yard/1040,Alert feed pioneer,True,2025-09-03 11:49:13,2026-02-04 05:07:18
1041,388,zaU0kB,https://opswise.net/proud/zenith/1041,Status board kernel,True,2025-03-01 04:00:34,2026-01-11 02:09:40
1042,75,Xve4b8,https://acme.dev/warm/journey/1042,Service guide uplink,True,2025-01-14 09:20:13,2026-02-10 16:03:29
1043,328,V4Gl4x,https://example.com/brisk/delta/1043,Quarterly brief beacon,True,2025-02-12 03:14:19,2025-06-04 06:59:45
1044,390,HQObfO,https://hackstack.io/navy/lagoon/1044,Launch deck uplink,True,2025-10-07 04:58:24,2026-02-03 04:00:55
1045,123,T0WASa,https://relay.cloud/mellow/harvest/1045,Launch deck signal,False,2025-05-11 08:24:05,2025-08-13 22:41:57
1046,261,sCure6,https://relay.cloud/calm/yard/1046,Ops review field,True,2025-07-05 03:30:18,2025-07-18 03:37:44
1047,19,fekENX,https://relay.cloud/harbor/kernel/1047,Demo link garden,True,2025-02-26 01:10:52,2025-03-06 22:30:41
1048,94,P45TMb,https://acme.dev/rapid/meadow/1048,Launch deck engine,True,2025-06-16 17:48:29,2025-10-25 19:54:04
1049,66,fP0yqV,https://relay.cloud/urban/field/1049,Alert feed valley,True,2025-12-20 03:15:26,2026-02-16 12:02:02
1050,279,kBd027,https://relay.cloud/rapid/canyon/1050,Campaign page valley,True,2025-05-04 01:43:48,2025-11-10 06:28:18
1051,201,5teirF,https://example.com/keen/lagoon/1051,Ops review beacon,True,2025-07-27 11:45:20,2025-09-06 17:55:58
1052,337,goj1TM,https://example.com/urban/pioneer/1052,Launch deck quartz,True,2025-12-01 23:12:22,2026-01-12 20:05:51
1053,298,QN7oO2,https://opswise.net/quiet/uplink/1053,Ops review pioneer,False,2025-07-12 23:44:17,2026-02-10 08:36:38
1054,225,2io1zW,https://seeded.app/brisk/delta/1054,Status board beacon,True,2025-10-27 11:42:22,2026-01-21 17:39:06
1055,362,d4IzJH,https://hackstack.io/cobalt/river/1055,Status board island,True,2025-04-30 13:44:16,2025-08-15 08:51:29
1056,355,SSvyZS,https://hackstack.io/warm/trail/1056,Launch deck field,True,2025-02-08 02:19:17,2025-11-08 01:00:07
1057,173,60DfJD,https://acme.dev/lively/valley/1057,Demo link uplink,True,2025-06-28 18:47:47,2026-02-12 17:55:20
1058,305,gDz965,https://seeded.app/silver/lagoon/1058,Roadmap update kernel,False,2025-04-25 15:39:07,2025-05-23 18:36:16
1059,352,fa3fLf,https://acme.dev/warm/delta/1059,Quarterly brief anchor,True,2025-12-24 01:31:05,2026-01-30 03:02:07
1060,166,LQ7GGw,https://acme.dev/rapid/journey/1060,Quarterly brief canyon,True,2025-06-04 01:41:33,2025-08-25 12:51:05
1061,140,Eyj3tn,https://opswise.net/ember/field/1061,Alert feed uplink,True,2025-09-16 04:31:57,2025-12-30 02:23:05
1062,374,n2Kb0C,https://hackstack.io/calm/island/1062,Roadmap update field,True,2025-08-21 23:22:29,2025-10-15 01:56:21
1063,201,hK813y,https://opswise.net/proud/field/1063,Alert feed lagoon,True,2026-01-09 05:01:28,2026-02-12 06:40:13
1064,113,wW27RC,https://acme.dev/jade/harvest/1064,Quarterly brief island,True,2025-10-05 02:37:38,2025-12-21 12:38:01
1065,138,1EZvv5,https://example.com/mellow/anchor/1065,Status board valley,True,2025-03-27 00:48:25,2025-09-04 23:21:10
1066,181,hN7dn7,https://hackstack.io/tidy/anchor/1066,Launch deck quartz,False,2025-02-10 12:05:15,2025-10-12 10:09:59
1067,284,vGvaca,https://relay.cloud/ivory/field/1067,Ops review river,True,2026-02-14 21:09:46,2026-02-17 14:37:31
1068,21,g5r5Q0,https://acme.dev/cobalt/window/1068,Status board journey,True,2025-08-02 11:51:37,2025-08-04 07:27:26
1069,305,7ZWlG4,https://hackstack.io/clear/journey/1069,Demo link delta,True,2026-01-08 09:16:08,2026-01-20 19:57:48
1070,103,Sk6GNV,https://relay.cloud/calm/journey/1070,Quarterly brief delta,True,2025-10-02 08:58:53,2025-12-18 19:19:31
1071,99,3WVx7Z,https://opswise.net/quiet/window/1071,Ops review harvest,True,2025-09-21 14:11:37,2025-12-23 20:28:06
1072,213,iZTim9,https://example.com/navy/quartz/1072,Alert feed trail,True,2025-11-26 16:39:23,2026-01-29 02:51:19
1073,6,OLgAJG,https://hackstack.io/urban/valley/1073,Status board yard,True,2025-09-17 20:04:12,2025-12-04 05:43:07
1074,387,kw2sWl,https://hackstack.io/ivory/canyon/1074,Ops review beacon,True,2026-01-10 19:11:58,2026-02-01 13:48:42
1075,322,N9vG6M,https://seeded.app/forest/engine/1075,Demo link journey,True,2025-09-15 22:22:50,2026-02-14 08:21:54
1076,63,IZLg9q,https://relay.cloud/dawn/orbit/1076,Roadmap update delta,True,2025-08-02 06:27:47,2026-01-12 22:30:16
1077,196,vuSdJY,https://hackstack.io/jade/harvest/1077,Incident notes field,False,2025-07-16 14:05:08,2026-01-17 20:34:30
1078,386,Rthpo1,https://example.com/calm/field/1078,Ops review quartz,False,2025-07-19 13:53:57,2025-07-31 09:23:45
1079,45,tKXn1V,https://acme.dev/urban/orbit/1079,Incident notes pioneer,True,2025-12-10 23:18:49,2026-01-17 04:47:25
1080,168,WY3nZ9,https://relay.cloud/proud/island/1080,Quarterly brief quartz,True,2025-10-05 02:07:27,2025-11-10 01:30:03
1081,193,AFiurx,https://relay.cloud/navy/journey/1081,Ops review river,True,2025-08-07 23:17:19,2025-12-06 22:39:02
1082,51,SSUc4j,https://acme.dev/lively/network/1082,Ops review river,True,2025-07-16 12:00:06,2026-01-25 10:27:01
1083,398,HVJ4ud,https://acme.dev/gold/anchor/1083,Incident notes pioneer,True,2025-01-01 09:34:27,2025-09-13 21:08:03
1084,396,OOuZGy,https://seeded.app/tidy/zenith/1084,Campaign page river,True,2025-09-18 23:43:19,2025-11-06 19:11:03
1085,91,9yHSlS,https://hackstack.io/warm/zenith/1085,Quarterly brief trail,True,2025-10-25 18:36:06,2025-11-10 01:54:17
1086,389,VPSjSa,https://acme.dev/clear/orbit/1086,Service guide pioneer,True,2025-11-24 07:51:26,2025-12-19 13:00:06
1087,187,rIoEx4,https://opswise.net/jade/lagoon/1087,Status board lagoon,True,2025-05-03 10:47:35,2025-08-28 00:22:41
1088,127,2KNGkZ,https://opswise.net/calm/river/1088,Roadmap update beacon,True,2025-07-15 01:46:45,2025-08-31 12:32:36
1089,261,FzfvZ3,https://relay.cloud/dawn/valley/1089,Demo link orbit,False,2025-03-31 10:50:54,2025-07-10 03:20:26
1090,389,RNGpCj,https://example.com/proud/canyon/1090,Quarterly brief journey,True,2025-05-23 17:45:14,2025-12-25 22:01:57
1091,100,XxiFJ7,https://hackstack.io/young/window/1091,Quarterly brief field,True,2025-07-27 00:26:09,2026-01-04 03:04:22
1092,307,T0HaoE,https://opswise.net/mellow/orbit/1092,Campaign page delta,True,2025-12-25 22:46:49,2026-02-13 12:01:30
1093,290,0XxyCq,https://example.com/rapid/field/1093,Launch deck engine,True,2026-02-11 12:57:17,2026-02-12 22:51:15
1094,181,QQtQjU,https://hackstack.io/gold/river/1094,Roadmap update field,True,2026-01-11 13:36:46,2026-01-14 07:35:16
1095,265,oXwdRH,https://hackstack.io/dawn/uplink/1095,Quarterly brief network,True,2025-11-26 04:19:32,2026-01-26 05:09:54
1096,290,qVpuc7,https://hackstack.io/dawn/pioneer/1096,Incident notes beacon,True,2026-02-16 22:26:35,2026-02-20 03:31:34
1097,393,7f9EkA,https://opswise.net/tidy/window/1097,Alert feed pioneer,False,2025-04-21 09:08:37,2025-12-24 23:13:04
1098,388,Xt5ZB0,https://relay.cloud/vivid/yard/1098,Campaign page harvest,True,2025-11-20 11:21:29,2025-12-25 08:42:41
1099,179,DVQ3uC,https://example.com/gold/orbit/1099,Demo link signal,True,2025-09-17 01:11:19,2026-02-04 22:34:16
1100,266,awcgp9,https://example.com/brisk/zenith/1100,Alert feed zenith,True,2025-07-08 11:22:57,2025-10-16 08:23:19
1101,334,1dxgK7,https://acme.dev/quiet/orbit/1101,Status board window,False,2025-02-18 07:54:21,2025-04-13 20:29:27
1102,134,gBubLT,https://example.com/tidy/canyon/1102,Demo link harvest,True,2026-01-19 20:25:45,2026-02-17 11:09:28
1103,226,gJzAdx,https://relay.cloud/warm/signal/1103,Service guide garden,True,2025-03-28 15:31:02,2025-09-24 05:25:23
1104,201,ZXe2xT,https://acme.dev/mellow/pioneer/1104,Demo link anchor,True,2025-01-16 13:30:31,2025-07-07 18:01:56
1105,6,vqgdCa,https://example.com/warm/harvest/1105,Roadmap update island,True,2025-11-23 02:00:47,2025-12-10 20:32:39
1106,155,aqW2hw,https://relay.cloud/opal/beacon/1106,Ops review window,True,2025-06-27 01:15:54,2025-11-24 22:43:46
1107,355,JBp2ey,https://seeded.app/jade/yard/1107,Alert feed uplink,True,2025-04-05 02:43:52,2026-02-01 00:01:05
1108,113,gGEajl,https://hackstack.io/gold/beacon/1108,Status board harvest,True,2025-08-30 02:44:24,2025-12-21 10:10:17
1109,161,yf1fS1,https://seeded.app/calm/anchor/1109,Service guide pioneer,False,2025-12-21 17:03:44,2026-01-19 19:20:02
1110,288,vByT2i,https://hackstack.io/dawn/journey/1110,Launch deck island,False,2025-07-07 06:21:08,2025-11-07 00:55:36
1111,122,Ak5hJr,https://example.com/jade/canyon/1111,Status board harvest,True,2025-11-25 20:02:56,2026-01-06 20:30:21
1112,205,ezGNAe,https://relay.cloud/amber/pioneer/1112,Incident notes engine,True,2025-05-28 22:55:24,2025-08-26 18:54:51
1113,298,nVoCKu,https://hackstack.io/lively/orbit/1113,Alert feed island,True,2025-09-06 23:35:01,2025-11-25 08:02:37
1114,171,8xjaZo,https://opswise.net/cobalt/uplink/1114,Quarterly brief journey,True,2025-04-13 21:31:22,2025-08-17 17:45:05
1115,56,AHZ6cu,https://hackstack.io/opal/kernel/1115,Ops review beacon,True,2026-01-07 18:11:29,2026-02-02 23:17:54
1116,203,XAid4G,https://example.com/dawn/journey/1116,Quarterly brief journey,False,2025-11-13 15:42:53,2025-12-03 23:16:48
1117,78,RCHmBy,https://relay.cloud/forest/zenith/1117,Roadmap update delta,False,2025-10-20 09:42:25,2026-01-15 17:00:18
1118,20,xO9dwx,https://example.com/keen/lagoon/1118,Quarterly brief lagoon,True,2025-11-07 05:15:53,2025-11-18 16:01:13
1119,125,PqcJd9,https://example.com/silver/delta/1119,Alert feed field,True,2025-12-15 19:19:50,2026-02-04 09:17:47
1120,188,ehTjF9,https://opswise.net/jade/kernel/1120,Launch deck trail,True,2025-06-23 16:27:48,2026-02-12 20:40:34
1121,275,BthkX8,https://hackstack.io/quiet/island/1121,Campaign page garden,True,2025-10-03 06:47:46,2026-01-04 22:36:56
1122,76,IVBEcn,https://hackstack.io/ember/meadow/1122,Demo link quartz,True,2025-11-01 21:35:33,2025-11-09 05:48:27
1123,198,6iMo0U,https://seeded.app/keen/beacon/1123,Launch deck yard,True,2026-01-09 14:25:31,2026-01-13 22:00:18
1124,125,WHDM8M,https://acme.dev/young/field/1124,Status board window,True,2025-03-29 08:15:29,2025-12-31 21:21:38
1125,28,TIt6iI,https://relay.cloud/rapid/field/1125,Ops review canyon,True,2026-01-23 20:17:05,2026-01-25 00:45:49
1126,2,iKpxKd,https://hackstack.io/jade/network/1126,Alert feed network,True,2025-09-04 10:08:38,2026-01-04 08:16:23
1127,329,NCM2nr,https://hackstack.io/young/yard/1127,Demo link signal,False,2025-08-03 02:13:59,2025-10-09 14:25:35
1128,16,qHSuof,https://acme.dev/keen/river/1128,Status board river,True,2025-07-20 20:29:20,2025-10-14 10:51:16
1129,156,QPo9qK,https://acme.dev/vivid/journey/1129,Incident notes trail,False,2025-03-31 15:19:22,2025-10-17 19:46:04
1130,382,D1Db1h,https://seeded.app/harbor/trail/1130,Ops review beacon,True,2025-06-25 07:38:21,2025-10-06 12:22:06
1131,332,43LOBt,https://acme.dev/young/uplink/1131,Service guide yard,True,2025-02-15 11:25:02,2025-12-21 10:20:57
1132,379,RKAYfY,https://seeded.app/tidy/zenith/1132,Alert feed anchor,True,2025-11-01 14:04:01,2026-02-16 04:22:41
1133,291,sOdPj3,https://acme.dev/forest/river/1133,Ops review field,False,2026-02-09 17:21:44,2026-02-13 09:35:18
1134,37,hRO3OO,https://opswise.net/lively/valley/1134,Roadmap update canyon,True,2025-01-14 05:36:40,2025-02-28 03:21:41
1135,166,hQ8qMx,https://example.com/gold/meadow/1135,Campaign page kernel,True,2025-01-02 12:47:06,2025-08-11 03:21:34
1136,76,Hd9hVB,https://acme.dev/proud/orbit/1136,Demo link harvest,True,2025-06-15 02:35:28,2025-11-09 21:15:36
1137,250,V7UXJH,https://relay.cloud/urban/river/1137,Alert feed kernel,True,2025-10-16 21:24:26,2025-12-31 04:24:32
1138,358,a5kfSs,https://opswise.net/vivid/lagoon/1138,Launch deck yard,True,2026-01-07 18:12:50,2026-01-30 05:06:58
1139,370,ktGYHy,https://example.com/ember/yard/1139,Launch deck yard,True,2025-01-12 13:22:09,2025-01-16 18:54:25
1140,162,66sN2b,https://seeded.app/brisk/zenith/1140,Demo link network,True,2025-04-04 15:49:28,2026-01-16 18:42:26
1141,298,mKFeDv,https://seeded.app/opal/lagoon/1141,Incident notes quartz,True,2025-05-26 00:46:28,2025-10-16 08:58:44
1142,32,WMyBOH,https://relay.cloud/warm/quartz/1142,Campaign page field,True,2026-01-23 05:31:26,2026-01-27 08:22:27
1143,88,AAbqeB,https://example.com/cobalt/window/1143,Alert feed island,True,2025-08-19 18:16:44,2025-12-27 08:59:53
1144,46,Jz8QBV,https://hackstack.io/warm/orbit/1144,Incident notes engine,True,2025-09-07 04:54:22,2025-11-20 11:17:45
1145,231,bWkNOO,https://example.com/harbor/kernel/1145,Incident notes engine,True,2025-01-07 08:55:17,2025-07-21 16:11:08
1146,281,yrLrwf,https://seeded.app/brisk/network/1146,Campaign page harvest,True,2025-05-14 23:28:49,2025-11-20 11:41:43
1147,126,UC79HL,https://example.com/navy/meadow/1147,Incident notes engine,True,2025-03-22 20:52:34,2025-07-01 18:58:38
1148,99,CPjLA3,https://hackstack.io/warm/valley/1148,Launch deck anchor,True,2025-12-21 14:50:15,2026-01-25 00:59:08
1149,123,7EwJGR,https://seeded.app/quiet/island/1149,Ops review field,True,2025-08-25 05:12:19,2025-11-29 01:11:18
1150,211,GBOsn2,https://acme.dev/harbor/signal/1150,Service guide kernel,True,2025-07-29 12:56:08,2025-09-25 18:46:56
1151,40,zF9dZO,https://acme.dev/warm/river/1151,Status board trail,True,2025-01-02 22:05:36,2025-08-19 05:57:51
1152,224,WnNPOy,https://example.com/mellow/anchor/1152,Status board garden,True,2025-09-18 21:06:45,2026-01-08 19:07:36
1153,173,CeLhcF,https://seeded.app/clear/harvest/1153,Campaign page zenith,False,2025-06-06 19:46:31,2025-10-16 23:00:28
1154,363,B5Dt76,https://hackstack.io/gold/kernel/1154,Service guide signal,True,2025-03-02 07:11:37,2025-07-23 14:24:57
1155,194,PwH01d,https://seeded.app/gold/meadow/1155,Demo link yard,True,2026-02-11 09:41:17,2026-02-14 05:40:10
1156,211,kZvJap,https://acme.dev/young/meadow/1156,Quarterly brief zenith,False,2025-09-12 10:53:53,2025-12-31 19:16:23
1157,341,Uxagj5,https://opswise.net/dawn/lagoon/1157,Status board orbit,True,2025-01-18 13:57:10,2025-11-19 12:10:26
1158,321,LuuqCq,https://acme.dev/navy/orbit/1158,Service guide valley,True,2025-01-07 22:27:08,2025-05-19 00:55:24
1159,378,yPIoQA,https://example.com/jade/valley/1159,Alert feed canyon,False,2025-10-18 11:19:48,2025-10-22 18:57:07
1160,34,uW57d5,https://hackstack.io/warm/kernel/1160,Quarterly brief harvest,True,2025-10-26 15:53:07,2025-11-28 08:32:50
1161,302,cFrl86,https://example.com/amber/yard/1161,Quarterly brief valley,False,2026-02-10 07:02:13,2026-02-18 20:10:33
1162,170,WB5fAI,https://seeded.app/keen/trail/1162,Status board beacon,True,2025-04-10 07:51:09,2025-09-18 16:31:04
1163,199,QmXYAo,https://example.com/vivid/trail/1163,Status board quartz,True,2025-07-20 18:22:00,2026-01-06 10:00:08
1164,376,zBAwXC,https://relay.cloud/tidy/zenith/1164,Launch deck pioneer,True,2025-09-17 02:06:51,2026-02-19 08:47:56
1165,85,ONEIp2,https://seeded.app/lively/orbit/1165,Quarterly brief valley,False,2025-05-20 03:05:21,2025-10-21 19:34:06
1166,192,B4fmdM,https://hackstack.io/young/river/1166,Incident notes field,False,2025-09-02 09:54:22,2025-11-27 07:33:41
1167,274,r2y3TO,https://seeded.app/lively/trail/1167,Campaign page island,True,2025-10-26 13:25:26,2025-12-03 10:26:25
1168,128,PRuyyp,https://example.com/young/window/1168,Ops review uplink,True,2025-11-13 04:46:47,2025-11-18 00:18:18
1169,170,QU7TGl,https://seeded.app/quiet/engine/1169,Status board lagoon,False,2025-09-27 22:22:46,2025-11-21 12:26:19
1170,386,n169vp,https://example.com/opal/kernel/1170,Roadmap update harvest,True,2026-01-19 16:25:55,2026-02-09 16:01:26
1171,217,GUMBuV,https://seeded.app/rapid/zenith/1171,Status board island,True,2025-05-08 17:34:55,2025-08-18 12:17:35
1172,54,Frc8U8,https://seeded.app/clear/delta/1172,Quarterly brief beacon,True,2025-02-09 21:58:38,2025-03-03 16:11:42
1173,37,7TNKK6,https://example.com/keen/lagoon/1173,Incident notes kernel,True,2025-02-14 16:52:29,2025-03-08 01:26:27
1174,385,i00UVu,https://opswise.net/silver/uplink/1174,Campaign page quartz,True,2025-11-27 09:52:31,2026-01-14 00:49:58
1175,151,BiC34i,https://example.com/vivid/quartz/1175,Status board anchor,True,2025-01-12 16:14:50,2025-06-07 12:31:38
1176,287,I16oZq,https://relay.cloud/clear/beacon/1176,Service guide window,False,2025-06-22 01:33:29,2025-10-20 15:12:59
1177,40,L3qrJv,https://example.com/forest/lagoon/1177,Roadmap update river,False,2025-08-27 20:00:54,2025-09-23 08:08:51
1178,314,k3kJOP,https://hackstack.io/vivid/engine/1178,Status board lagoon,False,2025-08-26 13:13:40,2025-10-30 08:11:56
1179,256,w9aOkX,https://relay.cloud/mellow/island/1179,Status board trail,True,2025-12-06 09:09:47,2026-01-30 16:51:52
1180,383,cLSm8R,https://relay.cloud/silver/zenith/1180,Service guide zenith,True,2025-06-13 16:16:16,2025-07-05 13:18:17
1181,321,MvOQmv,https://hackstack.io/vivid/field/1181,Ops review delta,True,2025-05-18 19:39:26,2025-09-24 12:50:35
1182,283,lpuqoW,https://seeded.app/keen/delta/1182,Campaign page river,False,2025-11-30 12:20:56,2025-12-29 17:30:19
1183,17,lgKrXj,https://relay.cloud/brisk/canyon/1183,Campaign page network,True,2026-01-09 16:39:12,2026-01-22 10:24:04
1184,273,pluQPe,https://acme.dev/harbor/zenith/1184,Status board zenith,True,2025-09-04 03:47:25,2026-02-14 17:05:58
1185,383,hJ1WlD,https://seeded.app/ivory/quartz/1185,Alert feed river,True,2025-03-06 03:21:15,2025-03-21 04:10:38
1186,257,aRh5Ab,https://example.com/quiet/island/1186,Campaign page window,True,2025-04-24 07:17:18,2025-06-17 20:34:26
1187,338,QUA5kn,https://acme.dev/quiet/network/1187,Service guide zenith,True,2025-05-19 17:46:23,2026-01-15 17:02:17
1188,317,HtwUPr,https://opswise.net/jade/garden/1188,Quarterly brief pioneer,True,2025-09-07 11:05:34,2025-12-04 08:05:25
1189,295,PNrXHC,https://opswise.net/proud/orbit/1189,Ops review beacon,True,2025-06-14 02:56:17,2026-01-19 20:57:12
1190,203,OAAcwA,https://seeded.app/proud/pioneer/1190,Status board window,True,2026-02-11 08:07:35,2026-02-17 18:14:26
1191,253,OQ4QEw,https://opswise.net/jade/pioneer/1191,Ops review window,False,2026-01-01 21:14:50,2026-02-11 18:35:50
1192,161,Puq8Ef,https://seeded.app/quiet/signal/1192,Service guide window,True,2025-11-24 06:29:07,2026-01-16 01:14:12
1193,97,59BMcZ,https://example.com/amber/beacon/1193,Incident notes river,True,2025-12-06 06:26:07,2026-02-16 12:27:32
1194,191,6QGWRk,https://acme.dev/mellow/quartz/1194,Demo link zenith,True,2025-10-30 06:25:49,2026-02-02 14:56:48
1195,56,O3WPpj,https://relay.cloud/vivid/garden/1195,Quarterly brief canyon,True,2025-09-15 05:39:35,2026-01-30 12:23:48
1196,61,1CuO2c,https://example.com/gold/kernel/1196,Service guide kernel,True,2025-05-11 14:45:37,2025-06-10 18:39:42
1197,341,WVKnjt,https://hackstack.io/proud/delta/1197,Roadmap update river,True,2026-01-13 04:23:06,2026-02-06 11:43:58
1198,194,iRx2no,https://example.com/mellow/anchor/1198,Roadmap update valley,True,2025-10-25 11:37:55,2025-12-29 12:12:15
1199,237,aBi6Mt,https://seeded.app/tidy/uplink/1199,Roadmap update pioneer,True,2025-08-03 19:39:20,2025-12-21 02:40:32
1200,263,GEVhds,https://example.com/proud/trail/1200,Campaign page garden,True,2025-01-21 18:44:38,2025-06-14 11:07:43
1201,76,j1VOyX,https://relay.cloud/vivid/window/1201,Service guide delta,True,2025-11-21 01:58:38,2025-12-22 10:24:56
1202,244,QVOa9q,https://seeded.app/gold/canyon/1202,Service guide valley,False,2025-05-06 05:35:54,2025-05-06 15:11:50
1203,95,QohX6u,https://opswise.net/warm/canyon/1203,Ops review meadow,True,2025-07-25 03:26:16,2025-08-31 04:28:32
1204,229,brHvVx,https://example.com/clear/engine/1204,Status board canyon,True,2026-01-06 16:13:02,2026-01-19 23:13:31
1205,284,qb6V9h,https://opswise.net/opal/pioneer/1205,Ops review beacon,False,2025-02-02 03:33:00,2025-09-13 12:42:12
1206,7,BFhQYV,https://acme.dev/dawn/valley/1206,Demo link island,True,2025-09-29 19:59:32,2025-10-16 12:58:40
1207,212,qvJzDh,https://seeded.app/calm/kernel/1207,Launch deck network,True,2025-02-18 17:38:23,2025-09-04 15:41:25
1208,379,2xjpr2,https://example.com/quiet/field/1208,Status board anchor,True,2025-10-02 02:06:17,2026-02-08 00:42:32
1209,3,WzA3Ys,https://example.com/tidy/lagoon/1209,Service guide beacon,True,2025-07-25 21:51:11,2025-08-15 05:35:17
1210,18,UrVMbL,https://opswise.net/silver/engine/1210,Quarterly brief kernel,False,2025-09-21 13:01:21,2025-11-03 07:37:35
1211,90,rAKBEH,https://opswise.net/urban/harvest/1211,Roadmap update harvest,False,2025-03-02 19:29:49,2026-01-22 12:44:23
1212,109,yoQpdB,https://acme.dev/proud/orbit/1212,Campaign page pioneer,True,2025-09-08 22:02:03,2025-12-09 01:39:48
1213,379,cjdGdo,https://hackstack.io/keen/garden/1213,Ops review river,True,2026-01-27 01:01:59,2026-02-04 22:52:25
1214,126,ZSB9l5,https://example.com/quiet/network/1214,Quarterly brief zenith,False,2025-01-25 09:59:54,2025-03-25 10:08:26
1215,299,w5P7Qn,https://seeded.app/vivid/orbit/1215,Incident notes anchor,True,2025-12-25 19:50:43,2026-01-10 01:37:13
1216,70,3PHUo4,https://relay.cloud/vivid/field/1216,Campaign page journey,True,2025-09-17 02:57:59,2026-01-02 07:58:53
1217,329,iZEMXi,https://example.com/mellow/engine/1217,Status board beacon,True,2025-04-28 21:47:34,2025-05-01 01:12:26
1218,259,WTDoP2,https://opswise.net/lively/signal/1218,Ops review engine,True,2025-12-30 16:25:38,2026-01-15 05:58:53
1219,300,S6WH9n,https://seeded.app/mellow/trail/1219,Campaign page garden,True,2025-07-21 14:06:08,2025-08-14 13:46:30
1220,100,jUqzId,https://relay.cloud/brisk/trail/1220,Quarterly brief garden,False,2025-05-28 12:59:59,2025-10-15 23:47:33
1221,118,eBXss1,https://example.com/brisk/lagoon/1221,Service guide lagoon,False,2025-12-20 16:47:14,2026-02-02 15:54:29
1222,311,u158x4,https://example.com/warm/anchor/1222,Roadmap update pioneer,True,2025-12-22 02:03:19,2026-02-16 04:16:33
1223,262,7NAKCk,https://hackstack.io/harbor/signal/1223,Campaign page valley,True,2025-12-16 07:58:31,2026-01-09 06:01:10
1224,360,FdJt57,https://relay.cloud/jade/quartz/1224,Ops review trail,False,2025-06-22 18:46:29,2025-08-11 09:24:33
1225,269,UFlSFE,https://relay.cloud/cobalt/island/1225,Demo link beacon,True,2025-07-17 02:22:26,2025-11-21 16:08:33
1226,167,X5Yq3b,https://seeded.app/dawn/window/1226,Demo link beacon,True,2025-01-29 08:15:01,2025-07-16 12:15:57
1227,375,GSneyY,https://hackstack.io/forest/river/1227,Incident notes meadow,False,2025-09-18 18:36:58,2025-11-27 16:20:28
1228,157,lF1kqf,https://opswise.net/amber/pioneer/1228,Launch deck canyon,True,2025-07-20 17:15:36,2025-10-26 07:29:54
1229,380,773jkz,https://example.com/jade/network/1229,Alert feed journey,True,2025-01-07 11:33:06,2026-01-17 02:52:16
1230,25,snRxnk,https://acme.dev/gold/trail/1230,Status board journey,False,2025-03-22 17:16:31,2025-10-02 16:37:13
1231,6,rYHUQf,https://acme.dev/lively/river/1231,Alert feed kernel,False,2025-04-02 23:19:22,2025-11-14 17:07:58
1232,350,9JJP3e,https://hackstack.io/opal/canyon/1232,Alert feed lagoon,True,2026-02-07 09:18:58,2026-02-17 21:04:15
1233,303,vQrSBY,https://example.com/urban/meadow/1233,Incident notes trail,True,2025-10-28 05:19:46,2025-12-31 09:19:57
1234,109,0jsEUR,https://opswise.net/opal/uplink/1234,Roadmap update field,True,2025-12-13 03:46:21,2026-01-26 04:04:25
1235,116,j8wZxy,https://opswise.net/lively/meadow/1235,Campaign page harvest,False,2025-06-21 12:31:45,2025-12-01 22:04:23
1236,308,fntXBr,https://hackstack.io/dawn/meadow/1236,Campaign page kernel,True,2025-11-15 14:56:09,2025-12-05 07:43:09
1237,8,mapjoZ,https://relay.cloud/proud/anchor/1237,Alert feed engine,True,2025-01-11 12:35:33,2025-11-29 08:34:48
1238,19,XR6q2V,https://opswise.net/lively/pioneer/1238,Status board river,True,2025-02-22 13:10:48,2025-03-05 23:46:36
1239,262,B7gLvD,https://opswise.net/lively/quartz/1239,Campaign page valley,True,2025-02-05 05:21:08,2025-05-12 01:47:07
1240,236,msSurY,https://relay.cloud/navy/beacon/1240,Status board delta,True,2025-02-01 22:58:40,2025-12-16 07:12:55
1241,36,2So090,https://example.com/gold/network/1241,Service guide anchor,True,2025-08-02 19:53:31,2026-02-13 10:05:55
1242,133,HxtuCM,https://example.com/forest/anchor/1242,Service guide lagoon,False,2025-07-18 18:45:00,2026-02-11 07:56:46
1243,302,VU8lEx,https://seeded.app/dawn/orbit/1243,Incident notes quartz,True,2025-09-27 14:45:04,2026-02-05 04:12:37
1244,62,DnHCU2,https://seeded.app/gold/meadow/1244,Alert feed signal,True,2025-01-18 02:52:02,2025-11-18 12:57:11
1245,177,06UHtC,https://example.com/clear/zenith/1245,Ops review orbit,True,2025-09-27 19:52:32,2025-10-02 12:12:08
1246,108,RictTF,https://relay.cloud/forest/uplink/1246,Launch deck kernel,True,2025-01-12 07:46:53,2025-02-01 07:56:15
1247,126,EDMuGd,https://seeded.app/calm/beacon/1247,Incident notes network,True,2025-01-21 14:59:43,2025-09-16 20:56:29
1248,158,rsGZR4,https://acme.dev/gold/yard/1248,Alert feed anchor,True,2025-01-18 19:31:07,2025-08-01 17:02:26
1249,326,XQa0si,https://hackstack.io/harbor/river/1249,Demo link signal,True,2025-02-13 12:23:20,2025-05-07 20:56:14
1250,58,29HfDO,https://seeded.app/mellow/island/1250,Roadmap update zenith,True,2025-11-14 22:28:00,2026-02-10 07:25:33
1251,43,OUfKde,https://acme.dev/calm/pioneer/1251,Status board engine,True,2025-08-05 06:26:36,2025-10-18 09:48:19
1252,234,7TfzLm,https://relay.cloud/urban/network/1252,Status board window,True,2025-02-26 07:17:08,2025-10-28 10:33:06
1253,94,CN0JhV,https://example.com/young/garden/1253,Alert feed quartz,True,2025-01-29 23:09:49,2025-04-06 23:42:47
1254,274,jywOf8,https://relay.cloud/quiet/island/1254,Ops review orbit,True,2025-05-21 16:21:48,2025-07-07 07:01:35
1255,365,QuCkky,https://hackstack.io/dawn/beacon/1255,Ops review garden,True,2025-09-23 22:50:15,2026-01-22 22:57:33
1256,118,ZJPwLU,https://seeded.app/mellow/valley/1256,Status board garden,True,2025-04-19 16:12:21,2025-05-18 17:00:00
1257,23,zVQ1kX,https://opswise.net/harbor/field/1257,Status board engine,True,2025-09-10 16:11:22,2026-02-12 03:24:16
1258,45,qfFd54,https://seeded.app/dawn/field/1258,Ops review engine,True,2025-11-30 05:51:29,2025-12-09 08:42:48
1259,129,ATi643,https://opswise.net/gold/delta/1259,Quarterly brief harvest,True,2025-03-08 09:35:51,2025-10-17 00:50:27
1260,116,Vuujev,https://seeded.app/dawn/delta/1260,Status board zenith,True,2025-08-20 03:49:19,2025-10-07 06:34:09
1261,150,amgbom,https://opswise.net/clear/anchor/1261,Ops review yard,False,2025-02-13 14:17:38,2025-10-01 03:32:42
1262,58,LEinVd,https://seeded.app/ivory/valley/1262,Quarterly brief river,True,2025-04-25 23:20:14,2026-01-26 21:37:34
1263,154,2oZR5Z,https://seeded.app/tidy/engine/1263,Demo link orbit,True,2025-01-09 13:02:41,2025-07-15 23:50:05
1264,97,ZkfC8E,https://hackstack.io/vivid/trail/1264,Ops review signal,True,2026-01-10 02:00:31,2026-01-20 02:09:52
1265,201,g8udDj,https://hackstack.io/brisk/yard/1265,Status board pioneer,True,2025-03-18 02:05:11,2025-10-04 23:03:34
1266,169,VKNXVB,https://seeded.app/quiet/field/1266,Roadmap update island,True,2026-01-01 14:29:49,2026-01-06 06:50:52
1267,284,oOsFQr,https://seeded.app/ember/harvest/1267,Launch deck engine,True,2025-08-09 08:45:51,2026-02-01 04:19:58
1268,151,RpYlbH,https://opswise.net/urban/signal/1268,Alert feed engine,True,2025-07-29 18:46:32,2025-11-21 05:53:54
1269,12,lQ7jUa,https://hackstack.io/rapid/uplink/1269,Ops review canyon,False,2025-02-26 18:25:53,2025-04-30 15:38:29
1270,147,JAd6Y8,https://seeded.app/gold/zenith/1270,Campaign page zenith,True,2025-05-04 23:15:56,2026-02-06 23:42:32
1271,347,cad28b,https://example.com/harbor/network/1271,Quarterly brief engine,True,2025-01-28 15:57:05,2025-09-06 08:57:40
1272,344,erwOpj,https://relay.cloud/tidy/garden/1272,Service guide island,True,2026-01-25 14:46:55,2026-02-18 08:03:26
1273,208,Ly0Nmm,https://opswise.net/mellow/river/1273,Quarterly brief kernel,True,2025-12-22 17:42:27,2026-01-24 08:34:45
1274,46,pcerjk,https://opswise.net/lively/journey/1274,Service guide quartz,True,2025-01-08 11:33:45,2025-02-03 19:13:52
1275,397,yKiiBf,https://hackstack.io/rapid/garden/1275,Status board orbit,True,2025-08-10 06:40:53,2026-01-20 07:55:37
1276,322,SgtqeU,https://hackstack.io/opal/field/1276,Launch deck island,True,2025-09-17 19:28:41,2025-12-24 20:50:02
1277,87,M0JLa8,https://opswise.net/rapid/valley/1277,Quarterly brief beacon,True,2025-06-24 21:55:59,2025-08-30 23:41:30
1278,17,ZjirMe,https://opswise.net/quiet/garden/1278,Quarterly brief anchor,True,2025-12-19 18:04:49,2026-01-15 05:08:25
1279,308,sPDlQT,https://acme.dev/ivory/window/1279,Roadmap update network,True,2025-09-29 07:27:23,2025-11-20 20:11:43
1280,159,6lAVP1,https://example.com/vivid/engine/1280,Demo link signal,True,2026-01-28 03:08:46,2026-02-16 23:48:02
1281,214,rsldib,https://relay.cloud/jade/engine/1281,Campaign page pioneer,True,2025-09-05 16:52:39,2025-12-18 03:39:28
1282,258,a7RMyF,https://hackstack.io/keen/island/1282,Roadmap update garden,True,2025-06-23 00:19:03,2025-11-09 15:35:19
1283,65,XtTSFI,https://acme.dev/rapid/window/1283,Status board yard,True,2025-12-28 08:36:31,2026-01-10 23:44:22
1284,124,sXM7s9,https://hackstack.io/dawn/island/1284,Demo link window,True,2025-11-16 03:48:43,2026-02-05 22:15:16
1285,180,kIOAzj,https://acme.dev/quiet/journey/1285,Status board river,True,2025-05-02 08:08:17,2025-08-08 08:43:17
1286,285,P7LrXH,https://seeded.app/mellow/network/1286,Alert feed yard,True,2025-01-24 11:55:40,2025-06-02 10:04:05
1287,120,RtNFwq,https://seeded.app/tidy/network/1287,Service guide network,True,2025-04-03 23:41:45,2025-06-26 21:14:16
1288,190,2IxfY3,https://relay.cloud/proud/valley/1288,Alert feed signal,True,2025-10-23 21:49:53,2026-01-03 06:40:06
1289,56,V6tIO2,https://opswise.net/jade/engine/1289,Quarterly brief harvest,False,2025-07-11 19:34:28,2026-01-06 06:50:36
1290,8,vqBsOM,https://opswise.net/gold/garden/1290,Quarterly brief delta,True,2025-06-10 19:47:07,2026-01-08 16:42:28
1291,35,5rT9Gv,https://opswise.net/silver/trail/1291,Launch deck pioneer,True,2025-12-27 03:29:45,2026-02-16 19:42:18
1292,183,BAOnbP,https://relay.cloud/keen/yard/1292,Campaign page canyon,True,2026-01-14 16:29:24,2026-01-16 17:36:19
1293,368,PqdkKy,https://hackstack.io/brisk/meadow/1293,Alert feed pioneer,True,2025-05-14 04:25:39,2025-12-05 22:36:51
1294,250,OHNGPm,https://seeded.app/tidy/uplink/1294,Service guide orbit,True,2025-02-01 23:39:42,2025-05-25 02:35:36
1295,15,DR41Ow,https://seeded.app/warm/garden/1295,Quarterly brief field,True,2026-01-31 15:21:05,2026-02-10 02:19:43
1296,285,zDdQN9,https://hackstack.io/ivory/signal/1296,Service guide canyon,True,2026-02-01 20:32:55,2026-02-13 02:50:12
1297,55,rQxULW,https://seeded.app/dawn/quartz/1297,Campaign page trail,True,2025-11-28 22:00:14,2025-12-17 05:57:06
1298,200,WOkz2s,https://example.com/navy/harvest/1298,Status board zenith,True,2025-07-17 11:48:00,2025-09-20 23:23:39
1299,226,5KdtCD,https://hackstack.io/calm/beacon/1299,Ops review quartz,True,2025-09-01 03:43:56,2025-12-24 02:16:09
1300,335,ffNBVM,https://relay.cloud/ivory/engine/1300,Demo link delta,False,2025-04-08 22:52:25,2025-06-17 16:07:02
1301,39,8GXOEs,https://seeded.app/gold/yard/1301,Ops review journey,True,2026-02-17 23:05:44,2026-02-18 04:12:40
1302,229,dvVcEt,https://seeded.app/cobalt/anchor/1302,Ops review delta,True,2025-01-15 21:53:50,2025-02-17 11:24:09
1303,38,UNIZvK,https://example.com/ivory/valley/1303,Status board garden,True,2025-02-06 06:50:31,2025-03-25 07:15:43
1304,36,4TROF9,https://seeded.app/ivory/engine/1304,Campaign page valley,True,2025-03-07 15:20:11,2025-03-27 03:10:48
1305,247,ZnzSZ8,https://acme.dev/tidy/window/1305,Status board journey,True,2025-12-08 05:43:33,2026-02-08 00:22:11
1306,346,jQtrhM,https://opswise.net/mellow/zenith/1306,Alert feed beacon,True,2025-11-16 06:02:23,2026-01-24 23:03:10
1307,397,CW0Y3O,https://opswise.net/mellow/zenith/1307,Status board zenith,True,2026-01-05 10:13:46,2026-01-09 06:17:08
1308,94,A5ejRW,https://seeded.app/jade/pioneer/1308,Campaign page zenith,False,2025-02-08 05:40:22,2025-05-26 03:22:07
1309,354,RBuIi7,https://hackstack.io/clear/network/1309,Incident notes field,True,2025-05-07 07:40:34,2025-11-03 04:48:41
1310,112,HIO591,https://hackstack.io/cobalt/garden/1310,Roadmap update signal,True,2025-06-21 17:17:27,2025-12-16 07:53:04
1311,310,jiW0g6,https://seeded.app/dawn/quartz/1311,Status board canyon,False,2025-02-07 07:13:15,2025-10-26 16:38:37
1312,332,AP5EVi,https://example.com/rapid/engine/1312,Roadmap update pioneer,True,2025-03-07 08:03:21,2025-10-12 18:42:56
1313,195,nx06Bh,https://relay.cloud/rapid/yard/1313,Ops review engine,True,2025-06-29 17:19:09,2025-07-05 03:23:21
1314,382,I0mDFS,https://relay.cloud/tidy/field/1314,Ops review yard,True,2025-03-12 19:19:01,2026-01-22 09:38:34
1315,326,rMxF7m,https://relay.cloud/keen/quartz/1315,Campaign page river,True,2025-09-08 05:26:40,2025-12-31 13:28:07
1316,198,9Dv8DF,https://seeded.app/keen/delta/1316,Service guide beacon,True,2025-11-11 07:40:19,2025-11-13 22:21:53
1317,134,ArXIc1,https://relay.cloud/forest/lagoon/1317,Demo link zenith,True,2025-06-03 06:10:47,2025-10-29 15:53:19
1318,107,e83afq,https://opswise.net/urban/engine/1318,Service guide anchor,True,2025-06-02 22:33:12,2025-10-14 07:52:36
1319,151,frTfHR,https://seeded.app/clear/engine/1319,Launch deck island,True,2025-11-25 21:39:17,2025-12-03 05:42:57
1320,37,GvZT2B,https://example.com/rapid/beacon/1320,Campaign page beacon,True,2025-04-28 05:44:50,2026-01-23 04:51:44
1321,23,z9SJVr,https://relay.cloud/urban/island/1321,Launch deck orbit,True,2025-07-24 03:19:08,2025-10-28 08:10:07
1322,114,uUPELl,https://example.com/lively/window/1322,Status board garden,True,2026-02-17 18:15:00,2026-02-19 14:13:08
1323,265,eWcmeT,https://acme.dev/gold/pioneer/1323,Campaign page orbit,True,2025-01-21 22:08:35,2025-12-12 14:46:38
1324,93,bCGC3O,https://relay.cloud/lively/quartz/1324,Status board kernel,True,2025-04-06 20:45:38,2025-07-29 01:05:56
1325,48,OuQwcf,https://relay.cloud/proud/network/1325,Service guide uplink,True,2025-08-08 15:25:29,2026-01-03 21:08:47
1326,124,TX5PoS,https://example.com/calm/engine/1326,Status board yard,False,2025-10-17 01:51:06,2025-11-11 15:06:18
1327,366,W4HIHB,https://opswise.net/navy/trail/1327,Status board trail,True,2025-03-30 15:37:55,2026-02-14 08:45:27
1328,344,bNz6gS,https://hackstack.io/silver/anchor/1328,Incident notes canyon,True,2025-05-12 16:04:07,2025-06-23 22:15:27
1329,98,iunkf2,https://acme.dev/navy/delta/1329,Ops review orbit,False,2025-01-25 13:32:18,2025-03-18 18:06:29
1330,29,zB2o3b,https://seeded.app/calm/window/1330,Roadmap update network,True,2025-06-21 18:43:56,2026-02-06 08:16:22
1331,47,vLr1EV,https://example.com/rapid/anchor/1331,Quarterly brief garden,True,2025-03-10 02:50:36,2025-06-09 20:56:39
1332,235,CuRn3t,https://seeded.app/proud/orbit/1332,Campaign page journey,True,2025-03-06 12:14:25,2025-09-09 12:48:35
1333,148,udU8mV,https://acme.dev/dawn/river/1333,Alert feed orbit,True,2025-10-28 05:35:39,2026-01-22 00:07:59
1334,155,Roaoed,https://example.com/warm/trail/1334,Ops review trail,True,2025-02-13 09:25:31,2025-08-13 02:04:04
1335,85,xhZksw,https://acme.dev/gold/zenith/1335,Ops review signal,True,2025-05-10 02:02:00,2026-02-12 07:41:16
1336,143,OUKlWx,https://example.com/keen/uplink/1336,Incident notes island,False,2026-01-18 21:59:04,2026-02-02 16:15:41
1337,33,UHa6zv,https://hackstack.io/lively/delta/1337,Ops review harvest,True,2025-06-02 05:21:46,2026-01-20 01:10:40
1338,357,PkLzNM,https://opswise.net/ember/engine/1338,Service guide orbit,True,2025-12-24 19:19:04,2026-02-09 07:00:33
1339,289,37bs4D,https://acme.dev/tidy/window/1339,Alert feed beacon,True,2025-04-26 15:16:33,2025-05-13 06:14:21
1340,301,BTdJ6u,https://seeded.app/tidy/pioneer/1340,Status board pioneer,False,2025-06-14 17:43:50,2025-09-25 07:34:58
1341,338,olYKSd,https://seeded.app/harbor/zenith/1341,Status board meadow,True,2025-01-19 14:37:39,2025-09-13 09:29:41
1342,125,JCsmG2,https://example.com/amber/anchor/1342,Service guide window,False,2025-10-27 15:20:35,2025-12-27 19:48:47
1343,350,OhdGBB,https://opswise.net/quiet/island/1343,Launch deck window,True,2025-04-19 13:13:50,2025-12-24 19:15:11
1344,186,onYftd,https://hackstack.io/vivid/yard/1344,Campaign page quartz,True,2025-03-25 19:50:27,2025-04-03 16:25:23
1345,99,t8D0zV,https://opswise.net/gold/island/1345,Roadmap update signal,True,2025-11-25 14:37:55,2025-12-02 03:24:12
1346,325,AHQRXU,https://acme.dev/warm/delta/1346,Campaign page yard,True,2025-02-22 08:10:22,2025-10-05 11:53:53
1347,146,w1Ukmv,https://opswise.net/calm/journey/1347,Demo link river,True,2025-10-11 05:04:43,2026-01-03 18:33:46
1348,144,joI6j9,https://example.com/proud/lagoon/1348,Quarterly brief field,True,2025-06-20 01:27:37,2026-01-25 06:43:21
1349,300,MAovrN,https://relay.cloud/warm/uplink/1349,Roadmap update field,True,2025-02-26 02:30:25,2025-09-28 07:42:05
1350,395,LFp5hH,https://example.com/vivid/garden/1350,Ops review kernel,True,2025-07-15 22:25:07,2025-12-30 22:05:02
1351,42,4Jx2k4,https://relay.cloud/calm/window/1351,Incident notes network,True,2025-01-01 00:44:44,2026-01-03 03:01:04
1352,371,fOR3RN,https://relay.cloud/ember/meadow/1352,Quarterly brief anchor,True,2025-09-13 19:22:01,2025-12-28 05:34:26
1353,200,sLky94,https://example.com/jade/network/1353,Status board yard,True,2025-06-21 17:21:35,2025-09-04 10:42:28
1354,386,6NJikc,https://example.com/vivid/signal/1354,Alert feed lagoon,True,2025-03-07 13:59:59,2025-05-28 07:49:32
1355,344,bgBuEH,https://example.com/keen/uplink/1355,Incident notes network,False,2025-10-26 13:22:35,2026-01-23 09:03:08
1356,278,KQZFY7,https://opswise.net/rapid/island/1356,Quarterly brief zenith,True,2025-06-21 18:48:43,2025-11-14 20:48:19
1357,274,nEClGi,https://seeded.app/ember/garden/1357,Launch deck signal,True,2025-12-05 06:42:07,2026-02-08 11:39:20
1358,61,JfCj2h,https://seeded.app/warm/beacon/1358,Quarterly brief window,True,2026-02-09 12:51:10,2026-02-18 06:56:11
1359,400,cyXU8b,https://hackstack.io/clear/zenith/1359,Status board island,True,2025-07-17 18:53:57,2025-08-04 21:32:40
1360,168,eSfK1S,https://acme.dev/young/field/1360,Ops review meadow,False,2025-03-28 01:46:36,2025-06-27 11:24:46
1361,51,Z5K0Qy,https://opswise.net/young/window/1361,Incident notes canyon,True,2025-12-21 08:31:26,2026-01-14 03:08:22
1362,208,5i0gZS,https://acme.dev/brisk/lagoon/1362,Incident notes network,True,2025-06-29 22:46:32,2025-09-15 09:09:27
1363,284,WLjF1S,https://seeded.app/navy/harvest/1363,Service guide zenith,True,2025-01-28 06:01:52,2025-06-19 06:46:38
1364,9,1LRhpZ,https://relay.cloud/young/uplink/1364,Launch deck signal,True,2025-06-30 17:14:58,2025-07-08 07:29:16
1365,249,izYuM1,https://acme.dev/opal/pioneer/1365,Quarterly brief field,False,2025-12-03 19:39:05,2026-01-14 14:51:42
1366,90,9wtHVj,https://acme.dev/calm/zenith/1366,Incident notes beacon,False,2025-07-08 15:07:39,2025-10-11 00:48:47
1367,143,cE7FSg,https://opswise.net/young/zenith/1367,Ops review zenith,True,2025-09-06 15:51:58,2025-10-21 18:45:21
1368,32,WdNdJL,https://hackstack.io/clear/meadow/1368,Alert feed journey,True,2025-02-23 04:03:24,2025-05-27 09:24:09
1369,91,cxqp4I,https://hackstack.io/dawn/zenith/1369,Incident notes meadow,True,2025-09-05 10:18:46,2025-12-26 03:55:04
1370,133,jpc84F,https://example.com/calm/meadow/1370,Status board beacon,True,2025-04-26 00:19:00,2025-12-02 19:08:18
1371,51,3yA4QO,https://acme.dev/quiet/quartz/1371,Service guide orbit,True,2025-02-27 15:40:42,2025-09-19 00:28:39
1372,183,Akbqne,https://seeded.app/navy/field/1372,Quarterly brief kernel,True,2025-09-24 08:45:14,2026-02-04 03:05:18
1373,394,MK1w4f,https://acme.dev/rapid/uplink/1373,Ops review anchor,True,2025-10-28 21:55:09,2026-02-15 22:41:25
1374,142,ga3fqG,https://acme.dev/amber/trail/1374,Service guide pioneer,True,2025-03-30 08:25:49,2025-12-31 15:39:26
1375,3,WSJggC,https://hackstack.io/quiet/kernel/1375,Service guide engine,True,2025-03-25 20:19:58,2025-07-09 16:58:15
1376,129,8SQ0xN,https://acme.dev/keen/harvest/1376,Incident notes island,True,2025-09-03 01:11:32,2025-10-03 12:47:37
1377,140,MA5hXI,https://seeded.app/opal/engine/1377,Ops review window,True,2025-11-30 11:31:04,2026-01-14 00:36:50
1378,256,GqrIVk,https://acme.dev/harbor/kernel/1378,Ops review field,True,2025-10-05 19:20:02,2025-10-31 10:04:08
1379,101,p0v7Im,https://seeded.app/rapid/field/1379,Service guide pioneer,True,2025-10-11 01:31:50,2025-12-04 22:54:17
1380,201,QwCtdd,https://acme.dev/proud/zenith/1380,Quarterly brief network,False,2025-03-09 00:32:12,2025-12-08 19:06:53
1381,90,6ZlRX0,https://hackstack.io/cobalt/valley/1381,Demo link delta,True,2025-03-07 17:51:56,2025-07-23 16:10:27
1382,150,qDuiNd,https://hackstack.io/vivid/lagoon/1382,Ops review valley,False,2025-04-17 02:46:50,2025-06-14 02:23:33
1383,55,jPLVxn,https://hackstack.io/quiet/delta/1383,Launch deck quartz,False,2025-05-24 14:51:17,2026-01-14 04:40:55
1384,185,nAtJ3L,https://seeded.app/clear/valley/1384,Alert feed network,True,2025-12-03 23:13:30,2026-01-13 02:24:16
1385,101,7nQdIj,https://relay.cloud/cobalt/zenith/1385,Launch deck journey,True,2025-08-09 08:25:14,2026-01-11 14:21:58
1386,380,0Otxff,https://hackstack.io/keen/lagoon/1386,Service guide orbit,True,2025-07-19 14:26:49,2026-01-22 11:39:41
1387,385,44M1WT,https://opswise.net/silver/river/1387,Demo link network,True,2025-03-12 19:03:34,2026-02-03 08:25:07
1388,137,evdfqR,https://example.com/jade/field/1388,Ops review canyon,False,2025-11-04 03:49:04,2026-02-05 21:02:23
1389,252,glcSWw,https://opswise.net/gold/beacon/1389,Demo link yard,True,2025-01-17 20:08:43,2025-10-19 07:56:48
1390,154,q6lSz4,https://acme.dev/opal/trail/1390,Campaign page meadow,True,2025-11-18 18:23:42,2025-11-20 06:02:50
1391,113,dtZPnm,https://hackstack.io/lively/garden/1391,Launch deck trail,True,2025-07-04 17:43:20,2025-08-27 01:47:22
1392,157,iByIOW,https://acme.dev/rapid/harvest/1392,Ops review anchor,True,2025-07-17 16:11:14,2026-02-06 19:37:59
1393,216,a03oOJ,https://acme.dev/clear/river/1393,Ops review island,True,2025-07-06 19:59:17,2026-02-10 00:44:19
1394,87,bjVZLP,https://acme.dev/mellow/lagoon/1394,Demo link engine,False,2025-06-01 12:36:11,2025-10-29 22:00:51
1395,267,QKeZ3G,https://acme.dev/forest/network/1395,Service guide beacon,True,2025-01-17 15:11:47,2025-05-05 09:54:16
1396,372,nj4wec,https://hackstack.io/brisk/orbit/1396,Status board beacon,True,2025-02-13 12:46:31,2025-06-28 12:15:06
1397,112,MRUcR0,https://hackstack.io/vivid/kernel/1397,Incident notes kernel,True,2025-11-11 06:37:08,2025-12-18 03:38:26
1398,298,SwF4CO,https://example.com/keen/journey/1398,Roadmap update zenith,True,2025-04-01 18:44:24,2025-10-17 04:52:34
1399,204,W00wJ4,https://seeded.app/lively/kernel/1399,Service guide yard,True,2025-04-14 13:22:55,2026-01-03 23:52:35
1400,63,pjwhzX,https://example.com/lively/island/1400,Launch deck engine,False,2025-08-25 20:23:04,2025-11-15 03:29:24
1401,18,I0nvDI,https://seeded.app/proud/canyon/1401,Alert feed pioneer,True,2025-07-23 03:41:22,2026-01-31 20:19:45
1402,337,SQ6d1l,https://example.com/dawn/trail/1402,Demo link engine,True,2025-02-04 03:48:22,2026-02-03 15:50:05
1403,391,8z7dhn,https://opswise.net/mellow/meadow/1403,Roadmap update meadow,False,2025-06-02 11:01:52,2025-06-06 18:40:15
1404,325,mS3fzr,https://hackstack.io/forest/zenith/1404,Ops review pioneer,True,2025-02-13 01:32:06,2025-05-10 00:43:37
1405,136,EIR1LK,https://seeded.app/navy/field/1405,Incident notes garden,True,2026-01-26 14:06:31,2026-01-27 20:28:57
1406,330,fgqaJ5,https://opswise.net/navy/canyon/1406,Launch deck anchor,True,2025-08-18 17:19:09,2025-09-11 19:56:08
1407,358,9HOqdY,https://hackstack.io/jade/garden/1407,Campaign page signal,True,2025-08-22 21:30:12,2025-09-19 15:21:49
1408,107,SYEtIK,https://acme.dev/gold/journey/1408,Alert feed garden,True,2025-06-02 15:55:33,2025-12-13 19:24:10
1409,329,Ma7sPK,https://example.com/warm/uplink/1409,Roadmap update uplink,True,2025-02-19 09:57:21,2025-07-12 03:37:07
1410,392,sR2yIX,https://opswise.net/harbor/kernel/1410,Campaign page journey,True,2025-04-17 15:42:43,2025-06-08 02:56:47
1411,362,5oXrzt,https://seeded.app/keen/window/1411,Ops review network,True,2025-07-04 22:50:33,2025-10-31 04:07:13
1412,48,swPwM5,https://seeded.app/silver/journey/1412,Service guide field,True,2025-12-08 18:10:50,2026-01-02 01:06:19
1413,53,d30wlL,https://hackstack.io/clear/journey/1413,Incident notes engine,False,2026-01-29 19:01:21,2026-02-19 18:45:26
1414,360,HqwmkQ,https://hackstack.io/dawn/beacon/1414,Demo link network,True,2025-06-06 20:52:41,2026-02-05 09:42:25
1415,186,JeOqhm,https://opswise.net/ember/window/1415,Quarterly brief journey,True,2025-10-14 15:52:11,2025-11-19 02:04:25
1416,360,dmBTG2,https://relay.cloud/calm/yard/1416,Incident notes quartz,True,2025-05-11 00:03:42,2026-02-13 10:15:43
1417,39,Gjob9q,https://relay.cloud/tidy/uplink/1417,Alert feed orbit,True,2025-08-07 07:27:04,2026-01-08 15:37:33
1418,115,YA4cZr,https://hackstack.io/cobalt/valley/1418,Roadmap update canyon,True,2026-01-30 09:04:32,2026-02-08 03:42:19
1419,86,UIqDlH,https://relay.cloud/cobalt/beacon/1419,Roadmap update garden,True,2025-02-27 04:13:03,2025-10-02 16:02:12
1420,374,E8sbOh,https://example.com/harbor/window/1420,Launch deck engine,True,2025-05-11 16:59:06,2025-07-11 00:38:09
1421,252,iFpLNW,https://acme.dev/clear/pioneer/1421,Status board beacon,False,2025-07-20 20:21:55,2025-12-06 18:54:11
1422,40,mzvzS9,https://acme.dev/forest/garden/1422,Roadmap update kernel,True,2025-06-19 22:54:41,2025-12-27 10:28:10
1423,116,hZtjG0,https://relay.cloud/young/signal/1423,Ops review pioneer,True,2025-12-03 17:17:26,2025-12-28 02:53:42
1424,295,dUkEd4,https://acme.dev/quiet/yard/1424,Campaign page river,False,2025-02-02 22:44:40,2025-10-16 17:55:31
1425,138,BIEbwx,https://acme.dev/calm/river/1425,Campaign page harvest,True,2026-01-13 19:04:54,2026-02-16 12:52:02
1426,145,J0f1Th,https://relay.cloud/amber/trail/1426,Incident notes beacon,True,2025-08-17 16:00:25,2026-01-08 13:37:15
1427,333,sNQlXq,https://relay.cloud/opal/trail/1427,Roadmap update field,True,2025-03-25 16:36:47,2025-12-13 16:28:42
1428,61,8QicYs,https://relay.cloud/forest/yard/1428,Demo link canyon,True,2025-05-18 20:46:44,2025-09-23 14:13:00
1429,334,ZHP4FY,https://acme.dev/lively/trail/1429,Roadmap update harvest,True,2026-02-10 00:25:04,2026-02-18 17:48:05
1430,249,swPyRR,https://example.com/rapid/engine/1430,Demo link window,True,2025-04-21 07:05:39,2025-05-19 14:22:00
1431,149,GjtQtH,https://acme.dev/vivid/delta/1431,Demo link zenith,True,2025-07-04 03:28:14,2025-08-22 21:31:40
1432,104,SZKoik,https://example.com/clear/anchor/1432,Roadmap update trail,True,2026-02-19 05:25:28,2026-02-20 06:24:28
1433,238,RdSCoV,https://example.com/keen/journey/1433,Alert feed delta,True,2025-08-07 03:04:27,2025-08-23 21:43:55
1434,341,ugzqm4,https://opswise.net/jade/island/1434,Campaign page signal,True,2025-04-12 00:43:38,2025-07-19 14:51:32
1435,43,YnNs5e,https://hackstack.io/forest/field/1435,Status board meadow,True,2025-03-25 14:41:03,2025-04-15 10:57:54
1436,333,QEbznd,https://acme.dev/opal/garden/1436,Quarterly brief valley,False,2025-01-01 09:53:06,2025-12-19 01:08:04
1437,72,uwEOZl,https://hackstack.io/young/pioneer/1437,Demo link lagoon,True,2025-02-19 17:28:51,2025-07-16 19:17:09
1438,105,EyT4fe,https://seeded.app/brisk/field/1438,Launch deck harvest,True,2025-06-12 18:26:51,2026-02-13 05:35:57
1439,294,ZrHtSg,https://example.com/urban/lagoon/1439,Incident notes signal,True,2025-04-18 17:55:38,2025-12-26 05:13:07
1440,372,8VrIBf,https://opswise.net/warm/canyon/1440,Demo link pioneer,True,2026-02-01 10:57:28,2026-02-03 23:42:37
1441,395,hZl83b,https://opswise.net/tidy/garden/1441,Roadmap update island,True,2025-03-08 16:44:44,2025-03-13 17:21:46
1442,57,ocUoyX,https://hackstack.io/clear/uplink/1442,Campaign page harvest,True,2025-06-08 12:19:26,2025-11-10 14:57:32
1443,183,OCFOGx,https://example.com/lively/journey/1443,Alert feed lagoon,True,2025-09-28 05:40:51,2026-02-02 22:48:37
1444,135,A8V63P,https://acme.dev/young/orbit/1444,Alert feed anchor,True,2025-08-30 01:37:14,2025-11-02 05:40:56
1445,89,jgCiqe,https://relay.cloud/vivid/valley/1445,Status board canyon,True,2025-11-03 18:25:57,2026-02-13 21:22:05
1446,181,7Ekz5U,https://hackstack.io/vivid/lagoon/1446,Ops review kernel,True,2026-01-15 13:49:46,2026-02-08 07:46:40
1447,91,33VTSe,https://acme.dev/silver/uplink/1447,Alert feed pioneer,True,2025-09-10 20:18:34,2026-02-07 03:58:34
1448,372,E11V8Y,https://example.com/mellow/trail/1448,Alert feed zenith,True,2025-05-28 01:39:20,2025-08-22 19:56:32
1449,390,u6mSUQ,https://relay.cloud/brisk/journey/1449,Alert feed quartz,True,2025-07-18 05:38:04,2025-09-28 17:38:07
1450,396,gAp8sh,https://seeded.app/forest/valley/1450,Incident notes river,True,2025-01-08 23:55:52,2025-03-27 22:05:56
1451,292,1gpdgt,https://acme.dev/silver/window/1451,Quarterly brief uplink,True,2025-10-05 01:12:43,2025-12-06 10:10:03
1452,88,ZLgdP0,https://opswise.net/proud/river/1452,Quarterly brief meadow,True,2025-07-24 10:50:02,2025-12-09 08:15:26
1453,175,DqVhJK,https://acme.dev/harbor/anchor/1453,Ops review quartz,False,2025-04-01 16:30:36,2025-06-01 07:02:44
1454,32,nUsILd,https://opswise.net/proud/yard/1454,Roadmap update harvest,False,2025-07-17 00:19:27,2026-01-07 18:05:02
1455,257,AE8srD,https://seeded.app/mellow/island/1455,Ops review engine,True,2025-10-09 08:52:26,2026-01-10 08:45:58
1456,364,BoeJMW,https://opswise.net/cobalt/valley/1456,Launch deck lagoon,True,2025-02-15 12:17:51,2025-09-25 00:01:35
1457,170,weKDJC,https://example.com/lively/window/1457,Campaign page garden,False,2025-04-07 10:35:26,2025-07-02 05:03:49
1458,386,FraysJ,https://seeded.app/brisk/beacon/1458,Quarterly brief anchor,True,2025-06-17 17:59:40,2025-09-24 00:20:57
1459,220,CtS32g,https://relay.cloud/cobalt/uplink/1459,Roadmap update uplink,True,2025-09-02 20:00:46,2025-09-15 20:25:49
1460,183,sPpWuH,https://opswise.net/dawn/island/1460,Demo link island,True,2025-08-19 12:59:04,2026-01-30 21:13:35
1461,173,JzQ205,https://hackstack.io/lively/engine/1461,Launch deck valley,True,2025-12-19 12:54:21,2026-02-13 06:52:28
1462,195,A48HTh,https://hackstack.io/navy/yard/1462,Status board river,False,2025-01-20 00:50:00,2025-03-13 07:45:44
1463,44,99IrVy,https://acme.dev/cobalt/canyon/1463,Service guide meadow,False,2026-01-22 12:56:10,2026-02-20 08:54:18
1464,234,fawvNu,https://relay.cloud/warm/kernel/1464,Incident notes lagoon,True,2025-04-02 22:53:12,2025-11-12 17:48:24
1465,243,knFUIg,https://relay.cloud/calm/trail/1465,Alert feed pioneer,False,2026-01-02 02:29:05,2026-02-01 19:35:27
1466,252,LSKCwZ,https://opswise.net/urban/lagoon/1466,Alert feed island,True,2025-12-30 06:23:25,2026-01-17 17:58:01
1467,82,2lNdk4,https://hackstack.io/navy/valley/1467,Roadmap update garden,True,2025-11-18 15:11:20,2026-02-04 14:10:04
1468,203,1RNp17,https://example.com/jade/zenith/1468,Roadmap update river,True,2025-03-06 20:01:46,2025-06-07 21:51:51
1469,307,UleKIf,https://example.com/young/network/1469,Roadmap update quartz,True,2025-04-28 21:40:04,2025-12-16 17:03:48
1470,209,vh3Pxw,https://hackstack.io/vivid/trail/1470,Demo link zenith,True,2025-01-10 16:36:55,2025-07-15 21:00:05
1471,42,E568B9,https://opswise.net/tidy/engine/1471,Alert feed river,True,2025-10-11 09:19:02,2026-02-09 23:03:48
1472,269,hvDqa3,https://acme.dev/amber/garden/1472,Campaign page delta,True,2025-12-15 01:13:43,2025-12-19 00:35:18
1473,23,XPFHgU,https://acme.dev/gold/meadow/1473,Incident notes field,True,2025-05-25 11:51:40,2026-01-25 16:30:09
1474,377,2hIxAI,https://acme.dev/brisk/signal/1474,Demo link yard,False,2025-08-07 14:31:12,2025-12-30 22:25:07
1475,374,t3fD1J,https://opswise.net/quiet/river/1475,Roadmap update yard,False,2026-02-14 13:33:14,2026-02-20 18:09:24
1476,136,dEcPv6,https://acme.dev/keen/journey/1476,Status board network,True,2025-05-22 11:49:08,2025-06-29 12:24:05
1477,229,ygrKd8,https://example.com/quiet/garden/1477,Ops review kernel,True,2025-06-06 19:21:36,2025-07-23 01:34:15
1478,281,L1dL99,https://acme.dev/clear/garden/1478,Demo link engine,True,2025-05-17 02:09:24,2026-02-17 23:18:52
1479,186,ABPRyo,https://seeded.app/dawn/valley/1479,Alert feed beacon,True,2025-03-30 15:38:25,2025-10-11 04:50:27
1480,107,cECTk9,https://example.com/clear/beacon/1480,Alert feed anchor,True,2025-03-31 21:04:33,2025-06-29 01:33:37
1481,40,BR3J1G,https://hackstack.io/silver/uplink/1481,Incident notes journey,True,2025-08-18 16:23:04,2025-12-29 12:48:06
1482,17,3X4uEL,https://opswise.net/rapid/pioneer/1482,Incident notes engine,True,2025-02-07 01:42:16,2025-02-12 18:54:39
1483,27,CCUxae,https://relay.cloud/vivid/island/1483,Demo link harvest,True,2025-08-20 07:33:09,2025-09-12 14:11:34
1484,93,PaZDXf,https://opswise.net/dawn/network/1484,Alert feed network,True,2025-04-20 14:40:57,2025-08-29 19:03:09
1485,2,rHsvDR,https://acme.dev/warm/lagoon/1485,Incident notes river,False,2025-03-30 17:58:34,2026-02-17 17:16:29
1486,140,1e7y7g,https://relay.cloud/navy/uplink/1486,Demo link delta,True,2025-12-04 14:52:21,2025-12-28 17:46:34
1487,234,AYIDx0,https://seeded.app/ivory/window/1487,Demo link trail,True,2026-01-17 00:17:51,2026-01-29 21:07:10
1488,95,EYx0GY,https://hackstack.io/tidy/field/1488,Service guide field,False,2025-10-03 13:45:10,2026-01-21 06:19:50
1489,31,Layjct,https://acme.dev/harbor/kernel/1489,Launch deck trail,False,2026-01-30 02:53:32,2026-02-06 22:51:14
1490,80,UL05A3,https://seeded.app/proud/beacon/1490,Alert feed yard,True,2025-02-08 01:14:58,2025-02-10 02:52:52
1491,84,5mduSj,https://relay.cloud/calm/harvest/1491,Roadmap update field,True,2025-02-01 11:16:54,2025-11-15 18:58:12
1492,383,H0GQYa,https://relay.cloud/silver/field/1492,Ops review zenith,True,2025-11-17 19:50:09,2026-02-20 10:14:29
1493,283,dvm4c6,https://relay.cloud/proud/trail/1493,Alert feed uplink,True,2025-11-01 21:53:53,2026-02-13 22:43:38
1494,296,wQDlSu,https://hackstack.io/clear/window/1494,Demo link lagoon,False,2025-09-20 14:35:46,2025-09-24 13:39:38
1495,361,sNbVs8,https://acme.dev/navy/journey/1495,Service guide quartz,True,2025-08-20 16:54:57,2025-12-27 01:49:28
1496,133,odR83V,https://opswise.net/forest/valley/1496,Service guide valley,True,2025-09-17 21:36:13,2025-12-14 08:41:12
1497,70,XVR280,https://opswise.net/gold/pioneer/1497,Incident notes field,True,2025-02-05 05:56:24,2025-11-01 06:42:16
1498,229,mLL3zY,https://hackstack.io/ivory/harvest/1498,Roadmap update delta,False,2025-01-12 10:50:45,2025-01-28 10:13:38
1499,107,DTCwK8,https://acme.dev/mellow/valley/1499,Demo link lagoon,True,2025-11-14 08:34:49,2026-02-16 15:13:05
1500,70,LHEIP5,https://seeded.app/proud/pioneer/1500,Ops review valley,True,2025-01-25 14:48:21,2025-04-05 18:53:54
1501,238,9MjBuP,https://hackstack.io/jade/engine/1501,Status board journey,True,2025-07-24 04:22:05,2026-01-29 11:15:18
1502,298,Yjkb6q,https://opswise.net/forest/journey/1502,Roadmap update river,True,2025-03-25 19:34:38,2026-01-03 23:59:59
1503,334,C52kIK,https://acme.dev/jade/trail/1503,Service guide river,True,2025-08-30 23:09:56,2025-11-20 13:16:42
1504,161,riKMuK,https://example.com/ember/beacon/1504,Launch deck lagoon,True,2025-11-02 12:43:08,2026-02-09 02:26:44
1505,252,wkjoDo,https://seeded.app/brisk/window/1505,Demo link lagoon,True,2025-02-04 15:32:07,2025-04-06 05:51:08
1506,72,4b7m2f,https://hackstack.io/tidy/pioneer/1506,Campaign page island,True,2026-01-08 23:47:49,2026-02-07 08:27:57
1507,151,8oK92x,https://opswise.net/ivory/anchor/1507,Launch deck pioneer,True,2025-06-08 07:58:41,2025-09-05 06:43:38
1508,166,AlTYt3,https://example.com/navy/journey/1508,Incident notes island,True,2025-03-31 04:11:27,2026-02-08 08:21:27
1509,104,QhUFBi,https://example.com/ember/quartz/1509,Alert feed signal,True,2025-09-24 07:21:11,2026-02-20 02:22:17
1510,380,1h4han,https://opswise.net/dawn/meadow/1510,Quarterly brief garden,True,2025-09-24 02:28:47,2026-01-06 08:18:25
1511,19,rfrGAD,https://example.com/navy/quartz/1511,Campaign page river,True,2025-05-13 06:12:52,2025-12-15 02:08:39
1512,151,QbtBwI,https://seeded.app/calm/uplink/1512,Status board island,True,2025-11-11 22:18:34,2025-11-27 11:12:44
1513,44,gcB2UP,https://relay.cloud/quiet/river/1513,Roadmap update field,True,2026-01-25 16:11:04,2026-02-05 01:09:07
1514,215,7w1brM,https://acme.dev/jade/quartz/1514,Incident notes field,False,2025-04-15 19:35:50,2025-05-15 03:42:54
1515,283,x2wqFd,https://acme.dev/jade/canyon/1515,Status board kernel,False,2025-12-14 15:41:14,2026-01-21 11:44:12
1516,370,2DDXyg,https://relay.cloud/clear/field/1516,Incident notes beacon,True,2025-12-02 20:50:49,2026-02-16 17:21:31
1517,341,D1NiAQ,https://example.com/amber/lagoon/1517,Launch deck harvest,True,2025-08-03 11:53:45,2025-10-15 05:15:59
1518,176,euqOM2,https://example.com/quiet/canyon/1518,Quarterly brief kernel,True,2026-02-18 02:51:19,2026-02-20 21:39:18
1519,272,CWTqSR,https://acme.dev/jade/lagoon/1519,Launch deck pioneer,True,2025-08-26 09:57:06,2025-12-31 18:23:34
1520,204,N6nyRZ,https://relay.cloud/quiet/uplink/1520,Service guide trail,True,2025-01-28 23:36:48,2025-06-01 19:56:06
1521,262,ovYuI4,https://example.com/navy/window/1521,Roadmap update journey,True,2025-01-06 17:20:24,2025-08-08 12:10:15
1522,211,gCWXvA,https://example.com/keen/field/1522,Roadmap update lagoon,False,2026-01-29 17:12:14,2026-02-11 09:02:08
1523,245,jtVZLO,https://seeded.app/calm/quartz/1523,Demo link journey,True,2025-04-04 22:51:52,2025-06-28 12:59:17
1524,121,QECUcj,https://example.com/silver/island/1524,Roadmap update delta,True,2025-01-28 19:29:29,2025-08-17 17:03:13
1525,188,k9hb9P,https://example.com/amber/delta/1525,Demo link uplink,True,2025-04-01 10:13:40,2025-11-14 12:22:36
1526,65,3udoQG,https://acme.dev/urban/anchor/1526,Service guide river,True,2026-01-06 11:45:04,2026-01-07 18:06:35
1527,153,UwnmlT,https://acme.dev/warm/journey/1527,Demo link beacon,True,2025-08-05 17:41:26,2025-11-15 23:01:55
1528,154,NAQgM2,https://seeded.app/jade/window/1528,Launch deck orbit,True,2025-07-21 21:02:29,2026-01-12 02:22:18
1529,1,e28Xzo,https://hackstack.io/keen/meadow/1529,Roadmap update engine,True,2025-02-12 04:28:11,2026-02-18 09:47:12
1530,98,0aIkki,https://hackstack.io/clear/beacon/1530,Launch deck meadow,True,2025-09-13 19:32:01,2025-10-01 09:02:19
1531,210,Mvi7uL,https://seeded.app/brisk/signal/1531,Launch deck uplink,True,2025-11-03 23:02:07,2025-11-28 10:02:19
1532,219,heEKqt,https://acme.dev/keen/journey/1532,Quarterly brief network,True,2025-01-11 09:32:16,2026-01-10 16:57:33
1533,175,1isIqI,https://acme.dev/jade/zenith/1533,Demo link yard,True,2025-09-06 05:20:03,2025-12-04 05:02:33
1534,65,k4Zjvw,https://relay.cloud/dawn/garden/1534,Status board journey,True,2025-11-30 15:59:56,2026-01-27 18:00:31
1535,270,5HyzQW,https://example.com/forest/journey/1535,Roadmap update window,False,2026-01-14 00:23:12,2026-02-10 06:49:02
1536,279,yZjFFD,https://hackstack.io/harbor/valley/1536,Alert feed pioneer,True,2025-05-28 15:46:59,2025-09-21 06:25:19
1537,343,78cqyQ,https://acme.dev/proud/yard/1537,Roadmap update signal,True,2025-10-15 21:08:56,2026-01-05 08:10:02
1538,362,SsMoaX,https://hackstack.io/mellow/lagoon/1538,Quarterly brief kernel,True,2025-05-18 15:53:55,2026-01-23 22:03:42
1539,252,FRdOpy,https://hackstack.io/urban/engine/1539,Quarterly brief quartz,True,2025-10-22 11:31:12,2025-11-04 04:11:50
1540,296,LCl92Z,https://relay.cloud/lively/kernel/1540,Service guide network,True,2025-07-27 13:18:38,2025-12-29 19:12:11
1541,156,0oV3k6,https://hackstack.io/young/island/1541,Status board valley,True,2025-07-21 08:34:50,2026-01-31 04:02:17
1542,229,16ZhNL,https://hackstack.io/rapid/lagoon/1542,Incident notes beacon,True,2026-02-04 15:27:16,2026-02-06 22:55:34
1543,300,tRLQJW,https://relay.cloud/forest/beacon/1543,Quarterly brief uplink,True,2026-02-06 01:07:22,2026-02-07 13:37:50
1544,23,9GE39V,https://example.com/ember/trail/1544,Incident notes network,False,2025-12-02 06:18:45,2026-01-21 07:56:19
1545,312,NwRuR3,https://hackstack.io/calm/uplink/1545,Status board delta,True,2025-12-25 21:22:59,2026-01-05 05:33:31
1546,39,sqq4W5,https://opswise.net/jade/garden/1546,Service guide uplink,True,2025-12-09 11:38:00,2025-12-22 11:01:03
1547,77,MDkx6Y,https://hackstack.io/vivid/signal/1547,Demo link signal,True,2025-05-31 04:36:39,2025-08-05 03:20:39
1548,20,YDslCs,https://opswise.net/keen/window/1548,Roadmap update pioneer,True,2025-05-11 01:39:20,2025-12-26 05:15:42
1549,118,LIaC7x,https://acme.dev/tidy/quartz/1549,Service guide uplink,True,2025-10-29 12:33:58,2025-10-30 05:21:16
1550,43,t02PV3,https://seeded.app/young/yard/1550,Incident notes delta,False,2025-11-29 20:23:26,2026-01-16 11:53:04
1551,8,W3m7md,https://acme.dev/proud/island/1551,Ops review orbit,True,2025-11-11 12:50:27,2026-01-27 05:11:40
1552,160,7cFjCo,https://example.com/mellow/garden/1552,Incident notes network,True,2025-09-25 18:05:01,2026-01-09 22:54:26
1553,258,9lEMay,https://hackstack.io/gold/river/1553,Service guide garden,True,2025-03-02 08:16:04,2025-08-30 09:00:37
1554,42,IlatKq,https://example.com/brisk/signal/1554,Quarterly brief river,True,2025-05-05 17:56:59,2025-10-31 19:07:00
1555,73,cDrCSS,https://hackstack.io/quiet/field/1555,Quarterly brief window,False,2026-02-01 18:54:53,2026-02-20 12:10:43
1556,171,4EhtpJ,https://opswise.net/gold/garden/1556,Service guide orbit,True,2025-02-06 22:10:13,2025-12-27 09:54:26
1557,154,VnIFE5,https://seeded.app/quiet/river/1557,Alert feed signal,False,2025-03-07 02:02:10,2025-03-28 10:29:22
1558,203,ESf1GL,https://relay.cloud/navy/valley/1558,Demo link uplink,False,2025-08-08 17:08:43,2025-10-17 21:00:00
1559,224,fukUbz,https://example.com/urban/zenith/1559,Incident notes engine,False,2025-04-26 00:54:40,2025-10-24 01:46:09
1560,328,J3n7NO,https://relay.cloud/rapid/canyon/1560,Alert feed signal,True,2025-01-02 04:26:55,2026-02-17 03:17:05
1561,271,hZk8CU,https://relay.cloud/cobalt/beacon/1561,Alert feed trail,True,2025-06-16 03:13:07,2025-07-13 19:55:59
1562,291,JXE0oJ,https://opswise.net/warm/yard/1562,Alert feed pioneer,True,2025-03-03 19:41:03,2025-09-21 10:25:44
1563,43,mqNdbZ,https://relay.cloud/opal/orbit/1563,Campaign page island,False,2025-09-02 00:13:47,2025-12-07 12:45:20
1564,366,W6SUg3,https://relay.cloud/navy/yard/1564,Service guide window,True,2025-08-01 04:44:28,2026-02-19 13:17:34
1565,224,SrxAHa,https://hackstack.io/ivory/lagoon/1565,Roadmap update meadow,True,2025-08-08 02:42:17,2025-12-12 01:15:46
1566,163,IdnUmB,https://relay.cloud/navy/zenith/1566,Quarterly brief delta,True,2025-09-16 13:13:44,2025-12-22 05:20:21
1567,164,F7pMao,https://acme.dev/harbor/field/1567,Ops review signal,True,2025-05-22 18:19:23,2025-07-31 12:08:22
1568,48,V7Hy81,https://opswise.net/ember/kernel/1568,Service guide signal,False,2025-07-20 18:11:29,2025-09-12 15:36:06
1569,34,HpiHYt,https://opswise.net/forest/field/1569,Ops review harvest,False,2025-11-26 06:13:46,2026-02-01 10:43:52
1570,371,StbDnF,https://example.com/proud/island/1570,Demo link engine,True,2025-10-21 13:55:34,2026-01-01 15:03:50
1571,140,fnSzKn,https://example.com/dawn/network/1571,Ops review anchor,True,2025-09-19 03:24:43,2025-11-02 02:44:51
1572,351,G3rvZD,https://relay.cloud/urban/trail/1572,Launch deck delta,True,2025-12-01 12:46:49,2025-12-15 05:34:56
1573,143,EJQ7pt,https://example.com/young/network/1573,Campaign page yard,True,2026-01-20 03:52:18,2026-01-23 13:41:58
1574,52,3uSrGC,https://example.com/proud/river/1574,Campaign page zenith,True,2025-05-03 00:55:52,2025-10-01 10:28:18
1575,128,lJj8tp,https://example.com/gold/beacon/1575,Status board quartz,True,2025-02-21 20:42:53,2025-05-25 22:46:03
1576,102,mAHOjK,https://opswise.net/calm/meadow/1576,Ops review island,True,2025-01-15 04:32:58,2025-09-09 21:08:33
1577,185,hbZtAg,https://example.com/quiet/garden/1577,Alert feed garden,False,2025-01-27 00:50:26,2025-11-26 18:37:49
1578,182,OPwU2p,https://hackstack.io/quiet/harvest/1578,Alert feed orbit,True,2026-01-24 19:43:58,2026-02-13 09:32:12
1579,50,6BrqvL,https://opswise.net/lively/field/1579,Alert feed network,True,2025-07-19 07:23:58,2026-01-15 10:54:06
1580,143,pSeDAm,https://opswise.net/dawn/beacon/1580,Demo link yard,True,2025-08-04 04:34:27,2025-10-31 18:55:52
1581,266,GL8Y1H,https://seeded.app/gold/anchor/1581,Quarterly brief window,True,2025-03-10 04:14:06,2025-10-08 01:08:37
1582,256,HojX0Z,https://hackstack.io/mellow/valley/1582,Incident notes valley,True,2025-06-01 09:36:42,2025-11-26 21:02:46
1583,235,JMDjdV,https://acme.dev/clear/signal/1583,Ops review meadow,False,2026-02-02 22:02:28,2026-02-17 02:56:15
1584,153,u2Q2g0,https://example.com/keen/trail/1584,Service guide island,True,2025-02-14 05:49:37,2025-07-17 03:24:55
1585,125,HzXkGr,https://example.com/opal/yard/1585,Demo link anchor,True,2025-11-14 12:34:32,2025-12-16 10:27:01
1586,50,LKES63,https://hackstack.io/dawn/river/1586,Service guide quartz,True,2025-06-04 05:47:13,2026-01-21 18:11:19
1587,359,Icv1P3,https://acme.dev/proud/network/1587,Ops review journey,True,2025-02-25 01:17:04,2025-09-26 10:24:10
1588,168,hAv9Zu,https://example.com/young/zenith/1588,Ops review orbit,False,2025-10-22 17:44:08,2025-12-29 02:30:40
1589,395,XhBwuI,https://acme.dev/brisk/signal/1589,Campaign page orbit,True,2025-07-03 14:19:49,2025-09-27 21:09:13
1590,68,oZGmru,https://hackstack.io/navy/zenith/1590,Alert feed zenith,False,2025-02-19 07:59:49,2025-12-01 07:07:12
1591,242,74ftwA,https://seeded.app/opal/harvest/1591,Demo link engine,True,2025-08-31 12:26:22,2026-02-01 12:24:48
1592,153,uU3d9w,https://example.com/keen/journey/1592,Quarterly brief uplink,False,2025-07-15 02:30:31,2025-11-09 00:57:25
1593,309,m2atJ3,https://relay.cloud/harbor/harvest/1593,Service guide river,True,2025-01-28 18:26:28,2025-12-17 08:22:24
1594,362,waxf6I,https://relay.cloud/navy/harvest/1594,Launch deck kernel,True,2025-09-03 02:37:34,2026-02-11 01:05:09
1595,90,qn0d3c,https://opswise.net/vivid/quartz/1595,Incident notes beacon,True,2025-03-09 19:37:53,2025-03-28 05:11:06
1596,292,iOcIaa,https://example.com/silver/kernel/1596,Launch deck trail,True,2025-05-17 07:18:30,2026-01-04 20:58:08
1597,123,fuatkg,https://example.com/jade/orbit/1597,Launch deck field,False,2026-01-26 03:02:05,2026-02-20 14:22:38
1598,171,EwsOtC,https://opswise.net/quiet/delta/1598,Alert feed meadow,True,2025-09-14 03:35:09,2026-02-18 22:21:38
1599,124,jW2waw,https://relay.cloud/rapid/trail/1599,Launch deck valley,False,2025-02-18 15:56:57,2025-09-04 00:28:28
1600,119,y6kvnK,https://acme.dev/keen/meadow/1600,Ops review field,True,2025-07-01 08:12:31,2025-11-21 19:59:19
1601,262,pAGhgQ,https://hackstack.io/calm/valley/1601,Demo link trail,True,2025-03-16 03:36:23,2025-12-09 22:16:12
1602,283,nVJcpr,https://relay.cloud/dawn/network/1602,Service guide orbit,True,2025-03-26 09:19:11,2025-11-24 17:06:46
1603,218,vgQfsg,https://hackstack.io/rapid/pioneer/1603,Status board valley,True,2025-08-29 23:36:40,2026-01-16 12:46:23
1604,335,ycuSxT,https://example.com/mellow/journey/1604,Service guide engine,True,2025-06-09 01:01:30,2025-07-18 05:01:01
1605,234,ip0do5,https://relay.cloud/navy/canyon/1605,Campaign page island,False,2025-08-26 22:39:46,2025-11-15 07:49:42
1606,207,wtE1sN,https://seeded.app/forest/window/1606,Quarterly brief river,True,2025-10-27 18:55:37,2025-11-17 08:47:41
1607,323,v6JRcM,https://opswise.net/jade/engine/1607,Roadmap update kernel,True,2025-07-24 09:21:54,2026-01-05 18:55:42
1608,289,7S2W05,https://opswise.net/gold/signal/1608,Quarterly brief island,True,2025-12-22 00:02:21,2026-01-30 21:57:47
1609,90,RWhpDT,https://opswise.net/clear/network/1609,Launch deck beacon,True,2025-01-22 17:12:39,2025-05-15 09:38:19
1610,362,K1TIGC,https://seeded.app/urban/orbit/1610,Campaign page window,True,2025-09-27 13:44:44,2026-01-03 05:27:55
1611,82,iSA3ts,https://example.com/opal/uplink/1611,Campaign page engine,False,2025-10-10 00:30:19,2026-01-03 23:47:16
1612,90,2wRfZy,https://seeded.app/young/journey/1612,Service guide harvest,True,2025-12-07 15:58:34,2025-12-20 12:53:55
1613,51,9ErStn,https://example.com/urban/engine/1613,Alert feed meadow,True,2026-01-03 19:53:51,2026-01-20 05:17:15
1614,333,7pXlyg,https://seeded.app/silver/harvest/1614,Ops review island,True,2025-06-09 22:40:57,2026-01-15 13:25:58
1615,351,W4dbaI,https://acme.dev/proud/yard/1615,Incident notes island,True,2025-10-31 02:02:46,2025-11-14 01:59:32
1616,57,nPKOGe,https://hackstack.io/amber/kernel/1616,Demo link kernel,True,2025-07-24 08:24:10,2025-09-30 03:57:00
1617,65,KRVTRK,https://acme.dev/calm/beacon/1617,Ops review journey,True,2026-01-08 21:52:18,2026-01-19 23:57:50
1618,232,zO1A8V,https://opswise.net/proud/pioneer/1618,Status board zenith,False,2025-09-28 03:43:48,2025-11-13 02:33:29
1619,30,776hSp,https://hackstack.io/mellow/trail/1619,Service guide valley,True,2025-11-26 04:43:38,2026-02-18 10:19:01
1620,209,HQYclf,https://opswise.net/clear/uplink/1620,Roadmap update orbit,True,2025-10-07 20:02:17,2025-12-29 20:09:47
1621,145,V9ndY5,https://opswise.net/ivory/zenith/1621,Alert feed quartz,True,2025-02-04 04:27:00,2025-10-04 14:18:10
1622,225,IadSfm,https://hackstack.io/jade/yard/1622,Incident notes delta,True,2025-10-09 07:04:52,2026-01-21 06:06:01
1623,365,Ym5S3g,https://seeded.app/dawn/field/1623,Status board journey,True,2025-02-07 14:39:26,2025-05-04 14:15:32
1624,25,CrSLAJ,https://seeded.app/mellow/valley/1624,Service guide anchor,True,2025-03-14 07:23:04,2025-08-25 15:20:43
1625,82,uRRlFl,https://opswise.net/opal/beacon/1625,Status board uplink,True,2025-09-19 15:08:16,2025-10-01 22:39:46
1626,35,022wfZ,https://seeded.app/forest/anchor/1626,Roadmap update quartz,False,2025-03-29 04:06:37,2025-05-14 21:18:47
1627,299,LdvqvO,https://seeded.app/navy/engine/1627,Ops review engine,True,2025-09-09 03:33:28,2026-01-05 07:15:56
1628,143,PPH026,https://acme.dev/quiet/harvest/1628,Quarterly brief quartz,True,2025-01-01 09:36:16,2025-01-23 15:22:13
1629,35,q4vrgp,https://example.com/young/beacon/1629,Roadmap update quartz,True,2025-02-16 21:01:10,2025-09-23 11:58:10
1630,188,F3V1U9,https://seeded.app/ember/river/1630,Launch deck orbit,True,2025-03-12 05:57:08,2025-12-14 14:19:49
1631,255,IK8JUl,https://opswise.net/ivory/uplink/1631,Demo link quartz,True,2025-10-07 08:14:06,2026-01-16 03:38:36
1632,218,Aj351q,https://opswise.net/vivid/beacon/1632,Launch deck lagoon,True,2025-11-20 06:30:42,2025-12-05 18:15:32
1633,70,NG1Q82,https://example.com/proud/window/1633,Roadmap update uplink,True,2025-08-21 14:46:49,2025-10-01 11:15:00
1634,174,FBqfIW,https://hackstack.io/cobalt/lagoon/1634,Incident notes window,True,2025-02-03 15:39:03,2025-11-11 09:42:54
1635,1,0L3RQn,https://acme.dev/calm/river/1635,Campaign page field,True,2025-02-01 20:05:10,2025-02-16 15:53:38
1636,153,G3Ccoo,https://opswise.net/jade/zenith/1636,Incident notes network,True,2025-11-18 19:46:33,2026-01-25 02:36:37
1637,395,yowKoR,https://example.com/young/quartz/1637,Ops review network,True,2025-11-17 11:20:11,2025-12-05 14:30:01
1638,384,iGcFnO,https://hackstack.io/urban/kernel/1638,Ops review zenith,True,2025-12-15 14:05:37,2026-01-12 08:49:20
1639,108,PaEA8o,https://seeded.app/quiet/harvest/1639,Demo link engine,False,2025-07-24 05:17:53,2026-01-25 14:30:09
1640,226,5jUZsR,https://relay.cloud/warm/engine/1640,Quarterly brief kernel,True,2025-05-28 21:24:34,2025-10-08 08:20:08
1641,296,Eavumm,https://acme.dev/cobalt/anchor/1641,Incident notes journey,True,2025-10-10 03:51:39,2025-10-11 02:44:30
1642,119,ZpMasu,https://seeded.app/silver/anchor/1642,Status board river,False,2025-10-22 00:55:46,2025-12-27 04:51:00
1643,81,JvgVdy,https://example.com/keen/quartz/1643,Ops review anchor,True,2026-01-01 09:23:02,2026-02-15 12:15:39
1644,184,WgnKSg,https://hackstack.io/quiet/uplink/1644,Demo link pioneer,False,2025-05-11 12:20:24,2025-12-29 23:22:35
1645,202,Z47c9N,https://hackstack.io/lively/zenith/1645,Status board harvest,False,2025-04-14 06:06:21,2025-05-24 10:21:33
1646,38,rZzovc,https://hackstack.io/mellow/lagoon/1646,Status board lagoon,True,2026-01-05 16:54:28,2026-01-22 01:28:30
1647,365,1Vcio5,https://example.com/amber/valley/1647,Roadmap update garden,True,2025-03-07 21:40:37,2025-11-16 19:36:10
1648,140,QekvKn,https://acme.dev/tidy/anchor/1648,Ops review orbit,True,2025-01-19 16:26:16,2025-02-18 01:30:59
1649,343,5woJ4O,https://relay.cloud/quiet/zenith/1649,Campaign page field,True,2025-01-10 11:04:29,2025-03-17 19:49:50
1650,373,kGCYYM,https://seeded.app/proud/beacon/1650,Status board meadow,True,2025-04-30 11:52:50,2025-06-10 20:33:10
1651,235,GHBEMO,https://seeded.app/clear/meadow/1651,Campaign page meadow,True,2025-11-30 07:55:31,2025-12-25 14:21:32
1652,265,1npKHM,https://seeded.app/young/valley/1652,Alert feed canyon,True,2025-09-20 15:22:50,2026-02-02 22:10:47
1653,375,xKEOkN,https://opswise.net/mellow/quartz/1653,Alert feed zenith,True,2025-12-21 20:02:24,2026-01-02 00:48:59
1654,360,gzvIUN,https://acme.dev/navy/meadow/1654,Status board kernel,True,2025-09-28 09:16:47,2026-02-15 14:00:21
1655,11,BtprLP,https://seeded.app/warm/yard/1655,Launch deck beacon,False,2025-12-28 23:31:07,2026-02-13 14:33:00
1656,81,j13zVO,https://seeded.app/opal/journey/1656,Service guide canyon,True,2025-03-04 15:28:55,2025-09-29 13:18:31
1657,119,HqFRPM,https://seeded.app/gold/beacon/1657,Ops review orbit,True,2026-02-02 18:45:32,2026-02-05 07:29:13
1658,315,L7IgEp,https://acme.dev/cobalt/garden/1658,Quarterly brief kernel,False,2025-12-24 23:34:05,2026-01-06 05:26:41
1659,21,qOZf0p,https://opswise.net/dawn/network/1659,Quarterly brief journey,True,2025-12-17 11:06:59,2025-12-22 23:48:41
1660,153,Nyt6Rc,https://opswise.net/vivid/orbit/1660,Status board lagoon,True,2025-05-20 12:47:54,2025-07-01 06:34:43
1661,22,LnrkGa,https://seeded.app/navy/kernel/1661,Service guide zenith,True,2026-02-14 02:42:28,2026-02-19 04:33:17
1662,250,2PJTVm,https://hackstack.io/warm/zenith/1662,Roadmap update quartz,True,2026-02-17 04:34:41,2026-02-18 17:35:17
1663,122,W8RQv5,https://acme.dev/vivid/valley/1663,Quarterly brief zenith,True,2025-09-07 01:25:13,2026-02-20 06:37:24
1664,158,ye5XtJ,https://opswise.net/ember/yard/1664,Service guide signal,True,2025-01-03 19:45:35,2025-05-02 15:24:30
1665,191,JDCzHe,https://example.com/lively/canyon/1665,Status board window,True,2025-01-28 03:50:45,2026-01-23 22:48:18
1666,64,66C5sG,https://opswise.net/warm/lagoon/1666,Incident notes signal,True,2025-01-09 13:22:41,2025-10-02 02:32:38
1667,315,fv1xpS,https://example.com/gold/meadow/1667,Roadmap update orbit,True,2025-04-08 09:38:02,2025-12-04 06:36:27
1668,33,EHOjWv,https://relay.cloud/ivory/meadow/1668,Incident notes zenith,True,2025-12-01 06:13:23,2026-01-16 18:12:47
1669,173,KCna7r,https://hackstack.io/tidy/yard/1669,Launch deck island,True,2025-11-25 16:33:26,2026-02-09 20:40:22
1670,70,wmsI7H,https://opswise.net/vivid/engine/1670,Campaign page island,True,2025-09-09 07:20:08,2025-10-29 02:22:18
1671,60,tvy2Hd,https://seeded.app/vivid/harvest/1671,Campaign page garden,True,2025-03-26 19:52:20,2025-04-16 01:54:40
1672,229,H0X0Qh,https://example.com/keen/garden/1672,Status board field,True,2025-12-18 04:14:36,2026-02-18 08:49:27
1673,173,OykRlL,https://relay.cloud/brisk/meadow/1673,Quarterly brief beacon,True,2025-11-21 02:32:38,2025-12-05 17:00:38
1674,235,tDUunG,https://relay.cloud/proud/engine/1674,Incident notes valley,True,2025-11-08 08:24:26,2026-01-14 09:48:22
1675,147,m97qAs,https://relay.cloud/tidy/river/1675,Campaign page yard,False,2025-05-26 04:29:00,2025-12-18 02:10:55
1676,5,DywFPI,https://seeded.app/quiet/river/1676,Status board island,True,2025-09-24 13:38:45,2026-01-28 06:37:56
1677,13,ZXgns4,https://acme.dev/jade/valley/1677,Campaign page kernel,True,2026-01-29 14:49:49,2026-02-13 00:44:26
1678,277,1TF7vA,https://opswise.net/clear/trail/1678,Campaign page quartz,True,2025-06-01 11:06:28,2025-12-14 11:13:03
1679,87,e1jx7p,https://seeded.app/rapid/pioneer/1679,Alert feed meadow,False,2025-06-05 16:09:51,2025-06-11 12:06:33
1680,280,64Fju0,https://hackstack.io/quiet/quartz/1680,Launch deck engine,True,2025-05-09 06:43:37,2025-06-22 07:41:02
1681,309,wCMW0R,https://seeded.app/harbor/window/1681,Ops review canyon,True,2025-11-27 16:39:59,2026-01-26 14:31:41
1682,310,4BI8UD,https://opswise.net/gold/beacon/1682,Quarterly brief beacon,True,2026-01-14 00:55:37,2026-02-12 13:08:23
1683,368,ekKUbj,https://seeded.app/proud/beacon/1683,Status board window,True,2025-08-22 15:45:29,2025-12-27 22:58:36
1684,395,oZPKmB,https://hackstack.io/jade/trail/1684,Alert feed zenith,True,2025-10-09 06:11:26,2025-10-20 07:56:47
1685,151,4KBwIB,https://seeded.app/clear/valley/1685,Service guide field,True,2025-12-14 14:17:20,2025-12-21 11:56:14
1686,87,QbVxD3,https://example.com/dawn/trail/1686,Demo link zenith,True,2025-02-16 22:29:55,2025-07-07 12:28:12
1687,294,EiNOM6,https://relay.cloud/gold/river/1687,Service guide garden,True,2025-02-20 22:03:55,2025-03-24 00:53:26
1688,311,YIfGrr,https://seeded.app/urban/anchor/1688,Alert feed window,True,2025-08-24 19:12:06,2025-11-21 20:37:37
1689,229,XKWOYz,https://acme.dev/vivid/harvest/1689,Alert feed anchor,True,2025-10-10 04:23:18,2025-10-15 21:47:46
1690,152,E9XqN3,https://example.com/urban/quartz/1690,Roadmap update lagoon,True,2025-11-11 18:08:55,2025-12-17 00:51:01
1691,223,pf7G7k,https://opswise.net/harbor/zenith/1691,Incident notes trail,False,2025-03-19 20:50:37,2026-01-02 19:06:28
1692,386,CjY3MJ,https://example.com/navy/harvest/1692,Campaign page harvest,True,2025-01-07 07:01:36,2025-04-14 19:00:24
1693,261,VH68eL,https://example.com/quiet/kernel/1693,Ops review canyon,True,2025-11-23 21:37:05,2025-11-26 10:24:40
1694,128,g8LmRa,https://opswise.net/clear/meadow/1694,Alert feed pioneer,False,2025-06-03 02:31:12,2026-02-17 19:07:50
1695,73,MTa9P8,https://hackstack.io/harbor/uplink/1695,Quarterly brief journey,True,2025-06-10 18:19:30,2025-09-09 04:28:31
1696,104,XMYyY0,https://opswise.net/jade/quartz/1696,Roadmap update garden,True,2025-01-01 00:33:30,2025-12-28 12:54:06
1697,22,Vqx7Lu,https://seeded.app/opal/anchor/1697,Quarterly brief signal,False,2025-07-02 23:43:44,2025-11-14 02:06:37
1698,337,nCtBQh,https://example.com/ivory/field/1698,Launch deck lagoon,True,2025-07-20 02:59:08,2025-11-16 10:02:18
1699,353,Y2kwXk,https://opswise.net/harbor/signal/1699,Service guide trail,True,2025-09-07 06:02:51,2025-11-28 07:30:06
1700,208,cWc6Gj,https://hackstack.io/cobalt/signal/1700,Launch deck pioneer,True,2025-12-27 13:17:42,2026-02-04 11:22:56
1701,130,ZjkTwx,https://hackstack.io/harbor/journey/1701,Service guide anchor,False,2025-11-13 07:27:20,2026-02-01 04:14:38
1702,270,Oqk5af,https://acme.dev/amber/garden/1702,Ops review quartz,True,2025-04-21 07:05:42,2025-06-20 09:08:20
1703,352,yipBny,https://acme.dev/amber/valley/1703,Campaign page garden,True,2025-02-11 09:13:56,2025-02-16 22:34:48
1704,45,cJI9Nr,https://acme.dev/proud/orbit/1704,Roadmap update engine,False,2025-06-10 00:19:52,2025-11-12 14:54:59
1705,105,ABwSZd,https://hackstack.io/tidy/journey/1705,Launch deck yard,True,2025-02-06 14:21:58,2025-04-21 06:06:17
1706,168,mQyxP0,https://hackstack.io/jade/river/1706,Campaign page garden,True,2025-05-19 19:09:03,2025-07-29 19:51:49
1707,393,YnkFPr,https://hackstack.io/proud/harvest/1707,Demo link canyon,True,2025-04-10 18:15:17,2025-12-10 10:56:16
1708,301,48Y8Nj,https://example.com/rapid/network/1708,Alert feed anchor,True,2026-01-02 15:57:30,2026-01-20 19:06:43
1709,120,IB5cHQ,https://hackstack.io/harbor/anchor/1709,Quarterly brief garden,True,2025-04-18 23:21:36,2026-01-15 10:03:04
1710,363,Ubniip,https://opswise.net/clear/valley/1710,Campaign page engine,True,2025-09-23 18:31:40,2026-01-13 19:05:04
1711,79,LI8bn9,https://seeded.app/proud/valley/1711,Alert feed island,True,2025-11-16 04:36:40,2025-11-19 19:12:26
1712,62,C0xamu,https://example.com/amber/harvest/1712,Incident notes orbit,True,2025-01-20 15:20:55,2025-03-24 18:31:00
1713,344,jqhQtz,https://example.com/keen/kernel/1713,Alert feed delta,True,2025-06-04 14:30:37,2026-01-07 06:19:25
1714,135,1wny96,https://opswise.net/young/anchor/1714,Demo link anchor,True,2025-04-11 00:10:29,2025-10-19 18:02:32
1715,353,oX8MKZ,https://relay.cloud/cobalt/quartz/1715,Launch deck meadow,True,2025-09-29 02:27:10,2025-10-05 01:10:38
1716,221,oQWF8X,https://acme.dev/mellow/orbit/1716,Quarterly brief garden,True,2025-02-23 00:05:21,2026-01-14 07:38:49
1717,78,Ywhjax,https://acme.dev/warm/quartz/1717,Launch deck field,True,2026-01-27 03:35:56,2026-02-19 07:34:48
1718,132,fAMZEb,https://hackstack.io/ember/garden/1718,Launch deck harvest,True,2025-04-07 15:20:19,2025-10-21 08:39:46
1719,251,VDqazP,https://hackstack.io/urban/yard/1719,Quarterly brief engine,True,2025-04-30 23:40:16,2025-10-03 01:38:21
1720,246,fwdfqw,https://opswise.net/amber/trail/1720,Alert feed meadow,True,2025-06-09 02:25:27,2025-08-09 10:34:47
1721,24,PoihRx,https://hackstack.io/vivid/yard/1721,Campaign page beacon,True,2025-09-01 05:39:54,2025-10-10 01:26:44
1722,394,08S6tC,https://seeded.app/ivory/meadow/1722,Roadmap update journey,False,2025-07-04 20:56:21,2025-09-18 22:49:03
1723,347,NAOZUi,https://relay.cloud/gold/engine/1723,Status board signal,True,2025-03-20 23:21:21,2025-04-04 20:01:04
1724,197,gdUH8y,https://example.com/urban/river/1724,Demo link zenith,True,2025-10-22 12:04:54,2025-10-27 15:06:01
1725,344,cC7Wwy,https://seeded.app/forest/network/1725,Alert feed harvest,True,2025-04-11 23:08:05,2026-01-21 04:03:59
1726,75,XMuwCE,https://example.com/gold/network/1726,Alert feed yard,True,2025-02-16 11:00:08,2026-01-01 12:43:19
1727,15,XvmCWy,https://example.com/rapid/river/1727,Demo link quartz,True,2025-09-16 23:14:10,2025-11-28 22:36:05
1728,245,fV88pG,https://acme.dev/keen/trail/1728,Service guide lagoon,True,2025-06-23 18:13:55,2026-01-28 22:24:53
1729,253,RDnerC,https://opswise.net/gold/meadow/1729,Ops review engine,True,2025-10-05 06:33:32,2026-02-08 12:41:32
1730,294,NcRvNX,https://opswise.net/rapid/anchor/1730,Ops review zenith,True,2025-12-14 15:54:43,2026-02-01 04:15:11
1731,128,CqJ4ez,https://example.com/harbor/garden/1731,Alert feed journey,True,2025-07-15 08:34:30,2025-08-13 12:53:56
1732,183,q9fHBe,https://acme.dev/navy/meadow/1732,Incident notes delta,False,2025-01-04 16:50:18,2025-01-18 03:42:25
1733,264,sUEkdL,https://relay.cloud/calm/beacon/1733,Status board trail,True,2025-06-13 08:13:27,2025-11-08 13:50:24
1734,163,gebYvV,https://seeded.app/amber/beacon/1734,Launch deck engine,True,2026-02-20 17:11:37,2026-02-20 19:51:32
1735,316,FrRvTP,https://relay.cloud/urban/meadow/1735,Service guide window,False,2026-02-18 12:31:48,2026-02-19 11:09:11
1736,278,ZUb6cm,https://hackstack.io/keen/lagoon/1736,Demo link network,True,2026-01-26 11:42:19,2026-02-01 04:01:21
1737,378,Ks4Hth,https://seeded.app/ember/beacon/1737,Launch deck quartz,True,2025-10-18 11:00:52,2026-01-20 17:49:42
1738,296,VU4ieY,https://example.com/warm/valley/1738,Alert feed harvest,False,2025-12-02 15:53:14,2025-12-13 01:32:37
1739,38,Yzz8I8,https://opswise.net/dawn/beacon/1739,Quarterly brief trail,True,2025-04-02 00:37:05,2026-02-17 10:50:46
1740,382,l71f2Z,https://seeded.app/ember/anchor/1740,Service guide beacon,True,2026-01-22 10:53:38,2026-02-20 06:59:46
1741,159,lOIner,https://relay.cloud/clear/meadow/1741,Ops review trail,True,2025-05-01 17:50:03,2025-09-17 11:19:22
1742,392,hYrteX,https://relay.cloud/cobalt/canyon/1742,Demo link delta,True,2025-03-25 23:03:49,2025-09-22 04:01:56
1743,235,jfUJIp,https://opswise.net/cobalt/zenith/1743,Service guide kernel,True,2025-02-14 09:06:39,2025-04-17 20:34:16
1744,390,CreuAw,https://hackstack.io/tidy/network/1744,Incident notes orbit,True,2025-12-10 02:12:28,2026-02-05 19:25:11
1745,383,oXhj6g,https://relay.cloud/dawn/pioneer/1745,Service guide river,False,2025-02-04 17:16:20,2025-02-16 00:13:19
1746,36,F1nwQP,https://example.com/brisk/delta/1746,Campaign page harvest,True,2025-04-27 10:27:05,2026-01-13 09:29:26
1747,381,0qepSl,https://acme.dev/forest/field/1747,Status board anchor,True,2025-05-14 12:37:06,2026-02-10 07:46:49
1748,285,UDqEGs,https://relay.cloud/mellow/field/1748,Roadmap update meadow,True,2025-09-25 10:25:45,2025-12-25 19:24:39
1749,64,p2CPqA,https://seeded.app/harbor/harvest/1749,Campaign page field,True,2025-01-05 02:03:00,2025-03-21 06:42:34
1750,366,8iJfax,https://seeded.app/cobalt/signal/1750,Campaign page orbit,True,2025-02-16 00:48:41,2025-03-13 18:54:20
1751,400,zqvlm2,https://opswise.net/dawn/lagoon/1751,Ops review zenith,True,2025-01-17 00:03:26,2025-08-08 04:30:53
1752,294,x1sy0r,https://example.com/cobalt/harvest/1752,Roadmap update yard,True,2025-10-25 12:18:47,2025-11-01 09:41:13
1753,152,JEiM8q,https://relay.cloud/ember/valley/1753,Roadmap update yard,True,2025-08-28 07:56:23,2025-12-09 18:59:04
1754,1,rojFrU,https://hackstack.io/rapid/island/1754,Ops review signal,True,2025-03-06 14:15:29,2025-09-28 20:27:02
1755,24,APO22i,https://example.com/jade/kernel/1755,Launch deck network,True,2026-01-01 08:32:45,2026-02-18 22:04:44
1756,293,lpR1bg,https://hackstack.io/rapid/uplink/1756,Launch deck window,True,2025-10-28 16:18:19,2026-01-18 19:38:14
1757,257,fb9zCk,https://relay.cloud/clear/anchor/1757,Roadmap update kernel,True,2025-02-20 16:55:57,2026-01-07 01:31:28
1758,10,fNYHjY,https://relay.cloud/urban/valley/1758,Demo link delta,False,2025-06-26 06:16:35,2025-11-29 18:53:33
1759,280,JKslGl,https://hackstack.io/calm/orbit/1759,Status board canyon,True,2026-01-20 00:12:07,2026-02-13 01:53:06
1760,67,VKre2l,https://acme.dev/tidy/network/1760,Quarterly brief canyon,True,2025-08-16 07:53:54,2026-02-17 18:23:08
1761,104,kEJ1bg,https://relay.cloud/navy/zenith/1761,Campaign page field,True,2026-01-11 19:59:22,2026-02-17 02:45:26
1762,360,51zNUZ,https://relay.cloud/opal/field/1762,Roadmap update trail,True,2025-03-21 14:47:07,2025-09-27 21:01:18
1763,278,IjhYUl,https://acme.dev/vivid/garden/1763,Ops review meadow,True,2025-08-13 12:09:29,2025-09-11 18:39:36
1764,298,6sWIuj,https://hackstack.io/lively/garden/1764,Alert feed valley,True,2025-05-29 17:44:00,2025-10-26 13:16:44
1765,165,v06uYe,https://opswise.net/clear/harvest/1765,Demo link orbit,True,2025-10-20 18:20:19,2025-11-18 15:18:06
1766,17,0kmjA8,https://acme.dev/mellow/engine/1766,Demo link quartz,True,2025-09-10 06:20:10,2025-12-22 11:15:21
1767,26,ew7OGC,https://relay.cloud/mellow/orbit/1767,Ops review signal,True,2025-06-11 07:22:15,2025-10-04 19:26:27
1768,280,r2E2g8,https://hackstack.io/rapid/network/1768,Status board engine,True,2025-08-29 10:30:32,2025-12-18 10:29:31
1769,266,2s3PjO,https://example.com/mellow/uplink/1769,Launch deck signal,False,2025-04-25 01:26:16,2025-05-11 22:57:43
1770,160,4DjxVm,https://hackstack.io/ivory/orbit/1770,Status board uplink,True,2025-01-13 02:37:15,2025-02-22 06:00:59
1771,317,nej06y,https://seeded.app/navy/harvest/1771,Alert feed orbit,True,2025-09-22 07:25:52,2025-12-19 02:24:26
1772,334,VDqvFZ,https://seeded.app/ember/canyon/1772,Campaign page valley,True,2025-05-17 13:41:03,2025-11-06 12:51:45
1773,181,KVygm7,https://acme.dev/keen/engine/1773,Demo link engine,True,2025-07-25 20:22:42,2025-11-21 02:35:26
1774,235,AHrkzJ,https://acme.dev/rapid/valley/1774,Ops review trail,True,2025-08-19 14:29:45,2025-11-20 19:47:47
1775,346,NxbkAn,https://relay.cloud/opal/field/1775,Quarterly brief window,False,2026-01-04 20:25:23,2026-01-14 18:21:57
1776,370,KPcWP0,https://opswise.net/rapid/lagoon/1776,Campaign page island,True,2025-08-24 14:27:08,2025-09-08 11:54:33
1777,268,jeSaiS,https://relay.cloud/brisk/signal/1777,Demo link signal,True,2026-02-06 10:47:42,2026-02-08 03:18:15
1778,267,3HWs3I,https://relay.cloud/amber/anchor/1778,Roadmap update lagoon,True,2025-10-31 18:49:38,2026-02-07 13:39:18
1779,10,GxrJQ5,https://example.com/ivory/lagoon/1779,Incident notes uplink,False,2026-02-20 13:12:41,2026-02-20 17:59:13
1780,392,Mt0edX,https://hackstack.io/proud/engine/1780,Demo link valley,True,2025-04-18 15:57:47,2026-01-05 09:10:52
1781,50,6vSiFP,https://relay.cloud/clear/signal/1781,Roadmap update meadow,True,2026-01-17 22:53:13,2026-01-28 02:53:09
1782,324,2xLSNs,https://acme.dev/vivid/garden/1782,Quarterly brief pioneer,False,2025-05-28 08:14:31,2025-08-21 12:40:49
1783,121,pFCPrz,https://opswise.net/opal/window/1783,Quarterly brief anchor,True,2026-01-24 21:11:49,2026-02-05 14:12:54
1784,295,5lny2O,https://seeded.app/cobalt/garden/1784,Campaign page uplink,True,2025-02-20 03:26:20,2025-07-17 00:37:15
1785,24,r9Ttum,https://opswise.net/mellow/meadow/1785,Quarterly brief pioneer,False,2025-11-28 16:51:19,2025-12-28 13:04:04
1786,399,daN0oK,https://seeded.app/clear/uplink/1786,Launch deck orbit,True,2025-01-20 22:40:44,2026-02-11 01:54:30
1787,352,CV8jJi,https://example.com/rapid/harvest/1787,Alert feed canyon,True,2025-03-18 09:30:58,2025-10-26 10:02:02
1788,61,6JHyyI,https://seeded.app/ivory/pioneer/1788,Launch deck harvest,True,2025-11-24 22:08:35,2026-02-15 14:16:37
1789,30,7uaqzh,https://seeded.app/mellow/beacon/1789,Ops review lagoon,False,2025-09-30 08:18:10,2025-10-14 21:19:34
1790,311,68eCtD,https://example.com/keen/river/1790,Service guide lagoon,True,2026-01-29 18:12:05,2026-02-16 01:04:17
1791,33,5sAI9R,https://opswise.net/young/river/1791,Roadmap update trail,True,2025-02-24 21:28:38,2025-06-19 21:59:12
1792,182,fJoUMm,https://opswise.net/warm/island/1792,Launch deck meadow,True,2026-01-30 14:58:21,2026-02-01 00:13:25
1793,176,aG2S16,https://opswise.net/amber/garden/1793,Roadmap update canyon,False,2025-04-11 10:50:56,2025-06-17 13:12:21
1794,235,dy59En,https://example.com/mellow/engine/1794,Incident notes trail,True,2025-12-28 00:20:09,2026-01-04 10:04:01
1795,237,lvx4uP,https://relay.cloud/young/quartz/1795,Quarterly brief orbit,True,2025-10-02 16:15:49,2025-11-07 06:44:28
1796,104,cV0vCK,https://relay.cloud/silver/canyon/1796,Alert feed engine,True,2025-05-07 02:51:33,2025-09-24 09:50:41
1797,46,QT1Wgf,https://acme.dev/ivory/island/1797,Roadmap update uplink,True,2025-01-19 18:09:40,2025-06-23 20:30:27
1798,167,JRHIVw,https://hackstack.io/harbor/meadow/1798,Campaign page valley,True,2025-10-30 22:12:34,2026-01-12 10:36:14
1799,199,y6wk7k,https://hackstack.io/ivory/signal/1799,Alert feed window,True,2025-02-01 13:51:00,2026-01-08 16:35:23
1800,93,flpkIC,https://hackstack.io/proud/trail/1800,Alert feed beacon,True,2025-03-10 14:02:50,2025-10-16 06:11:13
1801,48,4ESstS,https://seeded.app/brisk/harvest/1801,Incident notes uplink,True,2025-01-17 13:51:41,2025-04-19 02:45:52
1802,215,xNw8Wx,https://hackstack.io/proud/meadow/1802,Status board island,True,2025-04-19 07:49:46,2026-01-13 12:28:02
1803,16,VeJDps,https://opswise.net/jade/network/1803,Service guide network,True,2025-04-08 16:01:34,2026-01-06 15:52:32
1804,13,JEMXbm,https://opswise.net/proud/delta/1804,Service guide orbit,False,2026-02-10 20:39:29,2026-02-19 01:22:17
1805,89,8jmkLP,https://opswise.net/warm/river/1805,Status board uplink,True,2025-07-28 14:49:40,2025-10-17 15:07:15
1806,178,d0hJFh,https://opswise.net/clear/valley/1806,Service guide uplink,True,2025-01-15 13:20:34,2025-10-07 18:19:31
1807,271,4oWfZw,https://relay.cloud/keen/meadow/1807,Launch deck trail,True,2025-11-24 05:31:32,2025-11-26 10:54:00
1808,396,Rw5gPI,https://seeded.app/amber/yard/1808,Service guide island,False,2025-06-25 20:22:24,2025-08-31 07:02:24
1809,4,o5UC8d,https://example.com/vivid/canyon/1809,Launch deck kernel,False,2025-11-11 15:35:00,2025-12-11 15:46:21
1810,375,ZCmO45,https://relay.cloud/harbor/garden/1810,Ops review anchor,True,2025-05-04 19:02:40,2025-08-08 01:18:21
1811,390,r39GEv,https://relay.cloud/rapid/zenith/1811,Incident notes canyon,True,2026-01-12 13:23:34,2026-01-30 06:05:35
1812,385,YeqIoM,https://opswise.net/jade/field/1812,Roadmap update field,False,2025-12-11 19:13:30,2026-02-17 04:31:04
1813,266,SkXEXt,https://acme.dev/keen/journey/1813,Quarterly brief anchor,True,2026-01-23 01:25:01,2026-02-08 09:56:33
1814,179,GbNA0F,https://example.com/urban/window/1814,Demo link trail,True,2025-09-27 23:25:17,2025-12-06 16:14:37
1815,221,Igl0HJ,https://opswise.net/calm/garden/1815,Roadmap update orbit,True,2025-02-10 13:53:18,2025-10-11 22:29:05
1816,344,Q1odN2,https://opswise.net/ember/field/1816,Launch deck trail,False,2025-08-22 20:46:19,2025-09-05 23:31:56
1817,6,yqtrv4,https://example.com/harbor/field/1817,Launch deck beacon,False,2025-02-06 02:11:04,2025-04-25 08:53:59
1818,194,oIy9jJ,https://opswise.net/harbor/beacon/1818,Launch deck journey,True,2025-03-30 08:43:10,2025-07-02 19:51:19
1819,160,rf201r,https://seeded.app/harbor/zenith/1819,Roadmap update window,False,2025-05-30 13:24:39,2025-07-05 14:53:16
1820,145,K7Ic2A,https://hackstack.io/jade/harvest/1820,Ops review yard,True,2025-05-23 04:35:32,2025-09-24 06:49:06
1821,327,nuvBZ0,https://example.com/rapid/yard/1821,Status board trail,True,2025-06-21 07:13:05,2025-10-03 08:30:24
1822,4,IKmbUh,https://seeded.app/vivid/trail/1822,Demo link yard,True,2025-05-10 12:55:05,2025-08-14 10:52:41
1823,21,ltl8hb,https://hackstack.io/warm/pioneer/1823,Alert feed beacon,True,2025-12-07 00:58:00,2026-01-19 11:58:11
1824,355,XPIVyc,https://hackstack.io/tidy/harvest/1824,Service guide pioneer,False,2025-11-02 15:43:31,2025-12-08 12:44:36
1825,91,S3aXNB,https://seeded.app/forest/pioneer/1825,Alert feed signal,True,2026-02-19 03:13:37,2026-02-19 08:15:20
1826,68,sHQvca,https://example.com/clear/trail/1826,Ops review network,False,2025-04-07 09:31:59,2025-12-09 07:39:10
1827,209,4lFSb4,https://example.com/warm/engine/1827,Ops review harvest,False,2025-04-10 21:45:47,2025-10-25 19:36:43
1828,184,HbHBmN,https://acme.dev/clear/signal/1828,Ops review field,True,2025-02-27 07:03:39,2025-03-15 11:54:14
1829,33,A5OYUx,https://example.com/lively/valley/1829,Quarterly brief river,True,2025-08-04 14:12:12,2025-11-19 01:06:18
1830,315,iMNBJu,https://relay.cloud/navy/quartz/1830,Service guide lagoon,False,2025-12-04 04:38:28,2026-01-13 16:51:20
1831,42,Witbhg,https://seeded.app/ivory/kernel/1831,Service guide meadow,True,2026-01-20 20:01:19,2026-02-01 02:05:29
1832,276,t82dwF,https://opswise.net/amber/lagoon/1832,Alert feed garden,False,2025-02-28 22:25:54,2026-01-29 17:24:53
1833,321,0JCi8T,https://relay.cloud/gold/garden/1833,Launch deck yard,True,2025-03-23 23:20:55,2025-04-14 05:29:20
1834,65,tsCRfr,https://seeded.app/vivid/orbit/1834,Incident notes journey,True,2025-10-29 00:47:40,2025-12-04 11:17:25
1835,272,FKzIGe,https://hackstack.io/navy/canyon/1835,Launch deck island,True,2025-11-18 17:13:44,2025-12-24 18:26:31
1836,118,PjCPka,https://acme.dev/vivid/uplink/1836,Roadmap update zenith,True,2025-06-28 09:03:54,2026-01-26 00:20:21
1837,203,rRzq9o,https://example.com/gold/beacon/1837,Status board river,True,2025-12-04 07:37:11,2026-01-22 12:40:15
1838,259,2D54cl,https://seeded.app/young/harvest/1838,Roadmap update journey,True,2025-11-03 21:40:35,2025-12-24 04:56:08
1839,218,iTOaTx,https://hackstack.io/tidy/network/1839,Campaign page field,True,2026-02-15 21:53:03,2026-02-17 16:20:06
1840,46,QpV1d3,https://hackstack.io/calm/field/1840,Ops review quartz,False,2025-06-08 01:25:09,2025-09-19 13:27:52
1841,210,OqpNN3,https://opswise.net/urban/orbit/1841,Demo link network,True,2025-01-13 12:45:11,2025-10-27 03:07:05
1842,351,RPwIfP,https://hackstack.io/calm/canyon/1842,Demo link network,True,2025-06-15 12:12:36,2025-10-30 03:35:59
1843,194,ATop3f,https://opswise.net/quiet/meadow/1843,Campaign page trail,True,2025-01-23 16:48:28,2025-11-04 18:46:49
1844,81,QbPiA1,https://relay.cloud/calm/canyon/1844,Launch deck field,True,2025-06-11 09:53:35,2025-06-23 07:52:31
1845,325,SXVROv,https://seeded.app/rapid/trail/1845,Alert feed network,True,2025-05-14 18:07:18,2025-07-12 15:58:27
1846,373,xjsfmH,https://seeded.app/amber/window/1846,Quarterly brief meadow,True,2025-08-21 00:53:46,2025-12-08 22:42:22
1847,131,82ZXr6,https://opswise.net/jade/pioneer/1847,Ops review orbit,True,2025-09-24 18:09:07,2025-10-24 13:16:10
1848,9,rp5Clq,https://opswise.net/dawn/window/1848,Campaign page canyon,True,2025-02-16 11:50:33,2025-05-29 21:46:11
1849,368,ueV3Ey,https://acme.dev/navy/pioneer/1849,Ops review river,True,2025-10-25 20:53:48,2025-12-14 07:13:15
1850,356,bjtI5f,https://acme.dev/rapid/garden/1850,Alert feed quartz,False,2025-06-30 14:44:27,2026-01-23 22:23:16
1851,391,wl0kmv,https://acme.dev/ember/delta/1851,Service guide trail,True,2025-05-04 12:42:54,2025-10-19 21:45:19
1852,150,36DzZF,https://relay.cloud/young/harvest/1852,Incident notes delta,True,2025-08-18 13:22:24,2025-11-18 09:45:28
1853,58,3ocybn,https://seeded.app/forest/field/1853,Incident notes engine,True,2025-09-19 01:44:04,2025-09-24 09:55:49
1854,344,x8AVRB,https://relay.cloud/urban/anchor/1854,Alert feed river,True,2025-08-11 19:25:17,2025-12-05 11:47:01
1855,41,5gYXTD,https://example.com/clear/valley/1855,Incident notes river,True,2025-10-11 11:06:35,2026-02-16 10:22:25
1856,196,RfpXfx,https://relay.cloud/jade/window/1856,Incident notes anchor,False,2025-10-28 15:36:49,2025-12-02 10:21:40
1857,391,9g4Bcn,https://example.com/forest/engine/1857,Demo link beacon,True,2025-02-18 14:17:58,2025-12-18 18:21:48
1858,309,fmMA61,https://seeded.app/keen/lagoon/1858,Alert feed yard,True,2025-08-10 23:18:42,2025-09-25 01:58:16
1859,19,jiV20o,https://acme.dev/warm/river/1859,Quarterly brief meadow,True,2026-02-16 12:22:14,2026-02-17 07:42:06
1860,234,L8kH9b,https://relay.cloud/forest/field/1860,Roadmap update valley,True,2026-02-09 11:21:48,2026-02-18 15:29:27
1861,169,tYcz9O,https://opswise.net/ivory/garden/1861,Roadmap update kernel,False,2025-09-30 19:22:25,2025-11-12 14:34:58
1862,207,70WRrh,https://acme.dev/tidy/lagoon/1862,Incident notes trail,False,2025-04-10 15:51:10,2025-04-16 21:07:44
1863,115,b25aiV,https://hackstack.io/warm/pioneer/1863,Quarterly brief uplink,True,2025-06-20 17:50:58,2025-09-10 21:46:47
1864,169,eVLmZc,https://relay.cloud/quiet/signal/1864,Alert feed journey,False,2025-12-04 06:08:58,2025-12-15 06:29:36
1865,141,bLAcC9,https://relay.cloud/mellow/uplink/1865,Quarterly brief valley,True,2025-03-05 18:46:37,2025-12-25 06:50:59
1866,233,DOP5Wt,https://seeded.app/gold/delta/1866,Roadmap update lagoon,True,2025-01-17 00:17:13,2025-12-03 05:51:45
1867,400,OS709C,https://acme.dev/quiet/field/1867,Campaign page garden,True,2025-09-18 12:16:26,2026-01-13 13:07:04
1868,295,VZVxjv,https://hackstack.io/navy/yard/1868,Status board delta,True,2026-02-19 08:57:58,2026-02-19 09:39:19
1869,357,h8G5TO,https://opswise.net/jade/window/1869,Status board delta,False,2025-06-02 15:16:01,2025-06-27 12:07:49
1870,187,d7Cris,https://seeded.app/keen/field/1870,Launch deck orbit,True,2025-10-18 22:26:13,2025-11-18 19:49:35
1871,329,snpbDL,https://relay.cloud/clear/pioneer/1871,Service guide canyon,True,2026-01-01 22:09:40,2026-02-15 14:24:38
1872,312,AV2Irx,https://example.com/proud/harvest/1872,Campaign page signal,True,2025-09-29 02:40:41,2025-10-06 20:16:56
1873,272,10WGh6,https://seeded.app/dawn/river/1873,Incident notes meadow,True,2025-10-07 17:23:41,2026-01-07 22:45:01
1874,86,uaBI2G,https://seeded.app/ember/trail/1874,Alert feed trail,True,2025-12-20 20:22:21,2026-02-17 01:28:36
1875,358,1Oj4Bb,https://opswise.net/navy/island/1875,Status board journey,True,2025-10-21 21:16:49,2026-02-13 02:54:24
1876,176,t9vHTq,https://example.com/cobalt/journey/1876,Launch deck garden,False,2025-10-06 13:13:03,2026-01-23 16:03:27
1877,53,1b0Y0D,https://hackstack.io/mellow/field/1877,Launch deck trail,False,2025-12-05 17:30:06,2026-01-04 07:08:00
1878,169,6w4R8E,https://seeded.app/mellow/harvest/1878,Incident notes meadow,False,2025-09-18 20:43:56,2026-01-07 10:30:50
1879,83,T6Iz8W,https://hackstack.io/ember/zenith/1879,Incident notes canyon,True,2025-09-10 14:43:53,2026-01-24 06:41:34
1880,370,GjQvwg,https://opswise.net/jade/orbit/1880,Quarterly brief network,True,2025-04-04 14:11:49,2025-10-24 20:04:33
1881,128,Mvn2Cq,https://example.com/vivid/quartz/1881,Launch deck anchor,False,2025-03-05 14:11:42,2026-02-11 00:10:30
1882,227,UBXxAW,https://opswise.net/navy/zenith/1882,Roadmap update field,True,2025-04-25 19:02:36,2025-10-23 13:06:59
1883,307,3hQAfp,https://opswise.net/lively/journey/1883,Ops review canyon,True,2025-06-17 03:38:11,2025-08-21 02:36:02
1884,233,4mOJOa,https://example.com/ember/window/1884,Demo link engine,False,2025-11-26 14:09:48,2025-12-11 18:11:33
1885,199,itx2p8,https://relay.cloud/proud/lagoon/1885,Roadmap update pioneer,True,2025-09-30 23:54:10,2025-10-26 20:30:29
1886,397,oTwO0q,https://opswise.net/amber/uplink/1886,Incident notes pioneer,False,2025-11-02 11:02:55,2026-02-14 14:15:44
1887,137,IBHU9q,https://relay.cloud/tidy/signal/1887,Ops review engine,True,2025-09-28 19:16:32,2025-11-06 04:16:58
1888,367,pLXXeh,https://example.com/urban/signal/1888,Service guide lagoon,True,2025-12-01 10:53:44,2025-12-06 07:37:25
1889,171,1ghjiw,https://relay.cloud/opal/signal/1889,Incident notes garden,False,2025-06-28 08:46:06,2025-11-26 23:57:42
1890,347,j0BhPu,https://example.com/silver/harvest/1890,Campaign page valley,False,2025-08-01 07:11:15,2026-01-10 23:11:33
1891,135,kBOUWx,https://example.com/keen/harvest/1891,Demo link engine,True,2025-01-14 01:54:54,2025-07-08 09:40:27
1892,16,DfPIV4,https://opswise.net/quiet/anchor/1892,Campaign page uplink,True,2025-01-30 17:22:20,2026-01-31 04:16:01
1893,176,4khNoj,https://seeded.app/silver/garden/1893,Quarterly brief signal,True,2025-03-14 15:02:07,2025-04-20 12:07:19
1894,25,rLJ4yH,https://example.com/vivid/kernel/1894,Campaign page field,True,2025-07-29 08:17:06,2025-11-15 04:00:20
1895,56,LWzABU,https://hackstack.io/tidy/kernel/1895,Campaign page river,True,2025-09-01 08:17:04,2025-11-05 23:09:30
1896,218,iMK84p,https://relay.cloud/mellow/delta/1896,Incident notes orbit,True,2025-09-23 13:57:53,2025-09-30 16:47:53
1897,385,sZYzxc,https://seeded.app/clear/pioneer/1897,Demo link valley,True,2025-11-23 21:56:39,2025-12-19 21:13:18
1898,246,GoBLTK,https://opswise.net/harbor/pioneer/1898,Alert feed meadow,True,2025-12-06 03:09:20,2025-12-22 22:57:25
1899,396,Ib2Z4F,https://seeded.app/forest/beacon/1899,Demo link pioneer,True,2026-02-02 08:40:47,2026-02-11 06:09:09
1900,83,uiTVKI,https://seeded.app/opal/network/1900,Service guide pioneer,True,2025-12-23 14:05:57,2025-12-25 01:38:28
1901,74,2VCFq1,https://opswise.net/lively/island/1901,Service guide valley,True,2026-01-14 18:55:37,2026-02-13 20:31:18
1902,350,lLbMwa,https://example.com/harbor/harvest/1902,Campaign page quartz,True,2025-05-28 15:45:43,2025-06-16 06:52:43
1903,173,uE6jGl,https://example.com/cobalt/kernel/1903,Launch deck engine,True,2025-03-01 11:37:51,2025-04-15 22:53:09
1904,2,zeTH96,https://example.com/proud/kernel/1904,Service guide harvest,True,2026-02-18 01:24:42,2026-02-20 20:25:38
1905,69,VfRkmc,https://opswise.net/silver/yard/1905,Status board engine,True,2025-10-06 10:29:37,2025-10-13 04:29:23
1906,361,kMlunI,https://hackstack.io/rapid/river/1906,Launch deck signal,True,2025-12-31 16:44:43,2026-02-01 22:11:31
1907,342,iZXnrm,https://relay.cloud/rapid/signal/1907,Incident notes trail,True,2025-02-13 15:01:02,2025-04-05 15:57:51
1908,336,ro7VOW,https://acme.dev/warm/canyon/1908,Status board delta,True,2025-08-20 14:26:00,2025-09-14 20:49:32
1909,95,xA9Cb7,https://acme.dev/keen/delta/1909,Service guide harvest,True,2025-06-10 21:41:35,2025-12-16 21:16:11
1910,234,1u2i4o,https://hackstack.io/calm/lagoon/1910,Incident notes kernel,True,2025-08-11 21:15:23,2026-01-25 06:32:39
1911,269,MteJNP,https://relay.cloud/mellow/canyon/1911,Campaign page delta,True,2025-11-23 22:01:31,2025-12-12 19:16:04
1912,198,00UUPg,https://opswise.net/young/orbit/1912,Incident notes kernel,True,2025-10-24 00:52:34,2025-11-28 11:18:21
1913,339,jEf39y,https://hackstack.io/ember/signal/1913,Ops review meadow,True,2025-08-02 12:37:21,2025-11-25 07:40:15
1914,68,6d3h43,https://opswise.net/jade/field/1914,Demo link harvest,True,2025-03-12 18:39:58,2025-10-30 12:02:52
1915,253,TZiXks,https://relay.cloud/jade/kernel/1915,Quarterly brief trail,True,2025-02-18 14:29:14,2025-05-04 00:21:04
1916,271,tG6Psq,https://seeded.app/navy/river/1916,Service guide beacon,False,2025-09-03 03:26:00,2025-11-23 23:09:26
1917,344,unSW9A,https://opswise.net/calm/river/1917,Status board kernel,True,2026-01-22 09:36:44,2026-02-04 12:52:08
1918,170,Eahu6B,https://relay.cloud/quiet/anchor/1918,Launch deck beacon,True,2025-07-09 17:57:09,2025-08-25 06:27:12
1919,399,FQhrT9,https://relay.cloud/calm/trail/1919,Incident notes journey,True,2025-04-11 19:19:20,2025-05-22 14:27:07
1920,23,MAompN,https://seeded.app/silver/canyon/1920,Incident notes lagoon,True,2025-05-06 23:22:42,2025-08-05 09:35:49
1921,1,f80zsc,https://example.com/tidy/network/1921,Demo link kernel,False,2025-12-14 23:59:36,2026-02-20 22:07:08
1922,8,rW1OyE,https://relay.cloud/urban/engine/1922,Demo link quartz,True,2026-01-11 05:29:12,2026-02-02 10:14:06
1923,195,kV23BY,https://relay.cloud/warm/engine/1923,Roadmap update meadow,True,2025-01-03 07:45:05,2026-01-29 16:11:31
1924,319,8PWB5X,https://relay.cloud/mellow/harvest/1924,Alert feed island,True,2025-05-29 21:24:11,2026-01-23 10:22:58
1925,348,hagCrN,https://opswise.net/young/island/1925,Launch deck meadow,True,2025-09-14 15:13:05,2025-10-20 21:54:50
1926,91,oesAJ1,https://relay.cloud/brisk/harvest/1926,Launch deck canyon,False,2025-01-14 06:34:00,2025-08-10 20:14:45
1927,148,mk5CPh,https://seeded.app/dawn/garden/1927,Roadmap update kernel,True,2025-02-28 09:39:14,2025-11-04 18:20:09
1928,304,ceRO4p,https://relay.cloud/forest/quartz/1928,Demo link signal,True,2026-01-10 07:28:58,2026-02-17 00:13:04
1929,209,zObpeI,https://relay.cloud/tidy/journey/1929,Ops review beacon,True,2025-04-18 05:46:32,2025-05-14 07:21:10
1930,47,ScC6te,https://opswise.net/young/lagoon/1930,Ops review yard,True,2025-12-12 12:23:24,2026-02-19 13:33:39
1931,250,UMSmlZ,https://hackstack.io/dawn/orbit/1931,Status board trail,True,2025-05-10 08:38:03,2025-12-10 20:09:23
1932,12,eWJtoJ,https://example.com/lively/trail/1932,Alert feed orbit,True,2025-02-28 09:06:47,2025-12-22 22:56:30
1933,230,0tyWCT,https://hackstack.io/harbor/network/1933,Quarterly brief pioneer,False,2026-02-04 22:30:48,2026-02-11 02:53:38
1934,247,hBi2ka,https://example.com/ember/signal/1934,Roadmap update orbit,False,2025-04-22 19:13:32,2025-11-07 02:07:58
1935,2,6CFb7j,https://opswise.net/gold/window/1935,Campaign page quartz,True,2025-03-29 14:37:27,2025-05-13 23:34:19
1936,235,sEh0jD,https://acme.dev/rapid/journey/1936,Launch deck signal,True,2026-01-16 05:29:39,2026-01-23 23:07:25
1937,52,mkv4aI,https://hackstack.io/amber/window/1937,Service guide canyon,True,2025-08-02 18:41:03,2026-01-19 09:36:15
1938,296,XYAW0b,https://seeded.app/silver/quartz/1938,Quarterly brief trail,True,2026-01-09 23:06:10,2026-02-02 16:11:01
1939,257,M7PQpS,https://acme.dev/warm/valley/1939,Demo link engine,True,2025-06-03 22:20:40,2026-01-22 22:59:33
1940,208,Ptp8az,https://hackstack.io/mellow/orbit/1940,Quarterly brief garden,True,2025-05-15 03:22:06,2025-07-09 19:44:39
1941,335,Sm3wvA,https://seeded.app/amber/canyon/1941,Demo link orbit,True,2025-02-11 15:50:14,2025-07-24 02:28:13
1942,275,1tLABU,https://relay.cloud/warm/delta/1942,Status board anchor,True,2025-05-27 15:19:23,2025-08-14 04:29:21
1943,65,XfDnca,https://acme.dev/navy/zenith/1943,Status board harvest,True,2025-08-14 14:49:46,2025-09-27 09:32:38
1944,107,XTZmvf,https://acme.dev/forest/zenith/1944,Incident notes beacon,False,2026-02-15 05:47:11,2026-02-16 18:16:53
1945,371,4Qz6pf,https://acme.dev/dawn/garden/1945,Ops review zenith,True,2025-03-04 07:04:22,2025-08-08 08:31:18
1946,293,Hfm6Xh,https://acme.dev/quiet/delta/1946,Service guide window,True,2025-11-13 01:53:49,2025-11-15 10:38:40
1947,135,iaEztd,https://seeded.app/forest/uplink/1947,Roadmap update delta,True,2026-02-18 04:49:08,2026-02-19 03:24:00
1948,52,j2quCt,https://relay.cloud/urban/lagoon/1948,Demo link trail,True,2026-01-14 07:04:26,2026-02-06 16:40:25
1949,213,4OHYS0,https://opswise.net/urban/uplink/1949,Demo link anchor,True,2025-03-12 09:45:53,2025-07-17 06:05:10
1950,284,0eeOhP,https://opswise.net/harbor/yard/1950,Quarterly brief garden,True,2025-12-18 13:55:27,2026-01-09 00:32:24
1951,145,pV4pbc,https://opswise.net/tidy/network/1951,Service guide beacon,True,2025-07-07 01:45:55,2026-02-01 23:45:18
1952,351,RvF893,https://example.com/lively/lagoon/1952,Incident notes journey,True,2025-07-07 20:52:39,2025-07-27 06:55:38
1953,180,Zd158P,https://relay.cloud/gold/zenith/1953,Campaign page harvest,True,2026-01-29 11:37:35,2026-01-31 15:16:13
1954,36,z0NDCV,https://hackstack.io/ivory/zenith/1954,Launch deck field,False,2025-09-30 15:56:12,2026-02-14 05:31:27
1955,22,MaymjX,https://hackstack.io/lively/trail/1955,Campaign page field,True,2025-08-04 04:01:31,2025-11-30 21:08:55
1956,296,CSJioJ,https://seeded.app/proud/trail/1956,Roadmap update meadow,False,2025-02-08 07:55:36,2025-12-23 08:49:09
1957,294,h0O1ST,https://hackstack.io/harbor/network/1957,Demo link uplink,False,2025-06-29 02:16:37,2025-07-17 22:52:31
1958,70,HbjHPx,https://example.com/jade/network/1958,Incident notes pioneer,True,2025-03-01 08:45:06,2025-03-28 23:53:59
1959,90,1aJRFH,https://acme.dev/ember/valley/1959,Demo link lagoon,True,2025-01-08 05:14:31,2025-10-31 23:29:47
1960,165,lSJccv,https://seeded.app/urban/lagoon/1960,Launch deck quartz,True,2026-01-25 04:47:10,2026-02-18 23:20:28
1961,274,bm6nE6,https://example.com/ember/anchor/1961,Alert feed journey,False,2026-02-06 21:54:51,2026-02-12 10:57:20
1962,272,PtbK2c,https://relay.cloud/vivid/engine/1962,Launch deck canyon,True,2025-10-10 20:38:18,2025-11-20 03:31:21
1963,296,2RuWE5,https://example.com/proud/garden/1963,Launch deck lagoon,True,2025-07-24 17:33:59,2025-09-15 00:30:41
1964,127,2TxXqD,https://hackstack.io/proud/delta/1964,Ops review canyon,True,2025-11-23 14:10:08,2025-12-08 03:53:47
1965,90,0pgCzC,https://acme.dev/ivory/orbit/1965,Incident notes engine,True,2025-02-02 10:25:14,2025-06-12 03:36:06
1966,68,kLNKAV,https://seeded.app/jade/yard/1966,Status board network,True,2025-12-26 02:00:16,2026-01-11 10:32:18
1967,163,EpW4Vl,https://example.com/young/river/1967,Alert feed garden,True,2025-03-11 22:29:48,2025-11-22 20:11:24
1968,218,8aAeHd,https://relay.cloud/navy/quartz/1968,Campaign page orbit,True,2026-01-31 01:05:12,2026-02-12 05:14:34
1969,152,X3K1Dn,https://seeded.app/rapid/journey/1969,Campaign page quartz,True,2026-02-18 12:01:06,2026-02-20 03:38:20
1970,216,In9bXE,https://acme.dev/amber/delta/1970,Ops review engine,True,2025-04-25 03:28:59,2025-08-17 20:06:05
1971,26,X1J1nW,https://example.com/navy/meadow/1971,Ops review anchor,True,2025-06-13 09:03:37,2026-02-05 20:10:22
1972,187,P3dc8i,https://opswise.net/quiet/uplink/1972,Alert feed canyon,True,2025-06-14 02:19:23,2025-07-15 22:47:50
1973,253,89wjuI,https://acme.dev/urban/kernel/1973,Demo link journey,False,2025-03-04 14:49:34,2025-03-06 19:56:21
1974,350,63zaRx,https://example.com/brisk/canyon/1974,Alert feed zenith,True,2025-07-03 18:50:09,2025-10-22 18:41:20
1975,36,1qdQIa,https://example.com/jade/harvest/1975,Campaign page window,True,2026-01-01 17:30:38,2026-01-31 22:41:18
1976,229,oO5ws9,https://opswise.net/ivory/orbit/1976,Roadmap update engine,True,2025-08-30 16:08:09,2025-09-04 17:38:19
1977,400,8yEdyj,https://seeded.app/opal/river/1977,Launch deck kernel,True,2025-03-13 22:44:43,2025-08-04 00:05:55
1978,87,rSPQYw,https://seeded.app/young/journey/1978,Launch deck yard,True,2025-03-14 01:08:09,2025-12-27 00:39:32
1979,12,mfynph,https://hackstack.io/silver/yard/1979,Service guide uplink,True,2025-07-10 09:55:55,2025-09-08 03:40:47
1980,211,68uRKp,https://acme.dev/clear/journey/1980,Status board valley,True,2026-01-23 22:20:40,2026-01-24 07:19:30
1981,194,sS3WrC,https://acme.dev/forest/signal/1981,Launch deck yard,True,2026-01-19 21:26:28,2026-01-29 16:08:09
1982,282,rgtBmE,https://relay.cloud/gold/beacon/1982,Campaign page signal,True,2025-06-25 07:08:49,2025-11-28 03:31:10
1983,344,AwJwBr,https://relay.cloud/mellow/window/1983,Roadmap update canyon,True,2025-10-20 20:42:47,2026-02-16 18:51:21
1984,355,XieOrS,https://opswise.net/clear/kernel/1984,Ops review lagoon,True,2025-09-26 19:48:23,2025-11-07 07:40:12
1985,354,nyhmCl,https://seeded.app/urban/window/1985,Launch deck field,True,2025-08-03 14:08:56,2025-11-22 11:16:01
1986,42,UJ3YeF,https://seeded.app/young/pioneer/1986,Demo link quartz,False,2025-12-16 11:46:43,2025-12-26 12:28:32
1987,346,kCJCUB,https://opswise.net/gold/river/1987,Ops review river,True,2025-07-28 07:03:20,2025-08-08 08:21:21
1988,22,1oMga0,https://example.com/silver/uplink/1988,Campaign page garden,True,2026-01-16 20:08:30,2026-01-26 11:54:39
1989,193,TpF7i1,https://hackstack.io/proud/signal/1989,Quarterly brief quartz,True,2025-02-28 14:48:15,2025-04-20 12:59:17
1990,398,aNVBpX,https://opswise.net/proud/harvest/1990,Service guide kernel,True,2025-02-18 15:43:23,2025-12-27 07:17:31
1991,386,6lkf5p,https://example.com/vivid/beacon/1991,Service guide delta,False,2025-03-09 10:46:08,2025-04-06 16:01:16
1992,7,HvG3RM,https://acme.dev/rapid/quartz/1992,Alert feed quartz,False,2025-06-18 17:16:34,2025-12-27 19:36:35
1993,137,iUjdf1,https://example.com/clear/lagoon/1993,Launch deck delta,True,2025-12-05 22:15:09,2026-01-12 07:48:51
1994,205,7LhNF8,https://hackstack.io/amber/field/1994,Launch deck valley,True,2025-11-16 16:20:47,2026-02-06 09:03:23
1995,320,cwGJ4K,https://seeded.app/amber/harvest/1995,Service guide trail,True,2025-07-23 05:52:38,2025-10-01 00:17:11
1996,218,TvRbDh,https://hackstack.io/proud/valley/1996,Ops review field,True,2025-01-01 20:55:36,2025-06-22 08:58:36
1997,182,4eWv27,https://acme.dev/vivid/canyon/1997,Ops review signal,True,2025-01-03 23:10:48,2025-02-06 12:15:28
1998,396,cVpFKy,https://opswise.net/jade/trail/1998,Demo link river,True,2026-02-03 12:59:47,2026-02-09 23:15:28
1999,298,05zEmT,https://seeded.app/vivid/pioneer/1999,Demo link trail,True,2025-05-02 20:44:57,2025-08-13 02:04:50
2000,185,Q3OVV6,https://acme.dev/rapid/beacon/2000,Launch deck yard,True,2026-01-31 01:09:28,2026-02-01 09:43:15
